name,authors,publishingAuthor,authorTeam,rank,url,family,genus,species,citationType,distribution,hybrid,hybridGenus,inPowo,linkedPublication,publication,publicationYear,publicationYearNote,referenceCollation,publicationId,recordType,reference,suppressed,topCopy,version,id,fqId,wfoId,hasNomenclaturalNotes,hasExternalLinks,hasTypeData,hasOriginalData,hasLinks,bhlLink,pageAsText,referenceRemarks,infraspecies,speciesAuthor,collectionNumber,collectorTeam,typeLocations,remarks,collectionDate1,locality,typeCoordinates,nameStatus,nameStatusType,typeRemarks,originalTaxonDistribution,typeNote,originalRemarks
Anchusa_dasyantha,Cham.,Cham.,,spec.,/n/12533-2,Boraginaceae,Anchusa,dasyantha,tax. nov.,Brazil (Southern America),FALSE,FALSE,TRUE,,Linnaea,1829,post Oct 1829,4(4): 437 (-438),703-2,citation,Linnaea 4(4): 437 (-438). 1829 [post Oct 1829] ,FALSE,TRUE,1.2.2.1.1.1,12533-2,urn:lsid:ipni.org:names:12533-2,wfo-0000533597,FALSE,TRUE,TRUE,FALSE,FALSE,http://www.biodiversitylibrary.org/openurl?ctx_ver=Z39.88-2004&rft.date=1829&rft.issue=4&rft.spage=437&rft.volume=4&rft_id=http://www.biodiversitylibrary.org/bibliography/626&rft_val_fmt=info:ofi/fmt:kev:mtx:book&url_ver=z39.88-2004,NA,NA,NA,NA,NA,NA,NA,NA,NA,NA,,NA,NA,NA,NA,NA,NA
Auxemma_glazioviana,Taub.,Taub.,,spec.,/n/27173-2,Boraginaceae,Auxemma,glazioviana,tax. nov.,Brazil (Southern America),FALSE,FALSE,TRUE,,Bot. Jahrb. Syst.,1892,5 Apr 1892,"15(2, Beibl. 34): 11",553-2,citation,"Bot. Jahrb. Syst. 15(2, Beibl. 34): 11. 1892 [5 Apr 1892] ",FALSE,TRUE,1.3,27173-2,urn:lsid:ipni.org:names:27173-2,wfo-0000557393,FALSE,TRUE,TRUE,FALSE,FALSE,NA,NA,NA,NA,NA,NA,NA,NA,NA,NA,NA,,NA,NA,NA,NA,NA,NA
Cordia_acutifolia,Fresen.,Fresen.,,spec.,/n/274882-2,Boraginaceae,Cordia,acutifolia,tax. nov.,Brazil (Southern America),FALSE,FALSE,TRUE,,Fl. Bras. (Martius),1857,28 Feb 1857,8(1): 11 (-12),629-2,citation,Fl. Bras. (Martius) 8(1): 11 (-12). 1857 [28 Feb 1857] ,FALSE,TRUE,1.9,274882-2,urn:lsid:ipni.org:names:274882-2,wfo-0000620221,FALSE,TRUE,TRUE,FALSE,FALSE,http://www.biodiversitylibrary.org/openurl?ctx_ver=Z39.88-2004&rft_id=http://www.biodiversitylibrary.org/page/146271&rft_val_fmt=info:ofi/fmt:kev:mtx:book&url_ver=z39.88-2004,146271,NA,NA,NA,NA,NA,NA,NA,NA,NA,,NA,NA,NA,NA,NA,NA
Cordia_amplifolia,Mez,Mez,,spec.,/n/294945-2,Boraginaceae,Cordia,amplifolia,tax. nov.,Brazil (Southern America),FALSE,FALSE,FALSE,,Bot. Jahrb. Syst.,1890,23 Dec 1890,12(5): 538,553-2,citation,Bot. Jahrb. Syst. 12(5): 538. 1890 [23 Dec 1890] ,FALSE,TRUE,1.3,294945-2,urn:lsid:ipni.org:names:294945-2,NA,FALSE,FALSE,TRUE,FALSE,FALSE,http://www.biodiversitylibrary.org/openurl?ctx_ver=Z39.88-2004&rft.date=1890&rft.issue=5&rft.spage=538&rft.volume=12&rft_id=http://www.biodiversitylibrary.org/bibliography/60&rft_val_fmt=info:ofi/fmt:kev:mtx:book&url_ver=z39.88-2004,NA,NA,NA,NA,NA,NA,NA,NA,NA,NA,,NA,NA,NA,NA,NA,NA
Cordia_araripensis,Rizzini,Rizzini,,spec.,/n/65191-2,Boraginaceae,Cordia,araripensis,tax. nov.,Brazil (Southern America),FALSE,FALSE,TRUE,,Rodriguésia,1976,NA,no. 41: 180,1167-2,citation,Rodriguésia no. 41: 180. 1976 ,FALSE,TRUE,1.2,65191-2,urn:lsid:ipni.org:names:65191-2,wfo-0000620249,FALSE,TRUE,TRUE,FALSE,FALSE,NA,NA,NA,NA,NA,138,Sobrinho,holotype RB,NA,NA,NA,,NA,NA,NA,NA,NA,NA
Cordia_asperrima,Spreng.,Spreng.,,spec.,/n/274887-2,Boraginaceae,Cordia,asperrima,tax. nov.,Brazil (Southern America),FALSE,FALSE,TRUE,,"Syst. Veg., ed. 16 [Sprengel]",1824,dated 1825; publ. in late 1824,1: 649,14620-2,citation,"Syst. Veg., ed. 16 [Sprengel] 1: 649. 1824 [dated 1825; publ. in late 1824] ",FALSE,TRUE,1.1.2.1.1.3,274887-2,urn:lsid:ipni.org:names:274887-2,wfo-0000620255,FALSE,TRUE,TRUE,FALSE,FALSE,http://www.biodiversitylibrary.org/openurl?ctx_ver=Z39.88-2004&rft.date=1824&rft.spage=649&rft.volume=1&rft_id=http://www.biodiversitylibrary.org/bibliography/822&rft_val_fmt=info:ofi/fmt:kev:mtx:book&url_ver=z39.88-2004,NA,NA,NA,NA,1494,F.Sellow,holotype B,NA,NA,NA,,NA,NA,NA,NA,NA,NA
Cordia_asterophora,Fresen.,Fresen.,,spec.,/n/274888-2,Boraginaceae,Cordia,asterophora,tax. nov.,Brazil (Southern America),FALSE,FALSE,TRUE,,Fl. Bras. (Martius),1857,28 Feb 1857,8(1): 5 (-6),629-2,citation,Fl. Bras. (Martius) 8(1): 5 (-6). 1857 [28 Feb 1857] ,FALSE,TRUE,1.8,274888-2,urn:lsid:ipni.org:names:274888-2,wfo-0000620257,FALSE,TRUE,TRUE,FALSE,FALSE,http://www.biodiversitylibrary.org/openurl?ctx_ver=Z39.88-2004&rft_id=http://www.biodiversitylibrary.org/page/146268&rft_val_fmt=info:ofi/fmt:kev:mtx:book&url_ver=z39.88-2004,146268,NA,NA,NA,NA,NA,NA,NA,NA,NA,,NA,NA,NA,NA,NA,NA
Cordia_atrofusca,Taub.,Taub.,,spec.,/n/274890-2,Boraginaceae,Cordia,atrofusca,tax. nov.,Brazil (Southern America),FALSE,FALSE,TRUE,,Bot. Jahrb. Syst.,1893,24 Feb 1893,"15(5, Beibl. 38): 12",553-2,citation,"Bot. Jahrb. Syst. 15(5, Beibl. 38): 12. 1893 [24 Feb 1893] ",FALSE,TRUE,1.5,274890-2,urn:lsid:ipni.org:names:274890-2,wfo-0000620259,FALSE,TRUE,TRUE,FALSE,FALSE,NA,NA,NA,NA,NA,NA,NA,NA,NA,NA,NA,,NA,NA,NA,NA,NA,NA
Cordia_bahiensis,DC.,DC.,,spec.,/n/274893-2,Boraginaceae,Cordia,bahiensis,tax. nov.,"Bahia (Brazil, Southern America)",FALSE,FALSE,TRUE,,Prodr. [A. P. de Candolle],1845,1 Jan 1845,9: 489,1051-2,citation,Prodr. [A. P. de Candolle] 9: 489. 1845 [1 Jan 1845] ,FALSE,TRUE,1.5,274893-2,urn:lsid:ipni.org:names:274893-2,wfo-0000620267,FALSE,TRUE,TRUE,FALSE,FALSE,http://www.biodiversitylibrary.org/openurl?ctx_ver=Z39.88-2004&rft_id=http://www.biodiversitylibrary.org/page/162856&rft_val_fmt=info:ofi/fmt:kev:mtx:book&url_ver=z39.88-2004,162856,NA,NA,NA,NA,NA,NA,NA,NA,NA,,NA,NA,NA,NA,NA,NA
Cordia_braceliniae,I.M.Johnst.,I.M.Johnst.,,spec.,/n/274902-2,Boraginaceae,Cordia,braceliniae,tax. nov.,"Minas Gerais (Brazil, Southern America)",FALSE,FALSE,TRUE,,J. Arnold Arbor.,1935,NA,16: 177,981-2,citation,J. Arnold Arbor. 16: 177. 1935 ,FALSE,TRUE,1.5,274902-2,urn:lsid:ipni.org:names:274902-2,wfo-0000620297,FALSE,TRUE,TRUE,FALSE,FALSE,http://www.biodiversitylibrary.org/openurl?ctx_ver=Z39.88-2004&rft.date=1935&rft.spage=177&rft.volume=16&rft_id=http://www.biodiversitylibrary.org/bibliography/480&rft_val_fmt=info:ofi/fmt:kev:mtx:book&url_ver=z39.88-2004,NA,NA,NA,NA,NA,NA,NA,NA,NA,NA,,NA,NA,NA,NA,NA,NA
Cordia_brachypoda,DC.,DC.,,spec.,/n/274903-2,Boraginaceae,Cordia,brachypoda,tax. nov.,Brazil (Southern America),FALSE,FALSE,TRUE,,Prodr. [A. P. de Candolle],1845,1 Jan 1845,9: 487,1051-2,citation,Prodr. [A. P. de Candolle] 9: 487. 1845 [1 Jan 1845] ,FALSE,TRUE,1.7,274903-2,urn:lsid:ipni.org:names:274903-2,wfo-0000620299,FALSE,TRUE,TRUE,FALSE,FALSE,http://www.biodiversitylibrary.org/openurl?ctx_ver=Z39.88-2004&rft_id=http://www.biodiversitylibrary.org/page/162854&rft_val_fmt=info:ofi/fmt:kev:mtx:book&url_ver=z39.88-2004,162854,NA,NA,NA,NA,NA,NA,NA,NA,NA,,NA,NA,NA,NA,NA,NA
Cordia_calocephala,Cham.,Cham.,,spec.,/n/65230-2,Boraginaceae,Cordia,calocephala,tax. nov.,Brazil (Southern America),FALSE,FALSE,TRUE,,Linnaea,1829,post Oct 1829,4(4): 488 (-489),703-2,citation,Linnaea 4(4): 488 (-489). 1829 [post Oct 1829] ,FALSE,TRUE,1.2.2.1.1.1,65230-2,urn:lsid:ipni.org:names:65230-2,wfo-0000620324,FALSE,TRUE,TRUE,FALSE,FALSE,http://www.biodiversitylibrary.org/openurl?ctx_ver=Z39.88-2004&rft.date=1829&rft.issue=4&rft.spage=488&rft.volume=4&rft_id=http://www.biodiversitylibrary.org/bibliography/626&rft_val_fmt=info:ofi/fmt:kev:mtx:book&url_ver=z39.88-2004,NA,NA,NA,NA,NA,NA,NA,NA,NA,NA,,NA,NA,NA,NA,NA,NA
Cordia_caput-medusae,Taub.,Taub.,,spec.,/n/65234-2,Boraginaceae,Cordia,caput-medusae,tax. nov.,Brazil (Southern America),FALSE,FALSE,TRUE,,Bot. Jahrb. Syst.,1893,24 Feb 1893,"15(5, Beibl. 38): 15",553-2,citation,"Bot. Jahrb. Syst. 15(5, Beibl. 38): 15. 1893 [24 Feb 1893] ",FALSE,TRUE,1.4,65234-2,urn:lsid:ipni.org:names:65234-2,wfo-0000620336,FALSE,TRUE,TRUE,FALSE,FALSE,NA,NA,NA,NA,NA,NA,NA,NA,NA,NA,NA,,NA,NA,NA,NA,NA,NA
Cordia_corchorifolia,A.DC.,A.DC.,,spec.,/n/274919-2,Boraginaceae,Cordia,corchorifolia,tax. nov.,Brazil (Southern America),FALSE,FALSE,FALSE,,Prodr. [A. P. de Candolle],1845,1 Jan 1845,9: 496,1051-2,citation,Prodr. [A. P. de Candolle] 9: 496. 1845 [1 Jan 1845] ,FALSE,TRUE,1.8,274919-2,urn:lsid:ipni.org:names:274919-2,wfo-0000620373,FALSE,TRUE,TRUE,FALSE,FALSE,http://www.biodiversitylibrary.org/openurl?ctx_ver=Z39.88-2004&rft_id=http://www.biodiversitylibrary.org/page/162863&rft_val_fmt=info:ofi/fmt:kev:mtx:book&url_ver=z39.88-2004,162863,NA,NA,NA,NA,NA,NA,NA,NA,NA,,NA,NA,NA,NA,NA,NA
Cordia_crenatifolia,Rizzini,Rizzini,,spec.,/n/65273-2,Boraginaceae,Cordia,crenatifolia,tax. nov.,"Bahia (Brazil, Southern America)",FALSE,FALSE,TRUE,,Leandra,1974,NA,no. 4-5: 12,2466-2,citation,Leandra no. 4-5: 12. 1974 ,FALSE,TRUE,1.2,65273-2,urn:lsid:ipni.org:names:65273-2,wfo-0000620394,FALSE,TRUE,TRUE,FALSE,FALSE,NA,NA,NA,NA,NA,13112,Lima,holotype RB,NA,NA,NA,,NA,NA,NA,NA,NA,NA
Cordia_cujabensis,Silva Manso & Lhotsky ex Cham.,Silva Manso & Lhotsky ex Cham.,,spec.,/n/65276-2,Boraginaceae,Cordia,cujabensis,tax. nov.,"Mato Grosso (Brazil, Southern America)",FALSE,FALSE,TRUE,,Linnaea,1833,early 1833,8(2): 121,703-2,citation,Linnaea 8(2): 121. 1833 [early 1833] ,FALSE,TRUE,1.1.1.2.2.1.1.1,65276-2,urn:lsid:ipni.org:names:65276-2,wfo-0000620398,FALSE,TRUE,TRUE,FALSE,FALSE,http://www.biodiversitylibrary.org/openurl?ctx_ver=Z39.88-2004&rft.date=1833&rft.issue=2&rft.spage=121&rft.volume=8&rft_id=http://www.biodiversitylibrary.org/bibliography/626&rft_val_fmt=info:ofi/fmt:kev:mtx:book&url_ver=z39.88-2004,NA,NA,NA,NA,NA,NA,NA,NA,NA,NA,,NA,NA,NA,NA,NA,NA
Cordia_dardani,Taroda,Taroda,,spec.,/n/274927-2,Boraginaceae,Cordia,dardani,tax. nov.,Brazil (Southern America),FALSE,FALSE,TRUE,,Notes Roy. Bot. Gard. Edinburgh,1986,NA,44(1): 111,758-2,citation,Notes Roy. Bot. Gard. Edinburgh 44(1): 111. 1986 ,FALSE,TRUE,1.3.2.1,274927-2,urn:lsid:ipni.org:names:274927-2,NA,FALSE,TRUE,TRUE,FALSE,FALSE,http://www.biodiversitylibrary.org/openurl?ctx_ver=Z39.88-2004&rft.date=1986&rft.issue=1&rft.spage=111&rft.volume=44&rft_id=http://www.biodiversitylibrary.org/bibliography/43948&rft_val_fmt=info:ofi/fmt:kev:mtx:book&url_ver=z39.88-2004,NA,NA,NA,NA,862,E.P.Heringer et al.,holotype UB,"Eponymy: Dárdano de Andrade-Lima [The honoree's name Dardano seems to have been implicitly Latinized to Dardanus, and therefore, the published epithet dardani is accepted here]",NA,NA,,NA,NA,NA,NA,NA,NA
Cordia_decipiens,I.M.Johnst.,I.M.Johnst.,,spec.,/n/274928-2,Boraginaceae,Cordia,decipiens,tax. nov.,Brazil (Southern America),FALSE,FALSE,TRUE,,J. Arnold Arbor.,1937,NA,18: 11,981-2,citation,J. Arnold Arbor. 18: 11. 1937 ,FALSE,TRUE,1.5,274928-2,urn:lsid:ipni.org:names:274928-2,wfo-0000620412,FALSE,TRUE,TRUE,FALSE,FALSE,http://www.biodiversitylibrary.org/openurl?ctx_ver=Z39.88-2004&rft.date=1937&rft.spage=11&rft.volume=18&rft_id=http://www.biodiversitylibrary.org/bibliography/480&rft_val_fmt=info:ofi/fmt:kev:mtx:book&url_ver=z39.88-2004,NA,NA,NA,NA,NA,NA,NA,NA,NA,NA,,NA,NA,NA,NA,NA,NA
Cordia_diospyrifolia,Cham.,Cham.,,spec.,/n/65285-2,Boraginaceae,Cordia,diospyrifolia,tax. nov.,Brazil (Southern America),FALSE,FALSE,TRUE,,Linnaea,1829,post Oct 1829,4(4): 477 (-478),703-2,citation,Linnaea 4(4): 477 (-478). 1829 [post Oct 1829] ,FALSE,TRUE,1.2.2.1.1.1,65285-2,urn:lsid:ipni.org:names:65285-2,wfo-0000620423,FALSE,TRUE,TRUE,FALSE,FALSE,http://www.biodiversitylibrary.org/openurl?ctx_ver=Z39.88-2004&rft.date=1829&rft.issue=4&rft.spage=477&rft.volume=4&rft_id=http://www.biodiversitylibrary.org/bibliography/626&rft_val_fmt=info:ofi/fmt:kev:mtx:book&url_ver=z39.88-2004,NA,NA,NA,NA,NA,NA,NA,NA,NA,NA,,NA,NA,NA,NA,NA,NA
Cordia_discolor,Cham.,Cham.,,spec.,/n/274930-2,Boraginaceae,Cordia,discolor,tax. nov.,Brazil (Southern America),FALSE,FALSE,TRUE,,Linnaea,1829,post Oct 1829,4(4): 482 (-483),703-2,citation,Linnaea 4(4): 482 (-483). 1829 [post Oct 1829] ,FALSE,TRUE,1.3.2.1.1.2,274930-2,urn:lsid:ipni.org:names:274930-2,wfo-0000620424,FALSE,TRUE,TRUE,FALSE,FALSE,http://www.biodiversitylibrary.org/openurl?ctx_ver=Z39.88-2004&rft.date=1829&rft.issue=4&rft.spage=482&rft.volume=4&rft_id=http://www.biodiversitylibrary.org/bibliography/626&rft_val_fmt=info:ofi/fmt:kev:mtx:book&url_ver=z39.88-2004,NA,NA,NA,NA,NA,NA,NA,NA,NA,NA,,NA,NA,NA,NA,NA,NA
Cordia_estrellensis,Glaz.,Glaz.,,spec.,/n/65301-2,Boraginaceae,Cordia,estrellensis,tax. nov.,Brazil (Southern America),FALSE,FALSE,TRUE,,Bull. Soc. Bot. France,1910,NA,57(Mém. 3e): 476,578-2,citation,Bull. Soc. Bot. France 57(Mém. 3e): 476. 1910 ,FALSE,TRUE,1.4,65301-2,urn:lsid:ipni.org:names:65301-2,wfo-0000620455,FALSE,TRUE,TRUE,FALSE,FALSE,NA,NA,NA,NA,NA,NA,NA,NA,NA,NA,NA,,NA,NA,NA,NA,NA,NA
Cordia_excelsa,A.DC.,A.DC.,,spec.,/n/274937-2,Boraginaceae,Cordia,excelsa,tax. nov.,Brazil (Southern America),FALSE,FALSE,TRUE,,Prodr. [A. P. de Candolle],1845,1 Jan 1845,9: 473,1051-2,citation,Prodr. [A. P. de Candolle] 9: 473. 1845 [1 Jan 1845] ,FALSE,TRUE,1.8,274937-2,urn:lsid:ipni.org:names:274937-2,wfo-0000620460,FALSE,TRUE,TRUE,FALSE,FALSE,http://www.biodiversitylibrary.org/openurl?ctx_ver=Z39.88-2004&rft_id=http://www.biodiversitylibrary.org/page/162840&rft_val_fmt=info:ofi/fmt:kev:mtx:book&url_ver=z39.88-2004,162840,NA,NA,NA,NA,NA,NA,NA,NA,NA,,NA,NA,NA,NA,NA,NA
Cordia_fusca,M.Stapf,M.Stapf,,spec.,/n/77134697-1,Boraginaceae,Cordia,fusca,tax. nov.,"Minas Gerais (Brazil Southeast, Brazil, Southern America)",FALSE,FALSE,TRUE,,Brittonia,2013,1 Jun 2013,65(2): 191,561-2,citation,Brittonia 65(2): 191. 2013 [1 Jun 2013] ,FALSE,TRUE,1.1,77134697-1,urn:lsid:ipni.org:names:77134697-1,wfo-0001318755,FALSE,TRUE,TRUE,FALSE,FALSE,NA,NA,NA,NA,NA,353,G.S.França,holotype BHCB,doi:10.1007/s12228-012-9268-7,5 Jun 2003,"Córrego Novo, Lagoa Zé de Brito, 548 m",,NA,NA,NA,NA,NA,NA
Cordia_gardneri,I.M.Johnst.,I.M.Johnst.,,spec.,/n/65319-2,Boraginaceae,Cordia,gardneri,tax. nov.,"Minas Gerais (Brazil, Southern America)",FALSE,FALSE,TRUE,,Contr. Gray Herb.,1930,NA,92: 51,896-2,citation,Contr. Gray Herb. 92: 51. 1930 ,FALSE,TRUE,1.3,65319-2,urn:lsid:ipni.org:names:65319-2,wfo-0000620496,FALSE,TRUE,TRUE,FALSE,FALSE,http://www.biodiversitylibrary.org/openurl?ctx_ver=Z39.88-2004&rft.date=1930&rft.spage=51&rft.volume=92&rft_id=http://www.biodiversitylibrary.org/bibliography/59986&rft_val_fmt=info:ofi/fmt:kev:mtx:book&url_ver=z39.88-2004,NA,NA,NA,NA,NA,NA,NA,NA,NA,NA,,NA,NA,NA,NA,NA,NA
Cordia_glabrata,A.DC.,A.DC.,,spec.,/n/274946-2,Boraginaceae,Cordia,glabrata,tax. nov.,Brazil (Southern America),FALSE,FALSE,TRUE,,Prodr. [A. P. de Candolle],1845,1 Jan 1845,9: 473,1051-2,citation,Prodr. [A. P. de Candolle] 9: 473. 1845 [1 Jan 1845] ,FALSE,TRUE,1.8,274946-2,urn:lsid:ipni.org:names:274946-2,wfo-0000620513,FALSE,TRUE,TRUE,FALSE,FALSE,http://www.biodiversitylibrary.org/openurl?ctx_ver=Z39.88-2004&rft_id=http://www.biodiversitylibrary.org/page/162840&rft_val_fmt=info:ofi/fmt:kev:mtx:book&url_ver=z39.88-2004,162840,NA,NA,NA,NA,NA,NA,NA,NA,NA,,NA,NA,NA,NA,NA,NA
Cordia_glabrifolia,M.Stapf,M.Stapf,,spec.,/n/77134698-1,Boraginaceae,Cordia,glabrifolia,tax. nov.,"Bahia (Brazil Northeast, Brazil, Southern America);Espírito Santo (Brazil Southeast, Brazil, Southern America);",FALSE,FALSE,TRUE,,Brittonia,2013,1 Jun 2013,65(2): 193,561-2,citation,Brittonia 65(2): 193. 2013 [1 Jun 2013] ,FALSE,TRUE,1.1,77134698-1,urn:lsid:ipni.org:names:77134698-1,wfo-0001319171,FALSE,TRUE,TRUE,FALSE,FALSE,NA,NA,NA,NA,NA,329,"M.N.S.Stapf, T.Silva &amp; E.Smidt",holotype HUEFS;isotype CEPEC;isotype NY,doi:10.1007/s12228-012-9268-7,22 Oct 2004,"Bahia: Itacaré, Estrada Ilheús-Itacaré, 107 m",,NA,NA,NA,NA,NA,NA
Cordia_glandulosa,Fresen.,Fresen.,,spec.,/n/274947-2,Boraginaceae,Cordia,glandulosa,tax. nov.,Brazil (Southern America),FALSE,FALSE,TRUE,,Fl. Bras. (Martius),1857,28 Feb 1857,8(1): 19,629-2,citation,Fl. Bras. (Martius) 8(1): 19. 1857 [28 Feb 1857] ,FALSE,TRUE,1.9,274947-2,urn:lsid:ipni.org:names:274947-2,wfo-0000620518,FALSE,TRUE,TRUE,FALSE,FALSE,http://www.biodiversitylibrary.org/openurl?ctx_ver=Z39.88-2004&rft_id=http://www.biodiversitylibrary.org/page/146275&rft_val_fmt=info:ofi/fmt:kev:mtx:book&url_ver=z39.88-2004,146275,NA,NA,NA,NA,NA,NA,NA,NA,NA,,NA,NA,NA,NA,NA,NA
Cordia_goeldiana,Huber,Huber,,spec.,/n/65339-2,Boraginaceae,Cordia,goeldiana,tax. nov.,Brazil (Southern America),FALSE,FALSE,TRUE,,Bol. Mus. Goeldi Hist. Nat. Ethnogr.,1910,NA,6: 89,4221-2,citation,Bol. Mus. Goeldi Hist. Nat. Ethnogr. 6: 89. 1910 ,FALSE,TRUE,1.4,65339-2,urn:lsid:ipni.org:names:65339-2,NA,FALSE,TRUE,TRUE,FALSE,FALSE,NA,NA,NA,NA,NA,NA,NA,NA,NA,NA,NA,,NA,NA,NA,NA,NA,NA
Cordia_grandifolia,A.DC.,A.DC.,,spec.,/n/274951-2,Boraginaceae,Cordia,grandifolia,tax. nov.,Brazil (Southern America),FALSE,FALSE,TRUE,,Prodr. [A. P. de Candolle],1845,1 Jan 1845,9: 475,1051-2,citation,Prodr. [A. P. de Candolle] 9: 475. 1845 [1 Jan 1845] ,FALSE,TRUE,1.9,274951-2,urn:lsid:ipni.org:names:274951-2,wfo-0000620537,FALSE,TRUE,TRUE,FALSE,FALSE,http://www.biodiversitylibrary.org/openurl?ctx_ver=Z39.88-2004&rft_id=http://www.biodiversitylibrary.org/page/162842&rft_val_fmt=info:ofi/fmt:kev:mtx:book&url_ver=z39.88-2004,162842,NA,NA,NA,NA,NA,NA,NA,NA,NA,,NA,NA,NA,NA,NA,NA
Cordia_grandis,Cham.,Cham.,,spec.,/n/114195-1,Boraginaceae,Cordia,grandis,tax. nov.,Brazil (Southern America),FALSE,FALSE,TRUE,,Linnaea,1829,post Oct 1829,4(4): 473,703-2,citation,Linnaea 4(4): 473. 1829 [post Oct 1829] ,FALSE,TRUE,1.7,114195-1,urn:lsid:ipni.org:names:114195-1,wfo-0000620539,TRUE,TRUE,TRUE,FALSE,FALSE,http://www.biodiversitylibrary.org/openurl?ctx_ver=Z39.88-2004&rft.date=1829&rft.issue=4&rft.spage=473&rft.volume=4&rft_id=http://www.biodiversitylibrary.org/bibliography/626&rft_val_fmt=info:ofi/fmt:kev:mtx:book&url_ver=z39.88-2004,NA,NA,NA,NA,NA,NA,NA,NA,NA,NA,,nom. illeg. later homonym,nom. illeg.,Collection: 'misit Sellowius',NA,NA,NA
Cordia_harleyi,Taroda,Taroda,,spec.,/n/274958-2,Boraginaceae,Cordia,harleyi,tax. nov.,Brazil (Southern America),FALSE,FALSE,TRUE,,Notes Roy. Bot. Gard. Edinburgh,1986,NA,44: 128,758-2,citation,Notes Roy. Bot. Gard. Edinburgh 44: 128. 1986 ,FALSE,TRUE,1.4,274958-2,urn:lsid:ipni.org:names:274958-2,wfo-0000620561,FALSE,TRUE,TRUE,FALSE,FALSE,http://www.biodiversitylibrary.org/openurl?ctx_ver=Z39.88-2004&rft.date=1986&rft.spage=128&rft.volume=44&rft_id=http://www.biodiversitylibrary.org/bibliography/43948&rft_val_fmt=info:ofi/fmt:kev:mtx:book&url_ver=z39.88-2004,NA,NA,NA,NA,19312,Harley et al,holotype CEPEC,NA,NA,NA,,NA,NA,NA,NA,NA,NA
Cordia_hatschbachii,J.S.Mill.,J.S.Mill.,,spec.,/n/322120-2,Boraginaceae,Cordia,hatschbachii,tax. nov.,"Mun. Linhares, Reserva Flora da Sooretama, Rod. BR-101, Espirito Santo (Brazil, Southern America)",FALSE,FALSE,TRUE,,Novon,2001,7 Dec 2001,11(4): 425 (-428; fig. 3),14256-2,citation,Novon 11(4): 425 (-428; fig. 3). 2001 [7 Dec 2001] ,FALSE,TRUE,1.4,322120-2,urn:lsid:ipni.org:names:322120-2,wfo-0000620566,FALSE,TRUE,TRUE,FALSE,FALSE,http://www.biodiversitylibrary.org/openurl?ctx_ver=Z39.88-2004&rft_id=http://www.biodiversitylibrary.org/page/642488&rft_val_fmt=info:ofi/fmt:kev:mtx:book&url_ver=z39.88-2004,642488,NA,NA,NA,47742,G.Hatschbach,holotype MO;isotype MBM;isotype MO,[Gandhi 8 Jan 2002],NA,NA,,NA,NA,NA,NA,NA,NA
Cordia_hermanniifolia,Cham.,Cham.,,spec.,/n/274961-2,Boraginaceae,Cordia,hermanniifolia,tax. nov.,Brazil (Southern America),FALSE,FALSE,TRUE,,Linnaea,1829,post Oct 1829,4(4): 484 (-485),703-2,citation,Linnaea 4(4): 484 (-485). 1829 [post Oct 1829] (as hermanniaefolia),FALSE,TRUE,1.2.2.2.1.1,274961-2,urn:lsid:ipni.org:names:274961-2,wfo-0000620570,TRUE,TRUE,TRUE,FALSE,FALSE,http://www.biodiversitylibrary.org/openurl?ctx_ver=Z39.88-2004&rft.date=1829&rft.issue=4&rft.spage=484&rft.volume=4&rft_id=http://www.biodiversitylibrary.org/bibliography/626&rft_val_fmt=info:ofi/fmt:kev:mtx:book&url_ver=z39.88-2004,NA,(as hermanniaefolia),NA,NA,NA,NA,NA,NA,NA,NA,,NA,NA,NA,NA,NA,NA
Cordia_hypoleuca,A.DC.,A.DC.,,spec.,/n/274968-2,Boraginaceae,Cordia,hypoleuca,tax. nov.,Brazil (Southern America),FALSE,FALSE,TRUE,,Prodr. [A. P. de Candolle],1845,1 Jan 1845,9: 472,1051-2,citation,Prodr. [A. P. de Candolle] 9: 472. 1845 [1 Jan 1845] ,FALSE,TRUE,1.8,274968-2,urn:lsid:ipni.org:names:274968-2,wfo-0000620588,FALSE,TRUE,TRUE,FALSE,FALSE,http://www.biodiversitylibrary.org/openurl?ctx_ver=Z39.88-2004&rft_id=http://www.biodiversitylibrary.org/page/162839&rft_val_fmt=info:ofi/fmt:kev:mtx:book&url_ver=z39.88-2004,162839,NA,NA,NA,NA,NA,NA,NA,NA,NA,,NA,NA,NA,NA,NA,NA
Cordia_insignis,Cham.,Cham.,,spec.,/n/274974-2,Boraginaceae,Cordia,insignis,tax. nov.,"Minas Gerais (Brazil, Southern America)",FALSE,FALSE,TRUE,,Linnaea,1833,NA,8: 122 (-123),703-2,citation,Linnaea 8: 122 (-123). 1833 ,FALSE,TRUE,1.4,274974-2,urn:lsid:ipni.org:names:274974-2,wfo-0000620602,FALSE,TRUE,TRUE,FALSE,FALSE,http://www.biodiversitylibrary.org/openurl?ctx_ver=Z39.88-2004&rft.date=1833&rft.spage=122&rft.volume=8&rft_id=http://www.biodiversitylibrary.org/bibliography/626&rft_val_fmt=info:ofi/fmt:kev:mtx:book&url_ver=z39.88-2004,NA,NA,NA,NA,NA,NA,NA,NA,NA,NA,,NA,NA,NA,NA,NA,NA
Cordia_jucunda,S.Moore,S.Moore,,spec.,/n/65391-2,Boraginaceae,Cordia,jucunda,tax. nov.,Brazil (Southern America),FALSE,FALSE,TRUE,,"Trans. Linn. Soc. London, Bot.",1895,NA,"ser. 2, 4: 401",1084-2,citation,"Trans. Linn. Soc. London, Bot. ser. 2, 4: 401. 1895 ",FALSE,TRUE,1.3,65391-2,urn:lsid:ipni.org:names:65391-2,wfo-0000620621,FALSE,TRUE,TRUE,FALSE,FALSE,NA,NA,NA,NA,NA,NA,NA,NA,NA,NA,NA,,NA,NA,NA,NA,NA,NA
Cordia_latifolia,Cham.,Cham.,,spec.,/n/65401-2,Boraginaceae,Cordia,latifolia,tax. nov.,Brazil (Southern America),FALSE,FALSE,TRUE,,Linnaea,1833,NA,8: 126,703-2,citation,Linnaea 8: 126. 1833 ,FALSE,TRUE,1.3,65401-2,urn:lsid:ipni.org:names:65401-2,NA,FALSE,TRUE,TRUE,FALSE,FALSE,http://www.biodiversitylibrary.org/openurl?ctx_ver=Z39.88-2004&rft.date=1833&rft.spage=126&rft.volume=8&rft_id=http://www.biodiversitylibrary.org/bibliography/626&rft_val_fmt=info:ofi/fmt:kev:mtx:book&url_ver=z39.88-2004,NA,NA,NA,NA,NA,NA,NA,NA,NA,NA,,NA,NA,NA,NA,NA,NA
Cordia_latiloba,I.M.Johnst.,I.M.Johnst.,,spec.,/n/65402-2,Boraginaceae,Cordia,latiloba,tax. nov.,"Rio de Janeiro (Brazil, Southern America)",FALSE,FALSE,TRUE,,Contr. Gray Herb.,1930,NA,92: 9,896-2,citation,Contr. Gray Herb. 92: 9. 1930 ,FALSE,TRUE,1.3,65402-2,urn:lsid:ipni.org:names:65402-2,wfo-0000620647,FALSE,TRUE,TRUE,FALSE,FALSE,http://www.biodiversitylibrary.org/openurl?ctx_ver=Z39.88-2004&rft.date=1930&rft.spage=9&rft.volume=92&rft_id=http://www.biodiversitylibrary.org/bibliography/59986&rft_val_fmt=info:ofi/fmt:kev:mtx:book&url_ver=z39.88-2004,NA,NA,NA,NA,NA,NA,NA,NA,NA,NA,,NA,NA,NA,NA,NA,NA
Cordia_leucocalyx,Fresen.,Fresen.,,spec.,/n/274986-2,Boraginaceae,Cordia,leucocalyx,tax. nov.,Brazil (Southern America),FALSE,FALSE,TRUE,,Fl. Bras. (Martius),1857,28 Feb 1857,"8(1): 22, t. 7",629-2,citation,"Fl. Bras. (Martius) 8(1): 22, t. 7. 1857 [28 Feb 1857] ",FALSE,TRUE,1.9,274986-2,urn:lsid:ipni.org:names:274986-2,wfo-0000620661,FALSE,TRUE,TRUE,FALSE,FALSE,http://www.biodiversitylibrary.org/openurl?ctx_ver=Z39.88-2004&rft_id=http://www.biodiversitylibrary.org/page/146276&rft_val_fmt=info:ofi/fmt:kev:mtx:book&url_ver=z39.88-2004,146276,NA,NA,NA,NA,NA,NA,NA,NA,NA,,NA,NA,NA,NA,NA,NA
Cordia_leucocephala,Moric.,Moric.,,spec.,/n/65411-2,Boraginaceae,Cordia,leucocephala,tax. nov.,"Bahia (Brazil, Southern America)",FALSE,FALSE,TRUE,,Pl. Nouv. Amer.,1847,Jan-Jun 1847,[9]: 148 (t. 88),3658-2,citation,Pl. Nouv. Amer. [9]: 148 (t. 88). 1847 [Jan-Jun 1847] ,FALSE,TRUE,1.5,65411-2,urn:lsid:ipni.org:names:65411-2,wfo-0000620662,FALSE,TRUE,TRUE,FALSE,FALSE,NA,NA,NA,NA,NA,3880,J. S. Blanchet,holotype G,NA,NA,Pouco d'Areia near Jacobina,,NA,NA,NA,NA,NA,NA
Cordia_leucomalla,Taub.,Taub.,,spec.,/n/274987-2,Boraginaceae,Cordia,leucomalla,tax. nov.,Brazil (Southern America),FALSE,FALSE,TRUE,,Bot. Jahrb. Syst.,1893,24 Feb 1893,"15(5, Beibl. 38): 14",553-2,citation,"Bot. Jahrb. Syst. 15(5, Beibl. 38): 14. 1893 [24 Feb 1893] ",FALSE,TRUE,1.5,274987-2,urn:lsid:ipni.org:names:274987-2,wfo-0000620664,FALSE,TRUE,TRUE,FALSE,FALSE,NA,NA,NA,NA,NA,NA,NA,NA,NA,NA,NA,,NA,NA,NA,NA,NA,NA
Cordia_leucomalloides,Taroda,Taroda,,spec.,/n/274988-2,Boraginaceae,Cordia,leucomalloides,tax. nov.,Brazil (Southern America),FALSE,FALSE,TRUE,,Notes Roy. Bot. Gard. Edinburgh,1986,NA,44: 125(-128),758-2,citation,Notes Roy. Bot. Gard. Edinburgh 44: 125(-128). 1986 ,FALSE,TRUE,1.4,274988-2,urn:lsid:ipni.org:names:274988-2,wfo-0000620665,FALSE,TRUE,TRUE,FALSE,FALSE,http://www.biodiversitylibrary.org/openurl?ctx_ver=Z39.88-2004&rft.date=1986&rft.spage=125&rft.volume=44&rft_id=http://www.biodiversitylibrary.org/bibliography/43948&rft_val_fmt=info:ofi/fmt:kev:mtx:book&url_ver=z39.88-2004,NA,NA,NA,NA,16143,R.M.Harley,holotype CEPEC,NA,NA,NA,,NA,NA,NA,NA,NA,NA
Cordia_lomatoloba,I.M.Johnst.,I.M.Johnst.,,spec.,/n/274990-2,Boraginaceae,Cordia,lomatoloba,tax. nov.,Brazil (Southern America),FALSE,FALSE,TRUE,,J. Arnold Arbor.,1937,NA,18: 12,981-2,citation,J. Arnold Arbor. 18: 12. 1937 ,FALSE,TRUE,1.5,274990-2,urn:lsid:ipni.org:names:274990-2,wfo-0000620683,FALSE,TRUE,TRUE,FALSE,FALSE,http://www.biodiversitylibrary.org/openurl?ctx_ver=Z39.88-2004&rft.date=1937&rft.spage=12&rft.volume=18&rft_id=http://www.biodiversitylibrary.org/bibliography/480&rft_val_fmt=info:ofi/fmt:kev:mtx:book&url_ver=z39.88-2004,NA,NA,NA,NA,NA,NA,NA,NA,NA,NA,,NA,NA,NA,NA,NA,NA
Cordia_longifolia,A.DC.,A.DC.,,spec.,/n/65423-2,Boraginaceae,Cordia,longifolia,tax. nov.,"Bahia (Brazil, Southern America)",FALSE,FALSE,TRUE,,Prodr. [A. P. de Candolle],1845,1 Jan 1845,9: 495 (-496),1051-2,citation,Prodr. [A. P. de Candolle] 9: 495 (-496). 1845 [1 Jan 1845] ,FALSE,TRUE,1.2.2.1.1.3,65423-2,urn:lsid:ipni.org:names:65423-2,wfo-0000620685,FALSE,TRUE,TRUE,FALSE,FALSE,http://www.biodiversitylibrary.org/openurl?ctx_ver=Z39.88-2004&rft_id=http://www.biodiversitylibrary.org/page/162862&rft_val_fmt=info:ofi/fmt:kev:mtx:book&url_ver=z39.88-2004,162862,NA,NA,NA,NA,NA,NA,NA,NA,NA,,NA,NA,NA,NA,NA,NA
Cordia_longipeda,Mez,Mez,,spec.,/n/274991-2,Boraginaceae,Cordia,longipeda,tax. nov.,Brazil (Southern America),FALSE,FALSE,TRUE,,Bot. Jahrb. Syst.,1890,23 Dec 1890,"12(5): 550 (-551, adnot.)",553-2,citation,"Bot. Jahrb. Syst. 12(5): 550 (-551, adnot.). 1890 [23 Dec 1890] ",FALSE,TRUE,1.3.2.1.1.2,274991-2,urn:lsid:ipni.org:names:274991-2,wfo-0000620686,FALSE,TRUE,TRUE,FALSE,FALSE,http://www.biodiversitylibrary.org/openurl?ctx_ver=Z39.88-2004&rft.date=1890&rft.issue=5&rft.spage=550&rft.volume=12&rft_id=http://www.biodiversitylibrary.org/bibliography/60&rft_val_fmt=info:ofi/fmt:kev:mtx:book&url_ver=z39.88-2004,NA,NA,NA,NA,NA,NA,NA,NA,NA,NA,,NA,NA,NA,NA,NA,NA
Cordia_macrophylla,Vell.,Vell.,,spec.,/n/65432-2,Boraginaceae,Cordia,macrophylla,tax. nov.,Brazil (Southern America),FALSE,FALSE,TRUE,,Fl. Flumin.,1829,1825 publ. 7 Sep-28 Nov 1829,97,932-2,citation,Fl. Flumin. 97. 1829 [1825 publ. 7 Sep-28 Nov 1829] ,FALSE,TRUE,1.4,65432-2,urn:lsid:ipni.org:names:65432-2,wfo-0000620705,FALSE,TRUE,TRUE,FALSE,FALSE,http://www.biodiversitylibrary.org/openurl?ctx_ver=Z39.88-2004&rft.date=1829&rft.spage=97&rft_id=http://www.biodiversitylibrary.org/bibliography/745&rft_val_fmt=info:ofi/fmt:kev:mtx:book&url_ver=z39.88-2004,NA,NA,NA,NA,NA,NA,NA,NA,NA,NA,,NA,NA,NA,NA,NA,NA
Cordia_magnoliifolia,Cham.,Cham.,,spec.,/n/274994-2,Boraginaceae,Cordia,magnoliifolia,tax. nov.,Brazil (Southern America),FALSE,FALSE,TRUE,,Linnaea,1829,post Oct 1829,4(4): 476 (-477),703-2,citation,Linnaea 4(4): 476 (-477). 1829 [post Oct 1829] (as magnoliaefolia),FALSE,TRUE,1.2.2.1.1.1,274994-2,urn:lsid:ipni.org:names:274994-2,wfo-0000620712,TRUE,TRUE,TRUE,FALSE,FALSE,http://www.biodiversitylibrary.org/openurl?ctx_ver=Z39.88-2004&rft.date=1829&rft.issue=4&rft.spage=476&rft.volume=4&rft_id=http://www.biodiversitylibrary.org/bibliography/626&rft_val_fmt=info:ofi/fmt:kev:mtx:book&url_ver=z39.88-2004,NA,(as magnoliaefolia),NA,NA,NA,NA,NA,NA,NA,NA,,NA,NA,NA,NA,NA,NA
Cordia_mayoi,Taroda,Taroda,,spec.,/n/274997-2,Boraginaceae,Cordia,mayoi,tax. nov.,Brazil (Southern America),FALSE,FALSE,TRUE,,Notes Roy. Bot. Gard. Edinburgh,1986,NA,44: 129,758-2,citation,Notes Roy. Bot. Gard. Edinburgh 44: 129. 1986 ,FALSE,TRUE,1.3,274997-2,urn:lsid:ipni.org:names:274997-2,wfo-0000620724,FALSE,TRUE,TRUE,FALSE,FALSE,http://www.biodiversitylibrary.org/openurl?ctx_ver=Z39.88-2004&rft.date=1986&rft.spage=129&rft.volume=44&rft_id=http://www.biodiversitylibrary.org/bibliography/43948&rft_val_fmt=info:ofi/fmt:kev:mtx:book&url_ver=z39.88-2004,NA,NA,NA,NA,18983,R.M.Harley et al.,holotype CEPEC,NA,NA,NA,,NA,NA,NA,NA,NA,NA
Cordia_mucronata,Fresen.,Fresen.,,spec.,/n/65451-2,Boraginaceae,Cordia,mucronata,tax. nov.,Brazil (Southern America),FALSE,FALSE,TRUE,,Fl. Bras. (Martius),1857,28 Feb 1857,8(1): 9,629-2,citation,Fl. Bras. (Martius) 8(1): 9. 1857 [28 Feb 1857] ,FALSE,TRUE,1.2.2.1.1.4,65451-2,urn:lsid:ipni.org:names:65451-2,wfo-0000620758,TRUE,TRUE,TRUE,FALSE,FALSE,http://www.biodiversitylibrary.org/openurl?ctx_ver=Z39.88-2004&rft_id=http://www.biodiversitylibrary.org/page/146270&rft_val_fmt=info:ofi/fmt:kev:mtx:book&url_ver=z39.88-2004,146270,NA,NA,NA,NA,NA,NA,NA,NA,NA,,nom. illeg. later homonym    non Poir. (1818).,nom. illeg.,NA,NA,NA,NA
Cordia_multispicata,Cham.,Cham.,,spec.,/n/65453-2,Boraginaceae,Cordia,multispicata,tax. nov.,Brazil (Southern America),FALSE,FALSE,TRUE,,Linnaea,1829,post Oct 1829,4(4): 490 (-491),703-2,citation,Linnaea 4(4): 490 (-491). 1829 [post Oct 1829] ,FALSE,TRUE,1.2.2.1.1.1,65453-2,urn:lsid:ipni.org:names:65453-2,wfo-0000620762,FALSE,TRUE,TRUE,FALSE,FALSE,http://www.biodiversitylibrary.org/openurl?ctx_ver=Z39.88-2004&rft.date=1829&rft.issue=4&rft.spage=490&rft.volume=4&rft_id=http://www.biodiversitylibrary.org/bibliography/626&rft_val_fmt=info:ofi/fmt:kev:mtx:book&url_ver=z39.88-2004,NA,NA,NA,NA,NA,NA,NA,NA,NA,NA,,NA,NA,NA,NA,NA,NA
Cordia_naidophila,I.M.Johnst.,I.M.Johnst.,,spec.,/n/275005-2,Boraginaceae,Cordia,naidophila,tax. nov.,Brazil (Southern America),FALSE,FALSE,TRUE,,J. Arnold Arbor.,1935,NA,16: 32,981-2,citation,J. Arnold Arbor. 16: 32. 1935 ,FALSE,TRUE,1.5,275005-2,urn:lsid:ipni.org:names:275005-2,wfo-0000620768,FALSE,TRUE,TRUE,FALSE,FALSE,http://www.biodiversitylibrary.org/openurl?ctx_ver=Z39.88-2004&rft.date=1935&rft.spage=32&rft.volume=16&rft_id=http://www.biodiversitylibrary.org/bibliography/480&rft_val_fmt=info:ofi/fmt:kev:mtx:book&url_ver=z39.88-2004,NA,NA,NA,NA,NA,NA,NA,NA,NA,NA,,NA,NA,NA,NA,NA,NA
Cordia_neowidiana,A.DC.,A.DC.,,spec.,/n/275008-2,Boraginaceae,Cordia,neowidiana,tax. nov.,Brazil (Southern America),FALSE,FALSE,TRUE,,Prodr. [A. P. de Candolle],1845,1 Jan 1845,9: 498,1051-2,citation,Prodr. [A. P. de Candolle] 9: 498. 1845 [1 Jan 1845] ,FALSE,TRUE,1.7,275008-2,urn:lsid:ipni.org:names:275008-2,NA,FALSE,TRUE,TRUE,FALSE,FALSE,http://www.biodiversitylibrary.org/openurl?ctx_ver=Z39.88-2004&rft_id=http://www.biodiversitylibrary.org/page/162865&rft_val_fmt=info:ofi/fmt:kev:mtx:book&url_ver=z39.88-2004,162865,NA,NA,NA,NA,NA,NA,NA,NA,NA,,NA,NA,NA,NA,NA,NA
Cordia_nettoana,Taub.,Taub.,,spec.,/n/275010-2,Boraginaceae,Cordia,nettoana,tax. nov.,Brazil (Southern America),FALSE,FALSE,TRUE,,Bot. Jahrb. Syst.,1893,24 Feb 1893,"15(5, Beibl. 38): 11",553-2,citation,"Bot. Jahrb. Syst. 15(5, Beibl. 38): 11. 1893 [24 Feb 1893] ",FALSE,TRUE,1.5,275010-2,urn:lsid:ipni.org:names:275010-2,wfo-0000620776,FALSE,TRUE,TRUE,FALSE,FALSE,NA,NA,NA,NA,NA,NA,NA,NA,NA,NA,NA,,NA,NA,NA,NA,NA,NA
Cordia_nivea,Fresen.,Fresen.,,spec.,/n/275012-2,Boraginaceae,Cordia,nivea,tax. nov.,Brazil (Southern America),FALSE,FALSE,TRUE,,Fl. Bras. (Martius),1857,28 Feb 1857,8(1): 26,629-2,citation,Fl. Bras. (Martius) 8(1): 26. 1857 [28 Feb 1857] ,FALSE,TRUE,1.10,275012-2,urn:lsid:ipni.org:names:275012-2,wfo-0000620782,FALSE,TRUE,TRUE,FALSE,FALSE,http://www.biodiversitylibrary.org/openurl?ctx_ver=Z39.88-2004&rft_id=http://www.biodiversitylibrary.org/page/146278&rft_val_fmt=info:ofi/fmt:kev:mtx:book&url_ver=z39.88-2004,146278,NA,NA,NA,NA,NA,NA,NA,NA,NA,,NA,NA,NA,NA,NA,NA
Cordia_obscura,Cham.,Cham.,,spec.,/n/65472-2,Boraginaceae,Cordia,obscura,tax. nov.,Brazil (Southern America),FALSE,FALSE,TRUE,,Linnaea,1829,post Oct 1829,4(4): 480 (-481),703-2,citation,Linnaea 4(4): 480 (-481). 1829 [post Oct 1829] ,FALSE,TRUE,1.2.2.1.1.1,65472-2,urn:lsid:ipni.org:names:65472-2,wfo-0000620797,FALSE,TRUE,TRUE,FALSE,FALSE,http://www.biodiversitylibrary.org/openurl?ctx_ver=Z39.88-2004&rft.date=1829&rft.issue=4&rft.spage=480&rft.volume=4&rft_id=http://www.biodiversitylibrary.org/bibliography/626&rft_val_fmt=info:ofi/fmt:kev:mtx:book&url_ver=z39.88-2004,NA,NA,NA,NA,NA,NA,NA,NA,NA,NA,,NA,NA,NA,NA,NA,NA
Cordia_obtusiloba,"Pedro-Silva, T.S.Silva & J.I.M.Melo","Pedro-Silva, T.S.Silva & J.I.M.Melo",,spec.,/n/77234864-1,Boraginaceae,Cordia,obtusiloba,tax. nov.,"Sergipe (Brazil, Southern America)",FALSE,FALSE,TRUE,,Harvard Pap. Bot.,2021,dt. 31 Dec 2021; publ. 17 Dec 2021,"26(2): 445, figs. 1-2",10651-2,citation,"Harvard Pap. Bot. 26(2): 445, figs. 1-2. 2021 [dt. 31 Dec 2021; publ. 17 Dec 2021] [epublished]",FALSE,TRUE,1.2,77234864-1,urn:lsid:ipni.org:names:77234864-1,wfo-1000026489,TRUE,TRUE,TRUE,FALSE,FALSE,NA,NA,[epublished],NA,NA,419,E.M.Carneiro,holotype MOSS;isotype PEUFR,doi:10.3100/hpib.v26iss2.2021.n10 Etymology: 'The specific epithet refers to the obtuse apex lobes of the corolla.',6 Aug 1982,Nossa Senhora da Glória,,NA,NA,NA,NA,NA,NA
Cordia_pilosa,M.Stapf & Taroda,M.Stapf & Taroda,,spec.,/n/77107048-1,Boraginaceae,Cordia,pilosa,tax. nov.,"Bahia (Brazil Northeast, Brazil, Southern America);Alagoas (Brazil Northeast, Brazil, Southern America);Sergipe (Brazil Northeast, Brazil, Southern America);",FALSE,FALSE,TRUE,,Novon,2010,9 Jun 2010,20(2): 212 (-214; fig. 1),14256-2,citation,Novon 20(2): 212 (-214; fig. 1). 2010 [9 Jun 2010] ,FALSE,TRUE,1.4,77107048-1,urn:lsid:ipni.org:names:77107048-1,wfo-0000746210,FALSE,TRUE,TRUE,FALSE,FALSE,http://www.biodiversitylibrary.org/openurl?ctx_ver=Z39.88-2004&rft_id=http://www.biodiversitylibrary.org/page/39922870&rft_val_fmt=info:ofi/fmt:kev:mtx:book&url_ver=z39.88-2004,39922870,NA,NA,NA,228,M.N.S.Stapf,holotype HUEFS;isotype SJRP,NA,23 Jan 2004,"Entre Rios, rd. Conde-Esplanada",,NA,NA,NA,NA,NA,NA
Cordia_poliophylla,Fresen.,Fresen.,,spec.,/n/275029-2,Boraginaceae,Cordia,poliophylla,tax. nov.,Brazil (Southern America),FALSE,FALSE,TRUE,,Fl. Bras. (Martius),1857,28 Feb 1857,8(1): 26,629-2,citation,Fl. Bras. (Martius) 8(1): 26. 1857 [28 Feb 1857] ,FALSE,TRUE,1.10,275029-2,urn:lsid:ipni.org:names:275029-2,wfo-0000620861,FALSE,TRUE,TRUE,FALSE,FALSE,http://www.biodiversitylibrary.org/openurl?ctx_ver=Z39.88-2004&rft_id=http://www.biodiversitylibrary.org/page/146278&rft_val_fmt=info:ofi/fmt:kev:mtx:book&url_ver=z39.88-2004,146278,NA,NA,NA,NA,NA,NA,NA,NA,NA,,NA,NA,NA,NA,NA,NA
Cordia_restingae,M.Stapf,M.Stapf,,spec.,/n/77134699-1,Boraginaceae,Cordia,restingae,tax. nov.,"Bahia (Brazil Northeast, Brazil, Southern America);Espírito Santo (Brazil Southeast, Brazil, Southern America);",FALSE,FALSE,TRUE,,Brittonia,2013,1 Jun 2013,65(2): 195,561-2,citation,Brittonia 65(2): 195. 2013 [1 Jun 2013] ,FALSE,TRUE,1.2,77134699-1,urn:lsid:ipni.org:names:77134699-1,wfo-0001317529,FALSE,TRUE,TRUE,FALSE,FALSE,NA,NA,NA,NA,NA,1136,N.G.Jesus,holotype HUEFS;isotype HUNEB,doi:10.1007/s12228-012-9268-7,23 Mar 2000,"Bahia: Entre Rios, RPPN Fazenda Lontra/Saudade, 120-150 m",,NA,NA,NA,NA,NA,NA
Cordia_rufescens,A.DC.,A.DC.,,spec.,/n/275038-2,Boraginaceae,Cordia,rufescens,tax. nov.,Brazil (Southern America),FALSE,FALSE,TRUE,,Prodr. [A. P. de Candolle],1845,1 Jan 1845,9: 476,1051-2,citation,Prodr. [A. P. de Candolle] 9: 476. 1845 [1 Jan 1845] ,FALSE,TRUE,1.9,275038-2,urn:lsid:ipni.org:names:275038-2,wfo-0000620916,FALSE,TRUE,TRUE,FALSE,FALSE,http://www.biodiversitylibrary.org/openurl?ctx_ver=Z39.88-2004&rft_id=http://www.biodiversitylibrary.org/page/162843&rft_val_fmt=info:ofi/fmt:kev:mtx:book&url_ver=z39.88-2004,162843,NA,NA,NA,NA,NA,NA,NA,NA,NA,,NA,NA,NA,NA,NA,NA
Cordia_salicifolia,Cham.,Cham.,,spec.,/n/275041-2,Boraginaceae,Cordia,salicifolia,tax. nov.,Brazil (Southern America),FALSE,FALSE,TRUE,,Linnaea,1829,post Oct 1829,4(4): 481 (-482),703-2,citation,Linnaea 4(4): 481 (-482). 1829 [post Oct 1829] ,FALSE,TRUE,1.2.2.1.1.2,275041-2,urn:lsid:ipni.org:names:275041-2,wfo-0000620925,FALSE,TRUE,TRUE,FALSE,FALSE,http://www.biodiversitylibrary.org/openurl?ctx_ver=Z39.88-2004&rft.date=1829&rft.issue=4&rft.spage=481&rft.volume=4&rft_id=http://www.biodiversitylibrary.org/bibliography/626&rft_val_fmt=info:ofi/fmt:kev:mtx:book&url_ver=z39.88-2004,NA,NA,NA,NA,NA,NA,NA,NA,NA,NA,,NA,NA,NA,NA,NA,NA
Cordia_salicina,DC.,DC.,,spec.,/n/275042-2,Boraginaceae,Cordia,salicina,tax. nov.,"Rio de Janeiro (Brazil, Southern America)",FALSE,FALSE,TRUE,,Prodr. [A. P. de Candolle],1845,1 Jan 1845,9: 492,1051-2,citation,Prodr. [A. P. de Candolle] 9: 492. 1845 [1 Jan 1845] ,FALSE,TRUE,1.6,275042-2,urn:lsid:ipni.org:names:275042-2,wfo-0000620926,FALSE,TRUE,TRUE,FALSE,FALSE,http://www.biodiversitylibrary.org/openurl?ctx_ver=Z39.88-2004&rft_id=http://www.biodiversitylibrary.org/page/162859&rft_val_fmt=info:ofi/fmt:kev:mtx:book&url_ver=z39.88-2004,162859,NA,NA,NA,NA,NA,NA,"[Gandhi; Estrada, Fl. Colombia 14: 96. 1995]",NA,NA,,NA,NA,NA,NA,NA,NA
Cordia_scabrida,Fresen.,Fresen.,,spec.,/n/275048-2,Boraginaceae,Cordia,scabrida,tax. nov.,Brazil (Southern America),FALSE,FALSE,TRUE,,Fl. Bras. (Martius),1857,28 Feb 1857,"8(1): 11, t. 9, fig. 12",629-2,citation,"Fl. Bras. (Martius) 8(1): 11, t. 9, fig. 12. 1857 [28 Feb 1857] ",FALSE,TRUE,1.8,275048-2,urn:lsid:ipni.org:names:275048-2,wfo-0000620943,FALSE,TRUE,TRUE,FALSE,FALSE,http://www.biodiversitylibrary.org/openurl?ctx_ver=Z39.88-2004&rft_id=http://www.biodiversitylibrary.org/page/146271&rft_val_fmt=info:ofi/fmt:kev:mtx:book&url_ver=z39.88-2004,146271,NA,NA,NA,NA,NA,NA,NA,NA,NA,,NA,NA,NA,NA,NA,NA
Cordia_sellowiana,Cham.,Cham.,,spec.,/n/275052-2,Boraginaceae,Cordia,sellowiana,tax. nov.,Brazil (Southern America),FALSE,FALSE,TRUE,,Linnaea,1829,post Oct 1829,4(4): 478 (-479),703-2,citation,Linnaea 4(4): 478 (-479). 1829 [post Oct 1829] ,FALSE,TRUE,1.2.2.1.1.2,275052-2,urn:lsid:ipni.org:names:275052-2,wfo-0000620960,FALSE,TRUE,TRUE,FALSE,FALSE,http://www.biodiversitylibrary.org/openurl?ctx_ver=Z39.88-2004&rft.date=1829&rft.issue=4&rft.spage=478&rft.volume=4&rft_id=http://www.biodiversitylibrary.org/bibliography/626&rft_val_fmt=info:ofi/fmt:kev:mtx:book&url_ver=z39.88-2004,NA,NA,NA,NA,NA,NA,NA,NA,NA,NA,,NA,NA,NA,NA,NA,NA
Cordia_setigera,I.M.Johnst.,I.M.Johnst.,,spec.,/n/65564-2,Boraginaceae,Cordia,setigera,tax. nov.,"Minas Gerais (Brazil, Southern America)",FALSE,FALSE,TRUE,,J. Arnold Arbor.,1935,NA,16: 176,981-2,citation,J. Arnold Arbor. 16: 176. 1935 ,FALSE,TRUE,1.4,65564-2,urn:lsid:ipni.org:names:65564-2,wfo-0000620972,FALSE,TRUE,TRUE,FALSE,FALSE,http://www.biodiversitylibrary.org/openurl?ctx_ver=Z39.88-2004&rft.date=1935&rft.spage=176&rft.volume=16&rft_id=http://www.biodiversitylibrary.org/bibliography/480&rft_val_fmt=info:ofi/fmt:kev:mtx:book&url_ver=z39.88-2004,NA,NA,NA,NA,NA,NA,NA,NA,NA,NA,,NA,NA,NA,NA,NA,NA
Cordia_sprucei,Mez,Mez,,spec.,/n/65572-2,Boraginaceae,Cordia,sprucei,tax. nov.,Brazil (Southern America),FALSE,FALSE,TRUE,,Bot. Jahrb. Syst.,1890,23 Dec 1890,12(5): 549,553-2,citation,Bot. Jahrb. Syst. 12(5): 549. 1890 [23 Dec 1890] ,FALSE,TRUE,1.5,65572-2,urn:lsid:ipni.org:names:65572-2,NA,FALSE,TRUE,TRUE,FALSE,FALSE,http://www.biodiversitylibrary.org/openurl?ctx_ver=Z39.88-2004&rft.date=1890&rft.issue=5&rft.spage=549&rft.volume=12&rft_id=http://www.biodiversitylibrary.org/bibliography/60&rft_val_fmt=info:ofi/fmt:kev:mtx:book&url_ver=z39.88-2004,NA,NA,NA,NA,NA,NA,NA,NA,NA,NA,,NA,NA,NA,NA,NA,NA
Cordia_striata,Fresen.,Fresen.,,spec.,/n/275065-2,Boraginaceae,Cordia,striata,tax. nov.,Brazil (Southern America),FALSE,FALSE,TRUE,,Fl. Bras. (Martius),1857,28 Feb 1857,8(1): 23,629-2,citation,Fl. Bras. (Martius) 8(1): 23. 1857 [28 Feb 1857] ,FALSE,TRUE,1.10,275065-2,urn:lsid:ipni.org:names:275065-2,wfo-0000621001,FALSE,TRUE,TRUE,FALSE,FALSE,http://www.biodiversitylibrary.org/openurl?ctx_ver=Z39.88-2004&rft_id=http://www.biodiversitylibrary.org/page/146277&rft_val_fmt=info:ofi/fmt:kev:mtx:book&url_ver=z39.88-2004,146277,NA,NA,NA,NA,NA,NA,NA,NA,NA,,NA,NA,NA,NA,NA,NA
Cordia_tarodae,M.Stapf,M.Stapf,,spec.,/n/77134700-1,Boraginaceae,Cordia,tarodae,tax. nov.,"São Paulo (Brazil Southeast, Brazil, Southern America);Minas Gerais (Brazil Southeast, Brazil, Southern America);Paraná (Brazil South, Brazil, Southern America);",FALSE,FALSE,TRUE,,Brittonia,2013,1 Jun 2013,65(2): 197,561-2,citation,Brittonia 65(2): 197. 2013 [1 Jun 2013] ,FALSE,TRUE,1.1,77134700-1,urn:lsid:ipni.org:names:77134700-1,wfo-0001317530,FALSE,TRUE,TRUE,FALSE,FALSE,NA,NA,NA,NA,NA,s.n.,N.Taroda,holotype SJRP 26788;isotype NY,doi:10.1007/s12228-012-9268-7,21 Nov 2003,"São Paulo: Paulo de Faria, Estação Ecológica, próximo a guarita",,NA,NA,NA,NA,NA,NA
Cordia_tomentosa,Cham.,Cham.,,spec.,/n/65597-2,Boraginaceae,Cordia,tomentosa,tax. nov.,Brazil (Southern America),FALSE,FALSE,TRUE,,Linnaea,1829,post Oct 1829,4(4): 472 (-473),703-2,citation,Linnaea 4(4): 472 (-473). 1829 [post Oct 1829] ,FALSE,TRUE,1.2.2.2.1.1,65597-2,urn:lsid:ipni.org:names:65597-2,wfo-0000621044,TRUE,TRUE,TRUE,FALSE,FALSE,http://www.biodiversitylibrary.org/openurl?ctx_ver=Z39.88-2004&rft.date=1829&rft.issue=4&rft.spage=472&rft.volume=4&rft_id=http://www.biodiversitylibrary.org/bibliography/626&rft_val_fmt=info:ofi/fmt:kev:mtx:book&url_ver=z39.88-2004,NA,NA,NA,NA,s.n.,F. Sellow,holotype B?,NA,NA,NA,,nom. illeg. later homonym    non (Lam.) Roem. & Schult. (1819).,nom. illeg.,NA,NA,NA,NA
Cordia_trachyphylla,Mart.,Mart.,,spec.,/n/65601-2,Boraginaceae,Cordia,trachyphylla,tax. nov.,Brazil (Southern America),FALSE,FALSE,FALSE,,Herb. Fl. Bras.,1837,NA,246,14629-2,citation,Herb. Fl. Bras. 246. 1837 ,FALSE,TRUE,1.3,65601-2,urn:lsid:ipni.org:names:65601-2,NA,FALSE,FALSE,TRUE,FALSE,FALSE,NA,NA,NA,NA,NA,NA,NA,NA,NA,NA,NA,,NA,NA,NA,NA,NA,NA
Cordia_truncata,Fresen.,Fresen.,,spec.,/n/275080-2,Boraginaceae,Cordia,truncata,tax. nov.,Brazil (Southern America),FALSE,FALSE,TRUE,,Fl. Bras. (Martius),1857,28 Feb 1857,8(1): 25,629-2,citation,Fl. Bras. (Martius) 8(1): 25. 1857 [28 Feb 1857] ,FALSE,TRUE,1.9,275080-2,urn:lsid:ipni.org:names:275080-2,wfo-0000621063,FALSE,TRUE,TRUE,FALSE,FALSE,http://www.biodiversitylibrary.org/openurl?ctx_ver=Z39.88-2004&rft_id=http://www.biodiversitylibrary.org/page/146278&rft_val_fmt=info:ofi/fmt:kev:mtx:book&url_ver=z39.88-2004,146278,NA,NA,NA,NA,NA,NA,NA,NA,NA,,NA,NA,NA,NA,NA,NA
Cordia_ulei,I.M.Johnst.,I.M.Johnst.,,spec.,/n/275082-2,Boraginaceae,Cordia,ulei,tax. nov.,Brazil (Southern America),FALSE,FALSE,TRUE,,Contr. Gray Herb.,1930,NA,92: 56,896-2,citation,Contr. Gray Herb. 92: 56. 1930 ,FALSE,TRUE,1.4,275082-2,urn:lsid:ipni.org:names:275082-2,wfo-0000621067,FALSE,TRUE,TRUE,FALSE,FALSE,http://www.biodiversitylibrary.org/openurl?ctx_ver=Z39.88-2004&rft.date=1930&rft.spage=56&rft.volume=92&rft_id=http://www.biodiversitylibrary.org/bibliography/59986&rft_val_fmt=info:ofi/fmt:kev:mtx:book&url_ver=z39.88-2004,NA,NA,NA,NA,NA,NA,NA,NA,NA,NA,,NA,NA,NA,NA,NA,NA
Cordia_verbenacea,DC.,DC.,,spec.,/n/275085-2,Boraginaceae,Cordia,verbenacea,tax. nov.,"Rio de Janeiro (Brazil, Southern America)",FALSE,FALSE,TRUE,,Prodr. [A. P. de Candolle],1845,1 Jan 1845,9: 491,1051-2,citation,Prodr. [A. P. de Candolle] 9: 491. 1845 [1 Jan 1845] ,FALSE,TRUE,1.6,275085-2,urn:lsid:ipni.org:names:275085-2,wfo-0000621093,FALSE,TRUE,TRUE,FALSE,FALSE,http://www.biodiversitylibrary.org/openurl?ctx_ver=Z39.88-2004&rft_id=http://www.biodiversitylibrary.org/page/162858&rft_val_fmt=info:ofi/fmt:kev:mtx:book&url_ver=z39.88-2004,162858,NA,NA,NA,NA,NA,NA,"[Gandhi; Estrada, Fl. Colombia 14: 96. 1995]",NA,NA,,NA,NA,NA,NA,NA,NA
Cordia_villicaulis,Fresen.,Fresen.,,spec.,/n/275086-2,Boraginaceae,Cordia,villicaulis,tax. nov.,Brazil (Southern America),FALSE,FALSE,TRUE,,Fl. Bras. (Martius),1857,28 Feb 1857,8(1): 24,629-2,citation,Fl. Bras. (Martius) 8(1): 24. 1857 [28 Feb 1857] ,FALSE,TRUE,1.9,275086-2,urn:lsid:ipni.org:names:275086-2,wfo-0000621096,FALSE,TRUE,TRUE,FALSE,FALSE,http://www.biodiversitylibrary.org/openurl?ctx_ver=Z39.88-2004&rft_id=http://www.biodiversitylibrary.org/page/146277&rft_val_fmt=info:ofi/fmt:kev:mtx:book&url_ver=z39.88-2004,146277,NA,NA,NA,NA,NA,NA,NA,NA,NA,,NA,NA,NA,NA,NA,NA
Cryptantha_reisii,Leme,Leme,,spec.,/n/325158-2,Boraginaceae,Cryptantha,reisii,tax. nov.,"Itapetinga, Duas Barras, Fazenda Santa Cruz, ca. 300 m, Bahia (Brazil, Southern America)",FALSE,FALSE,FALSE,,Cryptanthus Soc. J.,2002,Oct 2002,17(3): 87 (-88; fig. 2),3096-2,citation,Cryptanthus Soc. J. 17(3): 87 (-88; fig. 2). 2002 [Oct 2002] ,FALSE,TRUE,1.3,325158-2,urn:lsid:ipni.org:names:325158-2,NA,FALSE,FALSE,TRUE,FALSE,FALSE,NA,NA,NA,NA,NA,5015,E.M.C.Leme,holotype HB,"Type collection, originally collected by R. F. Reiz, Jr. (s.n.), flowered in cultivation",NA,NA,,NA,NA,NA,NA,NA,NA
Euploca_decorticans,M.J.Silva & J.I.M.Melo,M.J.Silva & J.I.M.Melo,,spec.,/n/77248595-1,Boraginaceae,Euploca,decorticans,tax. nov.,"Goiás (Brazil West-Central, Brazil, Southern America)",FALSE,FALSE,TRUE,,Phytotaxa,2022,10 Jan 2022,530(2): 246,20011462-1,citation,Phytotaxa 530(2): 246. 2022 [10 Jan 2022] [epublished],FALSE,TRUE,1.1,77248595-1,urn:lsid:ipni.org:names:77248595-1,wfo-1000030090,TRUE,TRUE,TRUE,FALSE,FALSE,NA,NA,[epublished],NA,NA,11899,M.J.Silva,holotype UFG;isotype CEN;isotype HACAM;isotype NY,doi:10.11646/phytotaxa.530.2.12 The specific epithet alludes to the species presenting a stem with rhytidome flaking off in greyish longitudinal plates.,28 Jan 2021,"Niquelândia, Reserva Particular de Desenvolvimento Sustentável Legado Verdes do Cerrado, Núcleo Engenho, Área do Coimbra, crescendo sobre solo areno-pedregoso, em topo de morro a 100 m da lateral direita da Caverna Timbó, 644 m",,NA,NA,NA,NA,NA,NA
Euploca_krapovickasii,J.I.M.Melo & Semir,J.I.M.Melo & Semir,,spec.,/n/77100696-1,Boraginaceae,Euploca,krapovickasii,tax. nov.,"Rio Grande do Sul (Brazil South, Brazil, Southern America)",FALSE,FALSE,TRUE,,Kew Bull.,2009,Aug 2009,64(2): 285 (-286; fig. 1),987-2,citation,Kew Bull. 64(2): 285 (-286; fig. 1). 2009 [Aug 2009] ,FALSE,TRUE,1.3,77100696-1,urn:lsid:ipni.org:names:77100696-1,wfo-0000743886,FALSE,TRUE,TRUE,FALSE,FALSE,NA,NA,NA,NA,NA,22780,Krapovickas et al.,holotype CTES,NA,Mar 1973,Alegrete,,NA,NA,NA,NA,NA,NA
Euploca_pottii,J.I.M.Melo & Semir,J.I.M.Melo & Semir,,spec.,/n/77100697-1,Boraginaceae,Euploca,pottii,tax. nov.,"Mato Grosso do Sul (Brazil West-Central, Brazil, Southern America)",FALSE,FALSE,TRUE,,Kew Bull.,2009,Aug 2009,64(2): 286 (-287; fig. 2),987-2,citation,Kew Bull. 64(2): 286 (-287; fig. 2). 2009 [Aug 2009] ,FALSE,TRUE,1.3,77100697-1,urn:lsid:ipni.org:names:77100697-1,wfo-0000743893,FALSE,TRUE,TRUE,FALSE,FALSE,NA,NA,NA,NA,NA,1397,Pott et al.,holotype CPAP;isotype CTES;isotype UEC,NA,Mar 1994,Corumbá,,NA,NA,NA,NA,NA,NA
Euploca_rodaliae,J.I.M.Melo & Semir,J.I.M.Melo & Semir,,spec.,/n/77077514-1,Boraginaceae,Euploca,rodaliae,tax. nov.,"Bahia (Brazil Northeast, Brazil, Southern America);Pernambuco (Brazil Northeast, Brazil, Southern America);",FALSE,FALSE,TRUE,,Candollea,2006,22 Dec 2006,61(2): 454 (453-456; fig. 1),885-2,citation,Candollea 61(2): 454 (453-456; fig. 1). 2006 [22 Dec 2006] ,FALSE,TRUE,1.3,77077514-1,urn:lsid:ipni.org:names:77077514-1,wfo-0000507261,FALSE,TRUE,TRUE,FALSE,FALSE,NA,NA,NA,NA,NA,58-2919,Andrade-Lima,holotype PEUFR 462;isotype IPA 11482,NA,10 Mar 1958,Rio-Bahia road,,NA,NA,NA,NA,NA,NA
Heliophytum_crispulum,Fresen.,Fresen.,,spec.,/n/119667-2,Boraginaceae,Heliophytum,crispulum,tax. nov.,"Virgultis ad fluvium San Francisci inter praedia Tapera et Capao, Minas Gerais (Brazil, Southern America)",FALSE,FALSE,TRUE,,Fl. Bras. (Martius),1857,28 Feb 1857,8(1): 45,629-2,citation,Fl. Bras. (Martius) 8(1): 45. 1857 [28 Feb 1857] ,FALSE,TRUE,1.5,119667-2,urn:lsid:ipni.org:names:119667-2,wfo-0000718309,FALSE,TRUE,TRUE,FALSE,FALSE,http://www.biodiversitylibrary.org/openurl?ctx_ver=Z39.88-2004&rft_id=http://www.biodiversitylibrary.org/page/146288&rft_val_fmt=info:ofi/fmt:kev:mtx:book&url_ver=z39.88-2004,146288,NA,NA,NA,1662,C.F.P.Martius,lectotype M,[Gandhi; LT],NA,NA,,NA,NA,NA,NA,NA,NA
Heliophytum_foetidum,DC.,DC.,,spec.,/n/316190-2,Boraginaceae,Heliophytum,foetidum,tax. nov.,"Maritimis, Bahia (Brazil, Southern America)",FALSE,FALSE,TRUE,,Prodr. [A. P. de Candolle],1845,1 Jan 1845,9: 553,1051-2,citation,Prodr. [A. P. de Candolle] 9: 553. 1845 [1 Jan 1845] ,FALSE,TRUE,1.4,316190-2,urn:lsid:ipni.org:names:316190-2,wfo-0000718314,FALSE,TRUE,TRUE,FALSE,FALSE,http://www.biodiversitylibrary.org/openurl?ctx_ver=Z39.88-2004&rft_id=http://www.biodiversitylibrary.org/page/162920&rft_val_fmt=info:ofi/fmt:kev:mtx:book&url_ver=z39.88-2004,162920,NA,NA,NA,pl. exs. no. 374,P.Salzmann,lectotype G-DC;isotype B;isotype BR?;isotype HAL;isotype MPU?;isotype P,[Gandhi 27 Aug 1998],NA,NA,,NA,NA,NA,NA,NA,NA
Heliophytum_odorum,Fresen.,Fresen.,,spec.,/n/292401-2,Boraginaceae,Heliophytum,odorum,tax. nov.,"Campo, Minas Gerais (Brazil, Southern America)",FALSE,FALSE,TRUE,,Fl. Bras. (Martius),1857,28 Feb 1857,8(1): 45,629-2,citation,Fl. Bras. (Martius) 8(1): 45. 1857 [28 Feb 1857] ,FALSE,TRUE,1.5,292401-2,urn:lsid:ipni.org:names:292401-2,wfo-0000718322,FALSE,TRUE,TRUE,FALSE,FALSE,http://www.biodiversitylibrary.org/openurl?ctx_ver=Z39.88-2004&rft_id=http://www.biodiversitylibrary.org/page/146288&rft_val_fmt=info:ofi/fmt:kev:mtx:book&url_ver=z39.88-2004,146288,NA,NA,NA,s.n.,J.B.E.Pohl,lectotype BR;isotype M,[Gandhi; LT],NA,NA,,NA,NA,NA,NA,NA,NA
Heliophytum_persicariifolium,DC.,DC.,,spec.,/n/119672-2,Boraginaceae,Heliophytum,persicariifolium,tax. nov.,"Silvis caeduis et Capacina ad Serra dos Orgaos, Brazil (Southern America)",FALSE,FALSE,TRUE,,Prodr. [A. P. de Candolle],1845,1 Jan 1845,9: 556,1051-2,citation,Prodr. [A. P. de Candolle] 9: 556. 1845 [1 Jan 1845] ,FALSE,TRUE,1.5,119672-2,urn:lsid:ipni.org:names:119672-2,wfo-0000718324,FALSE,TRUE,TRUE,FALSE,FALSE,http://www.biodiversitylibrary.org/openurl?ctx_ver=Z39.88-2004&rft_id=http://www.biodiversitylibrary.org/page/162923&rft_val_fmt=info:ofi/fmt:kev:mtx:book&url_ver=z39.88-2004,162923,NA,NA,NA,178,J.Lhotsky,lectotype G-DC;isotype HAL;isotype W,[Gandhi; LT],NA,NA,,NA,NA,NA,NA,NA,NA
Heliotropium_bahiense,DC.,DC.,,spec.,/n/316151-2,Boraginaceae,Heliotropium,bahiense,tax. nov.,"sabulosis maritimis, Bahia (Brazil, Southern America)",FALSE,FALSE,TRUE,,Prodr. [A. P. de Candolle],1845,1 Jan 1845,9: 544,1051-2,citation,Prodr. [A. P. de Candolle] 9: 544. 1845 [1 Jan 1845] ,FALSE,TRUE,1.4,316151-2,urn:lsid:ipni.org:names:316151-2,wfo-0000718412,FALSE,TRUE,TRUE,FALSE,FALSE,http://www.biodiversitylibrary.org/openurl?ctx_ver=Z39.88-2004&rft_id=http://www.biodiversitylibrary.org/page/162911&rft_val_fmt=info:ofi/fmt:kev:mtx:book&url_ver=z39.88-2004,162911,NA,NA,NA,368,P.Salzmann,lectotype G-DC;isotype B;isotype F;isotype H;isotype HAL;isotype K;isotype M;isotype MPU;isotype P,[Gandhi 24 Aug 1998],NA,NA,,NA,NA,NA,NA,NA,NA
Heliotropium_claussenii,A.DC.,A.DC.,,spec.,/n/316154-2,Boraginaceae,Heliotropium,claussenii,tax. nov.,"Minas Gerais (Brazil, Southern America)",FALSE,FALSE,TRUE,,Prodr. [A. P. de Candolle],1845,1 Jan 1845,9: 543,1051-2,citation,Prodr. [A. P. de Candolle] 9: 543. 1845 [1 Jan 1845] ,FALSE,TRUE,1.4,316154-2,urn:lsid:ipni.org:names:316154-2,wfo-0000718473,FALSE,TRUE,TRUE,FALSE,FALSE,http://www.biodiversitylibrary.org/openurl?ctx_ver=Z39.88-2004&rft_id=http://www.biodiversitylibrary.org/page/162910&rft_val_fmt=info:ofi/fmt:kev:mtx:book&url_ver=z39.88-2004,162910,NA,NA,NA,416,P.Claussen,lectotype G-DC;isotype BREM;isotype FI-W,[Gandhi 24 Aug 1998],NA,NA,,NA,NA,NA,NA,NA,NA
Heliotropium_erectum,Vell.,Vell.,,spec.,/n/316155-2,Boraginaceae,Heliotropium,erectum,tax. nov.,Brazil (Southern America),FALSE,FALSE,TRUE,,Fl. Flumin.,1829,1825 publ. 7 Sep-28 Nov 1829,69,932-2,citation,Fl. Flumin. 69. 1829 [1825 publ. 7 Sep-28 Nov 1829] ,FALSE,TRUE,1.3,316155-2,urn:lsid:ipni.org:names:316155-2,wfo-0000718551,FALSE,TRUE,TRUE,FALSE,FALSE,http://www.biodiversitylibrary.org/openurl?ctx_ver=Z39.88-2004&rft.date=1829&rft.spage=69&rft_id=http://www.biodiversitylibrary.org/bibliography/745&rft_val_fmt=info:ofi/fmt:kev:mtx:book&url_ver=z39.88-2004,NA,NA,NA,NA,NA,NA,NA,[Gandhi 24 Aug 1998] later homonym (non Lam. 1778),NA,NA,,NA,NA,NA,NA,"Vell., Fl. Flumin. Ic. 2: t. 42. 1831.",NA
Heliotropium_helophilum,Mart.,Mart.,,spec.,/n/316163-2,Boraginaceae,Heliotropium,helophilum,tax. nov.,"Humidis humosis prope Cujaba, Brazil (Southern America)",FALSE,FALSE,TRUE,,Flora,1838,NA,"21(2, Beibl. 4): 85",648-2,citation,"Flora 21(2, Beibl. 4): 85. 1838 ",FALSE,TRUE,1.3,316163-2,urn:lsid:ipni.org:names:316163-2,wfo-0000718635,FALSE,TRUE,TRUE,FALSE,FALSE,NA,NA,NA,NA,NA,Herb. Fl. Bras. 267,C.F.P.Martius,lectotype BR;isotype FI-W;isotype G-DC;isotype GH;isotype L;isotype LE;isotype M;isotype P;isotype W,[Gandhi 26 Aug 1998],NA,NA,,NA,NA,NA,NA,NA,NA
Heliotropium_minarum,Glaz.,Glaz.,,spec.,/n/119828-2,Boraginaceae,Heliotropium,minarum,tax. nov.,"Entre Sitio et Barbacena, Minas Gerais (Brazil, Southern America)",FALSE,FALSE,FALSE,,Bull. Soc. Bot. France,1910,NA,57(Mém. 3e): 479,578-2,citation,Bull. Soc. Bot. France 57(Mém. 3e): 479. 1910 ,FALSE,TRUE,1.3,119828-2,urn:lsid:ipni.org:names:119828-2,NA,FALSE,FALSE,TRUE,FALSE,FALSE,NA,NA,NA,NA,NA,15272,A.F.M.Glaziou,lectotype P;isotype B;isotype BM?;isotype BR;isotype C;isotype F;isotype G;isotype K;isotype LE;isotype P,[Gandhi; LT],NA,NA,,NA,NA,NA,NA,NA,NA
Heliotropium_monostachyum,Cham.,Cham.,,spec.,/n/316168-2,Boraginaceae,Heliotropium,monostachyum,tax. nov.,Brazil (Southern America),FALSE,FALSE,TRUE,,Linnaea,1829,post Oct 1829,4(4): 455 (-456),703-2,citation,Linnaea 4(4): 455 (-456). 1829 [post Oct 1829] ,FALSE,TRUE,1.2.2.1.1.1,316168-2,urn:lsid:ipni.org:names:316168-2,wfo-0000718759,FALSE,TRUE,TRUE,FALSE,FALSE,http://www.biodiversitylibrary.org/openurl?ctx_ver=Z39.88-2004&rft.date=1829&rft.issue=4&rft.spage=455&rft.volume=4&rft_id=http://www.biodiversitylibrary.org/bibliography/626&rft_val_fmt=info:ofi/fmt:kev:mtx:book&url_ver=z39.88-2004,NA,NA,NA,NA,s.n.,F.Sellow,lectotype LE-CHAM;isotype B;isotype BM;isotype BR;isotype G;isotype K;isotype L,NA,NA,NA,,NA,NA,NA,NA,NA,NA
Heliotropium_ocellatum,Cham.,Cham.,,spec.,/n/316169-2,Boraginaceae,Heliotropium,ocellatum,tax. nov.,"Meridionalis, Brazil (Southern America)",FALSE,FALSE,TRUE,,Linnaea,1829,post Oct 1829,"4(4): 463 (-464; t. 5, fig. 5)",703-2,citation,"Linnaea 4(4): 463 (-464; t. 5, fig. 5). 1829 [post Oct 1829] ",FALSE,TRUE,1.2.2.1,316169-2,urn:lsid:ipni.org:names:316169-2,wfo-0000718789,FALSE,TRUE,TRUE,FALSE,FALSE,http://www.biodiversitylibrary.org/openurl?ctx_ver=Z39.88-2004&rft.date=1829&rft.issue=4&rft.spage=463&rft.volume=4&rft_id=http://www.biodiversitylibrary.org/bibliography/626&rft_val_fmt=info:ofi/fmt:kev:mtx:book&url_ver=z39.88-2004,NA,NA,NA,NA,[3579],F.Sellow,lectotype LE-CHAM;isotype B;isotype BR;isotype G-DC;isotype HAL;isotype K;isotype L;isotype M;isotype P;isotype US;isotype W,NA,NA,NA,,NA,NA,NA,NA,NA,NA
Heliotropium_phylicoides,Cham.,Cham.,,spec.,/n/316175-2,Boraginaceae,Heliotropium,phylicoides,tax. nov.,"Meridionali (Rincon de Gallinas; Campo, Cap Nueba albique), Brazil (Southern America)",FALSE,FALSE,TRUE,,Linnaea,1829,post Oct 1829,4(4): 460 (-462),703-2,citation,Linnaea 4(4): 460 (-462). 1829 [post Oct 1829] ,FALSE,TRUE,1.2.2.1,316175-2,urn:lsid:ipni.org:names:316175-2,wfo-0000718835,FALSE,TRUE,TRUE,FALSE,FALSE,http://www.biodiversitylibrary.org/openurl?ctx_ver=Z39.88-2004&rft.date=1829&rft.issue=4&rft.spage=460&rft.volume=4&rft_id=http://www.biodiversitylibrary.org/bibliography/626&rft_val_fmt=info:ofi/fmt:kev:mtx:book&url_ver=z39.88-2004,NA,NA,NA,NA,[1002],F.Sellow,lectotype LE-CHAM;isotype B;isotype BR?;isotype G-DC;isotype HAL;isotype K;isotype P,NA,NA,NA,,NA,NA,NA,NA,NA,NA
Heliotropium_rigidifolium,A.DC.,A.DC.,,spec.,/n/316181-2,Boraginaceae,Heliotropium,rigidifolium,tax. nov.,"Tamandua, Bahia (Brazil, Southern America)",FALSE,FALSE,TRUE,,Prodr. [A. P. de Candolle],1845,1 Jan 1845,9: 543,1051-2,citation,Prodr. [A. P. de Candolle] 9: 543. 1845 [1 Jan 1845] ,FALSE,TRUE,1.4,316181-2,urn:lsid:ipni.org:names:316181-2,wfo-0000718886,FALSE,TRUE,TRUE,FALSE,FALSE,http://www.biodiversitylibrary.org/openurl?ctx_ver=Z39.88-2004&rft_id=http://www.biodiversitylibrary.org/page/162910&rft_val_fmt=info:ofi/fmt:kev:mtx:book&url_ver=z39.88-2004,162910,NA,NA,NA,3845 [93],J.S.Blanchet,lectotype G-DC;isotype BM;isotype BR;isotype F;isotype FI;isotype FI-W;isotype P,[Gandhi 27 Aug 1998],NA,NA,,NA,NA,NA,NA,NA,NA
Heliotropium_salicoides,Cham.,Cham.,,spec.,/n/117200-1,Boraginaceae,Heliotropium,salicoides,tax. nov.,Brazil (Southern America),FALSE,FALSE,TRUE,,Linnaea,1833,early 1833,8(1): 117,703-2,citation,Linnaea 8(1): 117. 1833 [early 1833] ,FALSE,TRUE,1.6,117200-1,urn:lsid:ipni.org:names:117200-1,wfo-0000718900,FALSE,TRUE,TRUE,TRUE,FALSE,http://www.biodiversitylibrary.org/openurl?ctx_ver=Z39.88-2004&rft.date=1833&rft.issue=1&rft.spage=117&rft.volume=8&rft_id=http://www.biodiversitylibrary.org/bibliography/626&rft_val_fmt=info:ofi/fmt:kev:mtx:book&url_ver=z39.88-2004,NA,NA,NA,NA,NA,NA,NA,NA,NA,NA,,NA,NA,collection: Sellow [s.n.; s.d.],NA,NA,Bras
Heliotropium_scandens,Vell.,Vell.,,spec.,/n/316184-2,Boraginaceae,Heliotropium,scandens,tax. nov.,Brazil (Southern America),FALSE,FALSE,TRUE,,Fl. Flumin.,1829,1825 publ. 7 Sep-28 Nov 1829,69,932-2,citation,Fl. Flumin. 69. 1829 [1825 publ. 7 Sep-28 Nov 1829] ,FALSE,TRUE,1.3,316184-2,urn:lsid:ipni.org:names:316184-2,wfo-0000718910,FALSE,TRUE,TRUE,FALSE,FALSE,http://www.biodiversitylibrary.org/openurl?ctx_ver=Z39.88-2004&rft.date=1829&rft.spage=69&rft_id=http://www.biodiversitylibrary.org/bibliography/745&rft_val_fmt=info:ofi/fmt:kev:mtx:book&url_ver=z39.88-2004,NA,NA,NA,NA,NA,NA,NA,[Gandhi 27 Aug 1998],NA,NA,,NA,NA,NA,NA,"Vell., Fl. Flumin. Ic. 2: t. 41. 1831.",NA
Heliotropium_sidifolium,Cham.,Cham.,,spec.,/n/316185-2,Boraginaceae,Heliotropium,sidifolium,tax. nov.,Brazil (Southern America),FALSE,FALSE,TRUE,,Linnaea,1829,post Oct 1829,4(4): 460 (-458),703-2,citation,Linnaea 4(4): 460 (-458). 1829 [post Oct 1829] (as sidaefolium),FALSE,TRUE,1.2.2.1,316185-2,urn:lsid:ipni.org:names:316185-2,wfo-0001215182,TRUE,TRUE,TRUE,FALSE,FALSE,http://www.biodiversitylibrary.org/openurl?ctx_ver=Z39.88-2004&rft.date=1829&rft.issue=4&rft.spage=460&rft.volume=4&rft_id=http://www.biodiversitylibrary.org/bibliography/626&rft_val_fmt=info:ofi/fmt:kev:mtx:book&url_ver=z39.88-2004,NA,(as sidaefolium),NA,NA,s.n.,F.Sellow,lectotype M;isotype B;isotype BREM;isotype HAL;isotype LE?;isotype P?,NA,NA,NA,,NA,NA,NA,NA,NA,NA
Heliotropium_strictissimum,A.DC.,A.DC.,,spec.,/n/316186-2,Boraginaceae,Heliotropium,strictissimum,tax. nov.,"Serra Jacobina, Bahia (Brazil, Southern America)",FALSE,FALSE,FALSE,,Prodr. [A. P. de Candolle],1845,1 Jan 1845,9: 544,1051-2,citation,Prodr. [A. P. de Candolle] 9: 544. 1845 [1 Jan 1845] ,FALSE,TRUE,1.4,316186-2,urn:lsid:ipni.org:names:316186-2,NA,FALSE,FALSE,TRUE,FALSE,FALSE,http://www.biodiversitylibrary.org/openurl?ctx_ver=Z39.88-2004&rft_id=http://www.biodiversitylibrary.org/page/162911&rft_val_fmt=info:ofi/fmt:kev:mtx:book&url_ver=z39.88-2004,162911,NA,NA,NA,3402a,J.S.Blanchet,lectotype G-DC;isotype B;isotype BM;isotype BR;isotype C;isotype F;isotype FI;isotype FI-W;isotype HAL;isotype K;isotype KIEL;isotype LE;isotype M;isotype NY;isotype P;isotype W,[Gandhi 27 Aug 1998],NA,NA,,NA,NA,NA,NA,NA,NA
Heliotropium_tenue,Willd.,Willd.,,spec.,/n/117280-1,Boraginaceae,Heliotropium,tenue,tax. nov.,Brazil (Southern America),FALSE,FALSE,TRUE,,"Syst. Veg., ed. 15 bis [Roemer & Schultes]",1819,NA,4: 737,14665-2,citation,"Syst. Veg., ed. 15 bis [Roemer & Schultes] 4: 737. 1819 ",FALSE,TRUE,1.1.2.2.1.2.2.1.1.1,117280-1,urn:lsid:ipni.org:names:117280-1,wfo-0000718978,FALSE,TRUE,TRUE,FALSE,FALSE,http://www.biodiversitylibrary.org/openurl?ctx_ver=Z39.88-2004&rft.date=1819&rft.spage=737&rft.volume=4&rft_id=http://www.biodiversitylibrary.org/bibliography/825&rft_val_fmt=info:ofi/fmt:kev:mtx:book&url_ver=z39.88-2004,NA,NA,NA,NA,NA,NA,NA,The species name and description together ascribed to: 'Herb. Willd. MS.',NA,NA,,NA,NA,Collection: 'Com. ab. Hoffmannsegge',NA,NA,NA
Heliotropium_tiaridioides,Cham.,Cham.,,spec.,/n/119900-2,Boraginaceae,Heliotropium,tiaridioides,tax. nov.,Brazil (Southern America),FALSE,FALSE,TRUE,,Linnaea,1829,post Oct 1829,4(4): 453 (-455),703-2,citation,Linnaea 4(4): 453 (-455). 1829 [post Oct 1829] ,FALSE,TRUE,1.2.2.1.1.1,119900-2,urn:lsid:ipni.org:names:119900-2,wfo-0000719003,FALSE,TRUE,TRUE,FALSE,FALSE,http://www.biodiversitylibrary.org/openurl?ctx_ver=Z39.88-2004&rft.date=1829&rft.issue=4&rft.spage=453&rft.volume=4&rft_id=http://www.biodiversitylibrary.org/bibliography/626&rft_val_fmt=info:ofi/fmt:kev:mtx:book&url_ver=z39.88-2004,NA,NA,NA,NA,s.n.,F.Sellow,lectotype LE-CHAM;isotype B;isotype BR;isotype G-DC;isotype HAL;isotype K;isotype L;isotype LE-CHAM;isotype P;isotype W,NA,NA,NA,,NA,NA,NA,NA,NA,NA
Heliotropium_transalpinum,Vell.,Vell.,,spec.,/n/316187-2,Boraginaceae,Heliotropium,transalpinum,tax. nov.,"Campis apricis transalpinis prope pagum Boavista, II-III, Brazil (Southern America)",FALSE,FALSE,TRUE,,Fl. Flumin.,1829,1825 publ. 7 Sep-28 Nov 1829,68,932-2,citation,Fl. Flumin. 68. 1829 [1825 publ. 7 Sep-28 Nov 1829] ,FALSE,TRUE,1.3,316187-2,urn:lsid:ipni.org:names:316187-2,wfo-0000719007,FALSE,TRUE,TRUE,FALSE,FALSE,http://www.biodiversitylibrary.org/openurl?ctx_ver=Z39.88-2004&rft.date=1829&rft.spage=68&rft_id=http://www.biodiversitylibrary.org/bibliography/745&rft_val_fmt=info:ofi/fmt:kev:mtx:book&url_ver=z39.88-2004,NA,NA,NA,NA,NA,NA,NA,[Gandhi 27 Aug 1998],NA,NA,,NA,NA,NA,NA,"Vell., Fl. Flumin. Ic. 2: t. 40. 1831.",NA
Lepidocordia_punctata,Ducke,Ducke,,spec.,/n/138192-2,Boraginaceae,Lepidocordia,punctata,tax. nov.,Brazil (Southern America),FALSE,FALSE,TRUE,,Arch. Jard. Bot. Rio de Janeiro,1925,NA,4: 171,848-2,citation,Arch. Jard. Bot. Rio de Janeiro 4: 171. 1925 ,FALSE,TRUE,1.2,138192-2,urn:lsid:ipni.org:names:138192-2,wfo-0000361444,FALSE,TRUE,TRUE,FALSE,FALSE,NA,NA,NA,NA,NA,NA,NA,NA,NA,NA,NA,,NA,NA,NA,NA,NA,NA
Messerschmidia_organensis,Miers,Miers,,spec.,/n/327421-2,Boraginaceae,Messerschmidia,organensis,tax. nov.,"Imbuy Lane, Organ Mts, Rio de Janeiro (Brazil, Southern America)",FALSE,FALSE,TRUE,,Contr. Bot.,1868,NA,2: 205,17449-2,citation,"Contr. Bot. 2: 205. 1868 Ann. & Mag. Nat. Hist. ser. 4, 2: 194. 1868",FALSE,TRUE,1.2,327421-2,urn:lsid:ipni.org:names:327421-2,NA,TRUE,TRUE,TRUE,FALSE,FALSE,http://www.biodiversitylibrary.org/openurl?ctx_ver=Z39.88-2004&rft.date=1868&rft.spage=205&rft.volume=2&rft_id=http://www.biodiversitylibrary.org/bibliography/129755&rft_val_fmt=info:ofi/fmt:kev:mtx:book&url_ver=z39.88-2004,NA,"Ann. & Mag. Nat. Hist. ser. 4, 2: 194. 1868",NA,NA,s.n.,J.Miers,null BM,NA,NA,NA,,NA,NA,NA,NA,NA,NA
Messerschmidia_ramiflora,Miers,Miers,,spec.,/n/327422-2,Boraginaceae,Messerschmidia,ramiflora,tax. nov.,"Minas Gerais (Brazil, Southern America)",FALSE,FALSE,TRUE,,Contr. Bot.,1868,NA,2: 208,17449-2,citation,"Contr. Bot. 2: 208. 1868 Ann. & Mag. Nat. Hist. ser. 4, 2: 197. 1868",FALSE,TRUE,1.2,327422-2,urn:lsid:ipni.org:names:327422-2,wfo-0000378274,TRUE,TRUE,TRUE,FALSE,FALSE,http://www.biodiversitylibrary.org/openurl?ctx_ver=Z39.88-2004&rft.date=1868&rft.spage=208&rft.volume=2&rft_id=http://www.biodiversitylibrary.org/bibliography/129755&rft_val_fmt=info:ofi/fmt:kev:mtx:book&url_ver=z39.88-2004,NA,"Ann. & Mag. Nat. Hist. ser. 4, 2: 197. 1868",NA,NA,5037,George Gardner,null BM,NA,NA,NA,,NA,NA,NA,NA,NA,NA
Myriopus_eulinae,J.I.M.Melo & R.S.Santos,J.I.M.Melo & R.S.Santos,,spec.,/n/77300608-1,Boraginaceae,Myriopus,eulinae,tax. nov.,"Alagoas (Brazil Northeast, Brazil, Southern America);Bahia (Brazil Northeast, Brazil, Southern America);Pernambuco (Brazil Northeast, Brazil, Southern America);",FALSE,FALSE,TRUE,,Brittonia,2022,9 Mar 2022,74(2): 181,561-2,citation,Brittonia 74(2): 181. 2022 [9 Mar 2022] [epublished],FALSE,TRUE,1.5,77300608-1,urn:lsid:ipni.org:names:77300608-1,wfo-1000030633,TRUE,TRUE,TRUE,FALSE,FALSE,NA,NA,[epublished],NA,NA,1444,A.Rapini et al.,holotype HUEFS 139673;isotype HACAM,"doi:10.1007/s12228-022-09697-w Etymology: 'The specific epithet honors Eulina Miranda de Melo, J.I.M.Melo’s mother, who passed away in January 2020'.",9 Jan 2008,"Bahia: São Félix do Coribe, Distrito de Altamira, Fazenda Lagoa Pequena, 655 m",,NA,NA,NA,NA,NA,NA
Patagonula_glaziovii,Mez,Mez,,spec.,/n/185551-2,Boraginaceae,Patagonula,glaziovii,tax. nov.,Brazil (Southern America),FALSE,FALSE,TRUE,,Bot. Jahrb. Syst.,1890,24 Jun 1890,"12(1-2, Beibl. 27): 17",553-2,citation,"Bot. Jahrb. Syst. 12(1-2, Beibl. 27): 17. 1890 [24 Jun 1890] ",FALSE,TRUE,1.6,185551-2,urn:lsid:ipni.org:names:185551-2,NA,FALSE,TRUE,TRUE,FALSE,FALSE,NA,NA,NA,NA,NA,NA,NA,NA,NA,NA,NA,,NA,NA,NA,NA,NA,NA
Preslaea_linifolia,A.St.-Hil.,A.St.-Hil.,,spec.,/n/210053-2,Boraginaceae,Preslaea,linifolia,tax. nov.,"Sur le sable a la Praia do Portal terres du Cabo Frio, Brazil (Southern America)",FALSE,FALSE,TRUE,,Voy. Distr. Diam.,1833,NA,2: 433,3477-2,citation,Voy. Distr. Diam. 2: 433. 1833 ,FALSE,TRUE,1.3,210053-2,urn:lsid:ipni.org:names:210053-2,wfo-0000397489,FALSE,TRUE,TRUE,FALSE,FALSE,NA,NA,NA,NA,NA,433 [86s],A.F.C.P.de Saint-Hilaire,lectotype P;isotype B;isotype M;isotype MPU,[Gandhi; LT],NA,NA,,NA,NA,NA,NA,NA,NA
Preslaea_paradoxa,Mart.,Mart.,,spec.,/n/210054-2,Boraginaceae,Preslaea,paradoxa,tax. nov.,"Ripa arenosa fluvii San Francisci prope Joazeiro, Bahia (Brazil, Southern America)",FALSE,FALSE,TRUE,,Nov. Gen. Sp. Pl. (Martius),1827,Jan-Jun 1827,"2(2): 76, t. 164",16214-2,citation,"Nov. Gen. Sp. Pl. (Martius) 2(2): 76, t. 164. 1827 [Jan-Jun 1827] ",FALSE,TRUE,1.3,210054-2,urn:lsid:ipni.org:names:210054-2,wfo-0000397488,FALSE,TRUE,TRUE,FALSE,FALSE,http://www.biodiversitylibrary.org/openurl?ctx_ver=Z39.88-2004&rft.date=1827&rft.issue=2&rft.spage=76&rft.volume=2&rft_id=http://www.biodiversitylibrary.org/bibliography/450&rft_val_fmt=info:ofi/fmt:kev:mtx:book&url_ver=z39.88-2004,NA,NA,NA,NA,s.n.,C.F.P.Martius,lectotype M;isotype B;isotype BR;isotype FI-W,[Gandhi; LT],NA,NA,,NA,NA,NA,NA,NA,NA
Preslaea_parciflora,Mart.,Mart.,,spec.,/n/210055-2,Boraginaceae,Preslaea,parciflora,tax. nov.,"Sabulosis humentibus prope Cujaba, Mato Grosso (Brazil, Southern America)",FALSE,FALSE,TRUE,,Flora,1839,NA,"22(1, Beibl.): 7, no. 277",648-2,citation,"Flora 22(1, Beibl.): 7, no. 277. 1839 ",FALSE,TRUE,1.3,210055-2,urn:lsid:ipni.org:names:210055-2,wfo-0000397486,FALSE,TRUE,TRUE,FALSE,FALSE,NA,NA,NA,NA,NA,Herb. Fl. Bras. 277,C.F.P.Martius,lectotype M;isotype BR;isotype G-DC;isotype HAL;isotype K;isotype L;isotype LE;isotype NY;isotype P;isotype TUB;isotype W,[Gandhi; LT],NA,NA,,NA,NA,NA,NA,NA,NA
Preslaea_stenostachya,A.St.-Hil.,A.St.-Hil.,,spec.,/n/210056-2,Boraginaceae,Preslaea,stenostachya,tax. nov.,"Ripas fluminis Parahyba, Brazil (Southern America)",FALSE,FALSE,TRUE,,Voy. Distr. Diam.,1833,NA,2: 434,3477-2,citation,Voy. Distr. Diam. 2: 434. 1833 ,FALSE,TRUE,1.3,210056-2,urn:lsid:ipni.org:names:210056-2,wfo-0000397485,FALSE,TRUE,TRUE,FALSE,FALSE,NA,NA,NA,NA,NA,B228,A.F.C.P.de Saint-Hilaire,lectotype P;isotype K;isotype M;isotype MPU;isotype NY?;isotype P,[Gandhi; LT],NA,NA,,NA,NA,NA,NA,NA,NA
Saccellium_brasiliense,I.M.Johnst.,I.M.Johnst.,,spec.,/n/225032-2,Boraginaceae,Saccellium,brasiliense,tax. nov.,"Mato Grosso (Brazil, Southern America)",FALSE,FALSE,TRUE,,J. Arnold Arbor.,1935,NA,16: 181,981-2,citation,J. Arnold Arbor. 16: 181. 1935 ,FALSE,TRUE,1.3,225032-2,urn:lsid:ipni.org:names:225032-2,wfo-0001276653,FALSE,TRUE,TRUE,FALSE,FALSE,http://www.biodiversitylibrary.org/openurl?ctx_ver=Z39.88-2004&rft.date=1935&rft.spage=181&rft.volume=16&rft_id=http://www.biodiversitylibrary.org/bibliography/480&rft_val_fmt=info:ofi/fmt:kev:mtx:book&url_ver=z39.88-2004,NA,NA,NA,NA,NA,NA,NA,NA,NA,NA,,NA,NA,NA,NA,NA,NA
Schleidenia_dasycarpa,Fresen.,Fresen.,,spec.,/n/316193-2,Boraginaceae,Schleidenia,dasycarpa,tax. nov.,"Piaui (Brazil, Southern America)",FALSE,FALSE,TRUE,,Fl. Bras. (Martius),1857,28 Feb 1857,8(1): 37,629-2,citation,Fl. Bras. (Martius) 8(1): 37. 1857 [28 Feb 1857] ,FALSE,TRUE,1.5,316193-2,urn:lsid:ipni.org:names:316193-2,wfo-0000432453,FALSE,TRUE,TRUE,FALSE,FALSE,http://www.biodiversitylibrary.org/openurl?ctx_ver=Z39.88-2004&rft_id=http://www.biodiversitylibrary.org/page/146284&rft_val_fmt=info:ofi/fmt:kev:mtx:book&url_ver=z39.88-2004,146284,NA,NA,NA,2262,George Gardner,lectotype M;isotype BM;isotype GH;isotype K;isotype NY;isotype P;isotype US;isotype W,[Gandhi 27 Aug 1998],NA,NA,,NA,NA,NA,NA,NA,NA
Schleidenia_elliptica,Fresen.,Fresen.,,spec.,/n/229578-2,Boraginaceae,Schleidenia,elliptica,tax. nov.,"Pascuis ad fl. San Francisci prope Salgado, Minas Gerais (Brazil, Southern America)",FALSE,FALSE,TRUE,,Fl. Bras. (Martius),1857,28 Feb 1857,8(1): 42,629-2,citation,Fl. Bras. (Martius) 8(1): 42. 1857 [28 Feb 1857] ,FALSE,TRUE,1.5,229578-2,urn:lsid:ipni.org:names:229578-2,wfo-0001239190,FALSE,TRUE,TRUE,FALSE,FALSE,http://www.biodiversitylibrary.org/openurl?ctx_ver=Z39.88-2004&rft_id=http://www.biodiversitylibrary.org/page/146286&rft_val_fmt=info:ofi/fmt:kev:mtx:book&url_ver=z39.88-2004,146286,NA,NA,NA,s.n.,C.F.P.Martius,lectotype M,[Gandhi; LT],NA,NA,,NA,NA,NA,NA,NA,NA
Schleidenia_fumana,Fresen.,Fresen.,,spec.,/n/229579-2,Boraginaceae,Schleidenia,fumana,tax. nov.,"Formigas et Ribeirao, Brazil (Southern America)",FALSE,FALSE,TRUE,,Fl. Bras. (Martius),1857,28 Feb 1857,8(1): 40,629-2,citation,Fl. Bras. (Martius) 8(1): 40. 1857 [28 Feb 1857] ,FALSE,TRUE,1.5,229579-2,urn:lsid:ipni.org:names:229579-2,wfo-0000432455,FALSE,TRUE,TRUE,FALSE,FALSE,http://www.biodiversitylibrary.org/openurl?ctx_ver=Z39.88-2004&rft_id=http://www.biodiversitylibrary.org/page/146285&rft_val_fmt=info:ofi/fmt:kev:mtx:book&url_ver=z39.88-2004,146285,NA,NA,NA,565 [= 3081 bzw. distr. no. 1588],J.B.E.Pohl,lectotype W;isotype B;isotype GH;isotype K;isotype M,[Gandhi; LT],NA,NA,,NA,NA,NA,NA,NA,NA
Schleidenia_gardneri,Fresen.,Fresen.,,spec.,/n/229580-2,Boraginaceae,Schleidenia,gardneri,tax. nov.,"Paranagua?, Piaui (Brazil, Southern America)",FALSE,FALSE,TRUE,,Fl. Bras. (Martius),1857,28 Feb 1857,8(1): 35,629-2,citation,Fl. Bras. (Martius) 8(1): 35. 1857 [28 Feb 1857] ,FALSE,TRUE,1.5,229580-2,urn:lsid:ipni.org:names:229580-2,wfo-0000432464,FALSE,TRUE,TRUE,FALSE,FALSE,http://www.biodiversitylibrary.org/openurl?ctx_ver=Z39.88-2004&rft_id=http://www.biodiversitylibrary.org/page/146283&rft_val_fmt=info:ofi/fmt:kev:mtx:book&url_ver=z39.88-2004,146283,NA,NA,NA,2685,George Gardner,lectotype M;isotype BM;isotype G-DC;isotype K;isotype P;isotype US;isotype W,[Gandhi; LT],NA,NA,,NA,NA,NA,NA,NA,NA
Schleidenia_incana,Fresen.,Fresen.,,spec.,/n/316194-2,Boraginaceae,Schleidenia,incana,tax. nov.,"Goiás (Brazil, Southern America)",FALSE,FALSE,TRUE,,Fl. Bras. (Martius),1857,28 Feb 1857,8(1): 38,629-2,citation,Fl. Bras. (Martius) 8(1): 38. 1857 [28 Feb 1857] ,FALSE,TRUE,1.5,316194-2,urn:lsid:ipni.org:names:316194-2,wfo-0000432460,FALSE,TRUE,TRUE,FALSE,FALSE,http://www.biodiversitylibrary.org/openurl?ctx_ver=Z39.88-2004&rft_id=http://www.biodiversitylibrary.org/page/146284&rft_val_fmt=info:ofi/fmt:kev:mtx:book&url_ver=z39.88-2004,146284,NA,NA,NA,4295,George Gardner,lectotype M;isotype B;isotype BM;isotype F;isotype G;isotype K;isotype M;isotype NY;isotype P;isotype W,[Gandhi 27 Aug 1998],NA,NA,,NA,NA,NA,NA,NA,NA
Schleidenia_leptostachya,Fresen.,Fresen.,,spec.,/n/229582-2,Boraginaceae,Schleidenia,leptostachya,tax. nov.,"Sicciusculis arenosis campis t in praeruptis ripis arenosis juxta fl. San Francisci pr. Joazeiro, Bahia (Brazil, Southern America)",FALSE,FALSE,TRUE,,Fl. Bras. (Martius),1857,28 Feb 1857,8(1): 43,629-2,citation,Fl. Bras. (Martius) 8(1): 43. 1857 [28 Feb 1857] ,FALSE,TRUE,1.5,229582-2,urn:lsid:ipni.org:names:229582-2,wfo-0000432463,FALSE,TRUE,TRUE,FALSE,FALSE,http://www.biodiversitylibrary.org/openurl?ctx_ver=Z39.88-2004&rft_id=http://www.biodiversitylibrary.org/page/146287&rft_val_fmt=info:ofi/fmt:kev:mtx:book&url_ver=z39.88-2004,146287,NA,NA,NA,s.n.,C.F.P.Martius,lectotype M;isotype FI-W;isotype M,[Gandhi; LT],NA,NA,,NA,NA,NA,NA,NA,NA
Schleidenia_longepetiolata,Fresen.,Fresen.,,spec.,/n/229583-2,Boraginaceae,Schleidenia,longepetiolata,tax. nov.,"Rio Maranhao, Goiás (Brazil, Southern America)",FALSE,FALSE,TRUE,,Fl. Bras. (Martius),1857,28 Feb 1857,8(1): 42,629-2,citation,Fl. Bras. (Martius) 8(1): 42. 1857 [28 Feb 1857] ,FALSE,TRUE,1.5,229583-2,urn:lsid:ipni.org:names:229583-2,wfo-0001239191,FALSE,TRUE,TRUE,FALSE,FALSE,http://www.biodiversitylibrary.org/openurl?ctx_ver=Z39.88-2004&rft_id=http://www.biodiversitylibrary.org/page/146286&rft_val_fmt=info:ofi/fmt:kev:mtx:book&url_ver=z39.88-2004,146286,NA,NA,NA,2352 & 2384 [distr. no. 1593],J.B.E.Pohl,lectotype W;isotype F;isotype K;isotype W,[Gandhi; LT],NA,NA,,NA,NA,NA,NA,NA,NA
Schleidenia_macrantha,Fresen.,Fresen.,,spec.,/n/229584-2,Boraginaceae,Schleidenia,macrantha,tax. nov.,"Rio Agapita, Goiás (Brazil, Southern America)",FALSE,FALSE,TRUE,,Fl. Bras. (Martius),1857,28 Feb 1857,8(1): 40,629-2,citation,Fl. Bras. (Martius) 8(1): 40. 1857 [28 Feb 1857] ,FALSE,TRUE,1.5,229584-2,urn:lsid:ipni.org:names:229584-2,wfo-0000432456,FALSE,TRUE,TRUE,FALSE,FALSE,http://www.biodiversitylibrary.org/openurl?ctx_ver=Z39.88-2004&rft_id=http://www.biodiversitylibrary.org/page/146285&rft_val_fmt=info:ofi/fmt:kev:mtx:book&url_ver=z39.88-2004,146285,NA,NA,NA,s.n. [distr. no. 1590],J.B.E.Pohl,lectotype W;isotype B;isotype F;isotype K;isotype M,[Gandhi; LT],NA,NA,,NA,NA,NA,NA,NA,NA
Schleidenia_pubescens,Fresen.,Fresen.,,spec.,/n/229586-2,Boraginaceae,Schleidenia,pubescens,tax. nov.,"Rio de Janeiro (Brazil, Southern America)",FALSE,FALSE,TRUE,,Fl. Bras. (Martius),1857,28 Feb 1857,8(1): 35,629-2,citation,Fl. Bras. (Martius) 8(1): 35. 1857 [28 Feb 1857] ,FALSE,TRUE,1.5,229586-2,urn:lsid:ipni.org:names:229586-2,wfo-0000432442,FALSE,TRUE,TRUE,FALSE,FALSE,http://www.biodiversitylibrary.org/openurl?ctx_ver=Z39.88-2004&rft_id=http://www.biodiversitylibrary.org/page/146283&rft_val_fmt=info:ofi/fmt:kev:mtx:book&url_ver=z39.88-2004,146283,NA,NA,NA,[524],C.Gaudichaud-Beaupré,lectotype P;isotype B;isotype G?,[Gandhi; LT],NA,NA,,NA,NA,NA,NA,NA,NA
Tiaridium_elongatum,Lehm.,Lehm.,,spec.,/n/316198-2,Boraginaceae,Tiaridium,elongatum,tax. nov.,"Locis arenosis, Brazil (Southern America)",FALSE,FALSE,TRUE,,Pl. Asperif. Nucif.,1818,NA,16,8812-2,citation,Pl. Asperif. Nucif. 16. 1818 ,FALSE,TRUE,1.2,316198-2,urn:lsid:ipni.org:names:316198-2,NA,FALSE,TRUE,TRUE,FALSE,FALSE,NA,NA,NA,NA,NA,s.n.,F.W.Sieber,lectotype MEL;isotype B-WILLD;isotype K;isotype LE;isotype P,[Gandhi 28 Aug 1998],NA,NA,,NA,NA,NA,NA,NA,NA
Tournefortia_andradelimae,J.I.M.Melo,J.I.M.Melo,,spec.,/n/77088563-1,Boraginaceae,Tournefortia,andradelimae,tax. nov.,"Paraíba (Brazil Northeast, Brazil, Southern America)",FALSE,FALSE,TRUE,,Hoehnea,2007,30 Aug 2007,34(2): 156 (155-158; fig. 1),2305-2,citation,Hoehnea 34(2): 156 (155-158; fig. 1). 2007 [30 Aug 2007] ,FALSE,TRUE,1.3,77088563-1,urn:lsid:ipni.org:names:77088563-1,wfo-0000510542,FALSE,TRUE,TRUE,FALSE,FALSE,NA,NA,NA,NA,NA,s.n.,Braz,holotype IPA 53027,NA,Jun 1997,São José dos Cordeiros,,NA,NA,NA,NA,NA,NA
Tournefortia_breviflora,DC.,DC.,,spec.,/n/327418-2,Boraginaceae,Tournefortia,breviflora,tax. nov.,Brazil (Southern America),FALSE,FALSE,TRUE,,Prodr. [A. P. de Candolle],1845,1 Jan 1845,9: 520,1051-2,citation,Prodr. [A. P. de Candolle] 9: 520. 1845 [1 Jan 1845] ,FALSE,TRUE,1.5,327418-2,urn:lsid:ipni.org:names:327418-2,wfo-0001215394,FALSE,TRUE,TRUE,FALSE,FALSE,http://www.biodiversitylibrary.org/openurl?ctx_ver=Z39.88-2004&rft_id=http://www.biodiversitylibrary.org/page/162887&rft_val_fmt=info:ofi/fmt:kev:mtx:book&url_ver=z39.88-2004,162887,NA,NA,NA,s.n.,P.W.Lund,null G,NA,NA,NA,,NA,NA,NA,NA,NA,NA
Tournefortia_catharinensis,Vaupel,Vaupel,,spec.,/n/255466-2,Boraginaceae,Tournefortia,catharinensis,tax. nov.,Brazil (Southern America),FALSE,FALSE,TRUE,,Notizbl. Königl. Bot. Gart. Berlin,1914,NA,6: 181,3558-2,citation,Notizbl. Königl. Bot. Gart. Berlin 6: 181. 1914 ,FALSE,TRUE,1.2,255466-2,urn:lsid:ipni.org:names:255466-2,wfo-0000410792,FALSE,TRUE,TRUE,FALSE,FALSE,http://www.biodiversitylibrary.org/openurl?ctx_ver=Z39.88-2004&rft.date=1914&rft.spage=181&rft.volume=6&rft_id=http://www.biodiversitylibrary.org/bibliography/41384&rft_val_fmt=info:ofi/fmt:kev:mtx:book&url_ver=z39.88-2004,NA,NA,NA,NA,NA,NA,NA,NA,NA,NA,,NA,NA,NA,NA,NA,NA
Tournefortia_chamissoniana,Vaupel,Vaupel,,spec.,/n/255468-2,Boraginaceae,Tournefortia,chamissoniana,tax. nov.,Brazil (Southern America),FALSE,FALSE,TRUE,,Notizbl. Königl. Bot. Gart. Berlin,1914,NA,6: 182,3558-2,citation,Notizbl. Königl. Bot. Gart. Berlin 6: 182. 1914 ,FALSE,TRUE,1.2,255468-2,urn:lsid:ipni.org:names:255468-2,wfo-0000410794,FALSE,TRUE,TRUE,FALSE,FALSE,http://www.biodiversitylibrary.org/openurl?ctx_ver=Z39.88-2004&rft.date=1914&rft.spage=182&rft.volume=6&rft_id=http://www.biodiversitylibrary.org/bibliography/41384&rft_val_fmt=info:ofi/fmt:kev:mtx:book&url_ver=z39.88-2004,NA,NA,NA,NA,NA,NA,NA,NA,NA,NA,,NA,NA,NA,NA,NA,NA
Tournefortia_graciliflora,Rusby,Rusby,,spec.,/n/255480-2,Boraginaceae,Tournefortia,graciliflora,tax. nov.,Brazil and Bolivia,FALSE,FALSE,FALSE,,Bull. Torrey Bot. Club,1899,18 Mar 1899,26(3): 148,586-2,citation,Bull. Torrey Bot. Club 26(3): 148. 1899 [18 Mar 1899] ,FALSE,TRUE,1.4,255480-2,urn:lsid:ipni.org:names:255480-2,NA,FALSE,FALSE,TRUE,FALSE,FALSE,http://www.biodiversitylibrary.org/openurl?ctx_ver=Z39.88-2004&rft_id=http://www.biodiversitylibrary.org/page/710029&rft_val_fmt=info:ofi/fmt:kev:mtx:book&url_ver=z39.88-2004,710029,NA,NA,NA,NA,NA,NA,NA,NA,NA,,NA,NA,NA,NA,NA,NA
Tournefortia_gracillima,Vaupel,Vaupel,,spec.,/n/255482-2,Boraginaceae,Tournefortia,gracillima,tax. nov.,Brazil (Southern America),FALSE,FALSE,TRUE,,Notizbl. Königl. Bot. Gart. Berlin,1914,NA,6: 183,3558-2,citation,Notizbl. Königl. Bot. Gart. Berlin 6: 183. 1914 ,FALSE,TRUE,1.2,255482-2,urn:lsid:ipni.org:names:255482-2,wfo-0001215243,FALSE,TRUE,TRUE,FALSE,FALSE,http://www.biodiversitylibrary.org/openurl?ctx_ver=Z39.88-2004&rft.date=1914&rft.spage=183&rft.volume=6&rft_id=http://www.biodiversitylibrary.org/bibliography/41384&rft_val_fmt=info:ofi/fmt:kev:mtx:book&url_ver=z39.88-2004,NA,NA,NA,NA,NA,NA,NA,NA,NA,NA,,NA,NA,NA,NA,NA,NA
Tournefortia_lanuginosa,Vaupel,Vaupel,,spec.,/n/255494-2,Boraginaceae,Tournefortia,lanuginosa,tax. nov.,Brazil (Southern America),FALSE,FALSE,TRUE,,Notizbl. Königl. Bot. Gart. Berlin,1914,NA,6: 183,3558-2,citation,Notizbl. Königl. Bot. Gart. Berlin 6: 183. 1914 ,FALSE,TRUE,1.2,255494-2,urn:lsid:ipni.org:names:255494-2,wfo-0000410659,FALSE,TRUE,TRUE,FALSE,FALSE,http://www.biodiversitylibrary.org/openurl?ctx_ver=Z39.88-2004&rft.date=1914&rft.spage=183&rft.volume=6&rft_id=http://www.biodiversitylibrary.org/bibliography/41384&rft_val_fmt=info:ofi/fmt:kev:mtx:book&url_ver=z39.88-2004,NA,NA,NA,NA,NA,NA,NA,NA,NA,NA,,NA,NA,NA,NA,NA,NA
Tournefortia_macroloba,DC.,DC.,,spec.,/n/327420-2,Boraginaceae,Tournefortia,macroloba,tax. nov.,"Rio de Janeiro (Brazil, Southern America)",FALSE,FALSE,TRUE,,Prodr. [A. P. de Candolle],1845,1 Jan 1845,9: 527,1051-2,citation,Prodr. [A. P. de Candolle] 9: 527. 1845 [1 Jan 1845] ,FALSE,TRUE,1.5,327420-2,urn:lsid:ipni.org:names:327420-2,wfo-0000410679,FALSE,TRUE,TRUE,FALSE,FALSE,http://www.biodiversitylibrary.org/openurl?ctx_ver=Z39.88-2004&rft_id=http://www.biodiversitylibrary.org/page/162894&rft_val_fmt=info:ofi/fmt:kev:mtx:book&url_ver=z39.88-2004,162894,NA,NA,NA,10,J.Lhotsky,null G,NA,NA,NA,,NA,NA,NA,NA,NA,NA
Tournefortia_paniculata,Cham.,Cham.,,spec.,/n/30052535-2,Boraginaceae,Tournefortia,paniculata,tax. nov.,Brazil (Southern America),FALSE,FALSE,TRUE,,Linnaea,1829,Oct 1869,4(4): 468 (-469),703-2,citation,Linnaea 4(4): 468 (-469). 1829 [Oct 1869] ,FALSE,TRUE,1.1.2.1.1.1,30052535-2,urn:lsid:ipni.org:names:30052535-2,wfo-0000410607,FALSE,TRUE,TRUE,FALSE,FALSE,http://www.biodiversitylibrary.org/openurl?ctx_ver=Z39.88-2004&rft.date=1829&rft.issue=4&rft.spage=468&rft.volume=4&rft_id=http://www.biodiversitylibrary.org/bibliography/626&rft_val_fmt=info:ofi/fmt:kev:mtx:book&url_ver=z39.88-2004,NA,NA,NA,NA,s.n.,F. Sellow,holotype B( extant?).,NA,NA,NA,,NA,NA,NA,NA,NA,NA
Tournefortia_restingicola,Vaupel,Vaupel,,spec.,/n/255526-2,Boraginaceae,Tournefortia,restingicola,tax. nov.,Brazil (Southern America),FALSE,FALSE,TRUE,,Notizbl. Königl. Bot. Gart. Berlin,1914,NA,6: 184,3558-2,citation,Notizbl. Königl. Bot. Gart. Berlin 6: 184. 1914 ,FALSE,TRUE,1.2,255526-2,urn:lsid:ipni.org:names:255526-2,wfo-0001215261,FALSE,TRUE,TRUE,FALSE,FALSE,http://www.biodiversitylibrary.org/openurl?ctx_ver=Z39.88-2004&rft.date=1914&rft.spage=184&rft.volume=6&rft_id=http://www.biodiversitylibrary.org/bibliography/41384&rft_val_fmt=info:ofi/fmt:kev:mtx:book&url_ver=z39.88-2004,NA,NA,NA,NA,NA,NA,NA,NA,NA,NA,,NA,NA,NA,NA,NA,NA
Tournefortia_salzmannii,DC.,DC.,,spec.,/n/121129-1,Boraginaceae,Tournefortia,salzmannii,tax. nov.,Brazil (Southern America),FALSE,FALSE,TRUE,,Prodr. [A. P. de Candolle],1845,1 Jan 1845,9: 524,1051-2,citation,Prodr. [A. P. de Candolle] 9: 524. 1845 [1 Jan 1845] ,FALSE,TRUE,1.1.2.1.1.3,121129-1,urn:lsid:ipni.org:names:121129-1,wfo-0001215901,FALSE,TRUE,TRUE,TRUE,FALSE,http://www.biodiversitylibrary.org/openurl?ctx_ver=Z39.88-2004&rft_id=http://www.biodiversitylibrary.org/page/162891&rft_val_fmt=info:ofi/fmt:kev:mtx:book&url_ver=z39.88-2004,162891,NA,NA,NA,NA,NA,NA,NA,NA,NA,,NA,NA,NA,NA,NA,Bras
Tournefortia_speciosa,Vaupel,Vaupel,,spec.,/n/255539-2,Boraginaceae,Tournefortia,speciosa,tax. nov.,Brazil (Southern America),FALSE,FALSE,TRUE,,Notizbl. Königl. Bot. Gart. Berlin,1914,NA,6: 185,3558-2,citation,Notizbl. Königl. Bot. Gart. Berlin 6: 185. 1914 ,FALSE,TRUE,1.2,255539-2,urn:lsid:ipni.org:names:255539-2,wfo-0000410967,FALSE,TRUE,TRUE,FALSE,FALSE,http://www.biodiversitylibrary.org/openurl?ctx_ver=Z39.88-2004&rft.date=1914&rft.spage=185&rft.volume=6&rft_id=http://www.biodiversitylibrary.org/bibliography/41384&rft_val_fmt=info:ofi/fmt:kev:mtx:book&url_ver=z39.88-2004,NA,NA,NA,NA,NA,NA,NA,NA,NA,NA,,NA,NA,NA,NA,NA,NA
Tournefortia_vauthieri,DC.,DC.,,spec.,/n/327419-2,Boraginaceae,Tournefortia,vauthieri,tax. nov.,Brazil (Southern America),FALSE,FALSE,TRUE,,Prodr. [A. P. de Candolle],1845,1 Jan 1845,9: 526,1051-2,citation,Prodr. [A. P. de Candolle] 9: 526. 1845 [1 Jan 1845] ,FALSE,TRUE,1.5,327419-2,urn:lsid:ipni.org:names:327419-2,wfo-0000410979,FALSE,TRUE,TRUE,FALSE,FALSE,http://www.biodiversitylibrary.org/openurl?ctx_ver=Z39.88-2004&rft_id=http://www.biodiversitylibrary.org/page/162893&rft_val_fmt=info:ofi/fmt:kev:mtx:book&url_ver=z39.88-2004,162893,NA,NA,NA,s.n.,M.Vauthier,null G,NA,NA,NA,,NA,NA,NA,NA,NA,NA
Tournefortia_xapuryensis,Vaupel,Vaupel,,spec.,/n/255558-2,Boraginaceae,Tournefortia,xapuryensis,tax. nov.,Brazil (Southern America),FALSE,FALSE,TRUE,,Notizbl. Königl. Bot. Gart. Berlin,1914,NA,6: 186,3558-2,citation,Notizbl. Königl. Bot. Gart. Berlin 6: 186. 1914 ,FALSE,TRUE,1.2,255558-2,urn:lsid:ipni.org:names:255558-2,wfo-0001215270,FALSE,TRUE,TRUE,FALSE,FALSE,http://www.biodiversitylibrary.org/openurl?ctx_ver=Z39.88-2004&rft.date=1914&rft.spage=186&rft.volume=6&rft_id=http://www.biodiversitylibrary.org/bibliography/41384&rft_val_fmt=info:ofi/fmt:kev:mtx:book&url_ver=z39.88-2004,NA,NA,NA,NA,NA,NA,NA,NA,NA,NA,,NA,NA,NA,NA,NA,NA
Varronia_johnstoniana,J.I.M.Melo & D.D.Vieira,J.I.M.Melo & D.D.Vieira,,spec.,/n/77150595-1,Boraginaceae,Varronia,johnstoniana,tax. nov.,"Sergipe (Brazil Northeast, Brazil, Southern America)",FALSE,FALSE,TRUE,,Phytotaxa,2015,20 Oct 2015,231(2): 148,20011462-1,citation,Phytotaxa 231(2): 148. 2015 [20 Oct 2015] [epublished],FALSE,TRUE,1.1,77150595-1,urn:lsid:ipni.org:names:77150595-1,wfo-0001317546,TRUE,TRUE,TRUE,FALSE,FALSE,NA,NA,[epublished],NA,NA,24,T.V.P.Dantas &amp; J.E.Nascimento-Júnior,holotype ASE,doi:10.11646/phytotaxa.231.2.3,30 Jul 2008,"Areia Branca, Serra de Itabaiana National Park, Serra de Itabaiana",,NA,NA,NA,NA,NA,NA
Varronia_mariana,E.C.O.Chagas & Costa-Lima,E.C.O.Chagas & Costa-Lima,,spec.,/n/77195160-1,Boraginaceae,Varronia,mariana,tax. nov.,"Alagoas (Brazil Northeast, Brazil, Southern America);Bahia (Brazil Northeast, Brazil, Southern America);Paraíba (Brazil Northeast, Brazil, Southern America);Pernambuco (Brazil Northeast, Brazil, Southern America);Rio Grande do Norte (Brazil Northeast, Brazil, Southern America);Sergipe (Brazil Northeast, Brazil, Southern America);",FALSE,FALSE,TRUE,,Syst. Bot.,2018,28 Nov 2018,43(4): 1026,1295-2,citation,Syst. Bot. 43(4): 1026. 2018 [28 Nov 2018] [epublished],FALSE,TRUE,1.1,77195160-1,urn:lsid:ipni.org:names:77195160-1,wfo-0001319246,TRUE,TRUE,TRUE,FALSE,FALSE,NA,NA,[epublished],NA,NA,13419,E.C.O.Chagas &amp; J.L.Costa-Lima,holotype MAC;isotype ASE;isotype EAC;isotype HUEFS;isotype IPA;isotype JPB;isotype UFRN;isotype W,"doi:10.1600/036364418X697760 The name of this species is in honor of all the women with the name Maria, almost 12 million in Brazil.",19 Jan 2017,"Alagoas: Mun. Santana do Ipanema, Cruzeiro, 334 m",,NA,NA,NA,NA,NA,NA
Varronia_minensis,T.S.Silva & J.I.M.Melo,T.S.Silva & J.I.M.Melo,,spec.,/n/77298043-1,Boraginaceae,Varronia,minensis,tax. nov.,"Minas Gerais (Brazil Southeast, Brazil, Southern America)",FALSE,FALSE,TRUE,,Brittonia,2022,28 Jan 2022,74(1): 72,561-2,citation,Brittonia 74(1): 72. 2022 [28 Jan 2022] [epublished],FALSE,TRUE,1.1,77298043-1,urn:lsid:ipni.org:names:77298043-1,wfo-1000031133,TRUE,TRUE,TRUE,FALSE,FALSE,NA,NA,[epublished],NA,NA,115,S.C.Nepomuceno et al.,holotype PEUFR,doi:10.1007/s12228-021-09692-7 Etymology: 'The specific epithet is a reference to the Brazilian state of Minas Gerais'.,8 Feb 2020,"Corinto, margens da BR-496, 597 m",,NA,NA,NA,NA,NA,NA
Varronia_xinguana,T.S.Silva & J.I.M.Melo,T.S.Silva & J.I.M.Melo,,spec.,/n/77205436-1,Boraginaceae,Varronia,xinguana,tax. nov.,"Pará (Brazil North, Brazil, Southern America)",FALSE,FALSE,TRUE,,Syst. Bot.,2019,6 Aug 2019,44(3): 692,1295-2,citation,Syst. Bot. 44(3): 692. 2019 [6 Aug 2019] [epublished],FALSE,TRUE,1.1,77205436-1,urn:lsid:ipni.org:names:77205436-1,wfo-1000034885,TRUE,TRUE,TRUE,FALSE,FALSE,NA,NA,[epublished],NA,NA,953,S.A.M.Souza,holotype MG;isotype NY,doi:10.1600/036364419X15620113920752,31 Jan 1987,"Altamira, rio Xingu, Largo do Passar",,NA,NA,NA,NA,NA,NA
