name,authors,publishingAuthor,authorTeam,rank,url,family,genus,species,citationType,distribution,hybrid,hybridGenus,infraspecies,inPowo,pageAsText,linkedPublication,publication,publicationYear,publicationYearNote,referenceCollation,publicationId,recordType,reference,speciesAuthor,suppressed,topCopy,version,id,fqId,wfoId,hasNomenclaturalNotes,hasExternalLinks,hasTypeData,hasOriginalData,hasLinks,bhlLink,collectionNumber,collectorTeam,collectionDate1,locality,referenceRemarks,remarks,typeCoordinates,typeLocations,nameStatus,nameStatusType,bibliographicReference,typeChosenBy,originalTaxonDistribution,typeRemarks,originalRemarks,typeNote,basionymAuthorStr,otherLinks
Actinostemon_verrucosus,Glaz.,Glaz.,,spec.,/n/4138-2,Euphorbiaceae,Actinostemon,verrucosus,tax. nov.,Brazil (Southern America),FALSE,FALSE,NA,TRUE,NA,,Bull. Soc. Bot. France,1913,NA,59(Mém. 3g): 634,578-2,citation,Bull. Soc. Bot. France 59(Mém. 3g): 634. 1913 ,NA,FALSE,TRUE,1.3,4138-2,urn:lsid:ipni.org:names:4138-2,wfo-0000741882,FALSE,TRUE,TRUE,FALSE,FALSE,NA,NA,NA,NA,NA,NA,NA,,NA,NA,NA,NA,NA,NA,NA,NA,NA,NA,NA
Algernonia_pardina,Croizat,Croizat,,spec.,/n/8341-2,Euphorbiaceae,Algernonia,pardina,tax. nov.,"Bahia (Brazil, Southern America)",FALSE,FALSE,NA,TRUE,NA,,Trop. Woods,1943,NA,76: 14,1085-2,citation,Trop. Woods 76: 14. 1943 ,NA,FALSE,TRUE,1.2,8341-2,urn:lsid:ipni.org:names:8341-2,wfo-0000941163,FALSE,TRUE,TRUE,FALSE,FALSE,NA,NA,NA,NA,NA,NA,NA,,NA,NA,NA,NA,NA,NA,NA,NA,NA,NA,NA
Amanoa_almerindae,Leal,Leal,,spec.,/n/10574-2,Euphorbiaceae,Amanoa,almerindae,tax. nov.,"Amazonas (Brazil, Southern America)",FALSE,FALSE,NA,TRUE,NA,,Arch. Jard. Bot. Rio de Janeiro,1951,NA,"11: 68, tab. 2, fig. 2 & 8",848-2,citation,"Arch. Jard. Bot. Rio de Janeiro 11: 68, tab. 2, fig. 2 & 8. 1951 ",NA,FALSE,TRUE,1.2,10574-2,urn:lsid:ipni.org:names:10574-2,wfo-0000957628,FALSE,TRUE,TRUE,FALSE,FALSE,NA,NA,NA,NA,NA,NA,NA,,NA,NA,NA,NA,NA,NA,NA,NA,NA,NA,NA
Amanoa_congesta,W.J.Hayden,W.J.Hayden,,spec.,/n/958256-1,Euphorbiaceae,Amanoa,congesta,tax. nov.,Brazil;French Guiana.;,FALSE,FALSE,NA,TRUE,NA,,Brittonia,1990,1990,42(4): 261,561-2,citation,Brittonia 42(4): 261. 1990 ,NA,FALSE,TRUE,1.1.2.1.1.3,958256-1,urn:lsid:ipni.org:names:958256-1,wfo-0000957725,FALSE,TRUE,TRUE,TRUE,FALSE,NA,NA,NA,NA,NA,NA,NA,,NA,NA,NA,NA,NA,"Brazil, French Guiana.",NA,NA,NA,NA,NA
Amanoa_gracillima,W.J.Hayden,W.J.Hayden,,spec.,/n/958257-1,Euphorbiaceae,Amanoa,gracillima,tax. nov.,Brazil.,FALSE,FALSE,NA,TRUE,NA,,Brittonia,1990,1990,42(4): 262,561-2,citation,Brittonia 42(4): 262. 1990 ,NA,FALSE,TRUE,1.1.2.1.1.3,958257-1,urn:lsid:ipni.org:names:958257-1,wfo-0000957809,FALSE,TRUE,TRUE,TRUE,FALSE,NA,NA,NA,NA,NA,NA,NA,,NA,NA,NA,NA,NA,Brazil.,NA,NA,NA,NA,NA
Amanoa_marapiensis,Secco,Secco,,spec.,/n/77142529-1,Euphorbiaceae,Amanoa,marapiensis,tax. nov.,"Pará (Brazil North, Brazil, Southern America)",FALSE,FALSE,NA,TRUE,NA,,Syst. Bot.,2014,5 Feb 2014,39(1): 235,1295-2,citation,Syst. Bot. 39(1): 235. 2014 [5 Feb 2014] [epublished],NA,FALSE,TRUE,1.1,77142529-1,urn:lsid:ipni.org:names:77142529-1,wfo-0001317218,TRUE,TRUE,TRUE,FALSE,FALSE,NA,507,B.S.Pena,7 Oct 1974,"Marapi, ponto 25",[epublished],doi:10.1600/036364414X678242,,holotype IAN,NA,NA,NA,NA,NA,NA,NA,NA,NA,NA
Amanoa_nanayensis,W.J.Hayden,W.J.Hayden,,spec.,/n/958258-1,Euphorbiaceae,Amanoa,nanayensis,tax. nov.,Peru;Brazil;Colombia.;,FALSE,FALSE,NA,TRUE,NA,,Brittonia,1990,1990,42(4): 265,561-2,citation,Brittonia 42(4): 265. 1990 ,NA,FALSE,TRUE,1.1.2.1.1.3,958258-1,urn:lsid:ipni.org:names:958258-1,wfo-0000957961,FALSE,TRUE,TRUE,TRUE,FALSE,NA,NA,NA,NA,NA,NA,NA,,NA,NA,NA,NA,NA,"Peru, Brazil, Colombia.",NA,NA,NA,NA,NA
Amanoa_robusta,Leal,Leal,,spec.,/n/10588-2,Euphorbiaceae,Amanoa,robusta,tax. nov.,"Amazonas (Brazil, Southern America)",FALSE,FALSE,NA,TRUE,NA,,Arch. Jard. Bot. Rio de Janeiro,1951,NA,"11: 69, tab. 9",848-2,citation,"Arch. Jard. Bot. Rio de Janeiro 11: 69, tab. 9. 1951 ",NA,FALSE,TRUE,1.2,10588-2,urn:lsid:ipni.org:names:10588-2,wfo-0000958091,FALSE,TRUE,TRUE,FALSE,FALSE,NA,NA,NA,NA,NA,NA,NA,,NA,NA,NA,NA,NA,NA,NA,NA,NA,NA,NA
Argythamnia_phalacradenis,J.W.Ingram,J.W.Ingram,,spec.,/n/272618-2,Euphorbiaceae,Argythamnia,phalacradenis,tax. nov.,"Santa Catarina (Brazil, Southern America)",FALSE,FALSE,NA,FALSE,NA,,Gentes Herbarum,1980,NA,11: 458,1546-2,citation,Gentes Herbarum 11: 458. 1980 ,NA,FALSE,TRUE,1.2,272618-2,urn:lsid:ipni.org:names:272618-2,NA,FALSE,FALSE,TRUE,FALSE,FALSE,NA,12343,"Lyman B.Smith, R.M.Klein",NA,NA,NA,NA,,holotype US,NA,NA,NA,NA,NA,NA,NA,NA,NA,NA
Bernardia_erecta,J.F.Carrión & Amorim,J.F.Carrión & Amorim,,spec.,/n/77234161-1,Euphorbiaceae,Bernardia,erecta,tax. nov.,"Bahia (Brazil Northeast, Brazil, Southern America)",FALSE,FALSE,NA,TRUE,NA,,Brittonia,2021,2 Jun 2021,73(3): 324,561-2,citation,Brittonia 73(3): 324. 2021 [2 Jun 2021] [epublished],NA,FALSE,TRUE,1.1,77234161-1,urn:lsid:ipni.org:names:77234161-1,wfo-1000025767,TRUE,TRUE,TRUE,FALSE,FALSE,NA,1790,"J.F.Carrión, R.Asprino, R.G.Barbosa-Silva, L.Daneu &amp; C.Sothers",26 Jan 2017,"Mun. Barro Preto [Coaraci], Serra da Pedra Lascada, 470 m",[epublished],doi:10.1007/s12228-021-09670-z The specific epithet refers to the staminate (and sometimes pistillate) inflorescences that are notably erect on plants in the field.,,"holotype HUEFS 234562;isotype CEPEC;isotype K;isotype MO MO-3089060, accession 6858593;isotype NY;isotype PMA;isotype RB 778145;isotype SPF;isotype US",NA,NA,NA,NA,NA,NA,NA,NA,NA,NA
Bernardia_monoica,J.F.Carrión & Cordeiro,J.F.Carrión & Cordeiro,,spec.,/n/77234162-1,Euphorbiaceae,Bernardia,monoica,tax. nov.,"Bahia (Brazil Northeast, Brazil, Southern America)",FALSE,FALSE,NA,TRUE,NA,,Brittonia,2021,2 Jun 2021,73(3): 327,561-2,citation,Brittonia 73(3): 327. 2021 [2 Jun 2021] [epublished],NA,FALSE,TRUE,1.1,77234162-1,urn:lsid:ipni.org:names:77234162-1,wfo-1000025768,TRUE,TRUE,TRUE,FALSE,FALSE,NA,2590,G.L.Esteves &amp; C.Kameyama,25 May 1993,"Mun. Una, estrada São José da Vitória-Una, 7.5 km da BR101, arredores da Faz. Santa Maria",[epublished],doi:10.1007/s12228-021-09670-z The specific epithet alludes to the monoecious breeding system of this species.,,holotype SP 266715;isotype HUEFS,NA,NA,NA,NA,NA,NA,NA,NA,NA,NA
Bernardia_stylosa,J.F.Carrión & Amorim,J.F.Carrión & Amorim,,spec.,/n/77234163-1,Euphorbiaceae,Bernardia,stylosa,tax. nov.,"Bahia (Brazil Northeast, Brazil, Southern America)",FALSE,FALSE,NA,TRUE,NA,,Brittonia,2021,2 Jun 2021,73(3): 329,561-2,citation,Brittonia 73(3): 329. 2021 [2 Jun 2021] [epublished],NA,FALSE,TRUE,1.1,77234163-1,urn:lsid:ipni.org:names:77234163-1,wfo-1000025769,TRUE,TRUE,TRUE,FALSE,FALSE,NA,9775,"A.M.Amorim, J.L.Paixão &amp; C.S.Pessoa",17 Oct 2015,"Mun. Ibicuí, estrada de acesso a Iguaí. Serra das Piabas, 900–1000 m",[epublished],"doi:10.1007/s12228-021-09670-z The specific epithet refers to the conspicuous erect, bifid styles with recurved branches.",,holotype CEPEC;isotype HUESC;isotype NY;isotype RB,NA,NA,NA,NA,NA,NA,NA,NA,NA,NA
Cleidion_praealtum,Croizat,Croizat,,spec.,/n/60119-2,Euphorbiaceae,Cleidion,praealtum,tax. nov.,"Mun. Humayta, near Tres Casas, Amazonas (Brazil, Southern America)",FALSE,FALSE,NA,TRUE,NA,,J. Arnold Arbor.,1943,NA,24: 167,981-2,citation,"J. Arnold Arbor. 24: 167. 1943 , as 'prealtum'",NA,FALSE,TRUE,1.6,60119-2,urn:lsid:ipni.org:names:60119-2,wfo-0000872653,TRUE,TRUE,TRUE,FALSE,FALSE,http://www.biodiversitylibrary.org/openurl?ctx_ver=Z39.88-2004&rft.date=1943&rft.spage=167&rft.volume=24&rft_id=http://www.biodiversitylibrary.org/bibliography/480&rft_val_fmt=info:ofi/fmt:kev:mtx:book&url_ver=z39.88-2004,6458,B.A.Krukoff,NA,NA,as 'prealtum',See Croizat's spelling of the specific epithet in Trop. Woods 88: 31 (1946).,,NA,NA,NA,NA,NA,NA,NA,NA,NA,NA,NA
Cnidoscolus_mcvaughii,C.C.Oliveira & M.J.Silva,C.C.Oliveira & M.J.Silva,,spec.,/n/77219232-1,Euphorbiaceae,Cnidoscolus,mcvaughii,tax. nov.,"Goiás (Brazil West-Central, Brazil, Southern America)",FALSE,FALSE,NA,TRUE,NA,,Phytotaxa,2021,13 May 2021,500(3): 187,20011462-1,citation,Phytotaxa 500(3): 187. 2021 [13 May 2021] [epublished],NA,FALSE,TRUE,1.1,77219232-1,urn:lsid:ipni.org:names:77219232-1,wfo-1000026136,TRUE,TRUE,TRUE,FALSE,FALSE,NA,514,C. C. Oliveira,14 Dec 2016,"São Domingos, Parque Estadual de Terra Ronca, em cima da gruta, 716m",[epublished],doi:10.11646/phytotaxa.500.3.3 The specific epithet honours American botanist Rogers McVaugh for his contributions to our taxonomic knowledge of the genus Cnidoscolus.,,holotype UB;isotype UFG,NA,NA,NA,NA,NA,NA,NA,NA,NA,NA
Croton_albescens,Glaz.,Glaz.,,spec.,/n/69856-2,Euphorbiaceae,Croton,albescens,tax. nov.,Brazil (Southern America),FALSE,FALSE,NA,FALSE,NA,,Bull. Soc. Bot. France,1913,1912 publ 13 Sep 1913,59(Mém. 3g): 618,578-2,citation,Bull. Soc. Bot. France 59(Mém. 3g): 618. 1913 [1912 publ 13 Sep 1913] ,NA,FALSE,TRUE,1.4,69856-2,urn:lsid:ipni.org:names:69856-2,NA,TRUE,FALSE,TRUE,FALSE,FALSE,NA,NA,NA,NA,NA,NA,NA,,NA,nom. inval. nom. nud.,nom. inval.,NA,NA,NA,NA,NA,NA,NA,NA
Croton_almadinensis,Caruzo & Riina,Caruzo & Riina,,spec.,/n/77260781-1,Euphorbiaceae,Croton,almadinensis,tax. nov.,"Bahia (Brazil Northeast, Brazil, Southern America)",FALSE,FALSE,NA,TRUE,NA,,Ann. Missouri Bot. Gard.,2021,1 Jul 2021,106(1): 119,1-2,citation,Ann. Missouri Bot. Gard. 106(1): 119. 2021 [1 Jul 2021] [epublished],NA,FALSE,TRUE,1.1,77260781-1,urn:lsid:ipni.org:names:77260781-1,wfo-1000026536,TRUE,TRUE,TRUE,FALSE,FALSE,http://www.biodiversitylibrary.org/openurl?ctx_ver=Z39.88-2004&rft.date=2021&rft.issue=1&rft.spage=119&rft.volume=106&rft_id=http://www.biodiversitylibrary.org/bibliography/702&rft_val_fmt=info:ofi/fmt:kev:mtx:book&url_ver=z39.88-2004,2922,"P.Fiaschi, J.Paixão, L.C.Gomes, S.Sant’Ana et al.",21 Jun 2005,"Serra do Corcovado, 9.8 km a SW de Coarci na estrada para Almadina, dai N ate Fazenda São Jose, 650–750 m",[epublished],"doi:10.3417/2021669 Etymology: 'This species is named after the municipality of Almadina, in Bahia State'.",,holotype CEPEC;isotype MICH;isotype NY,NA,NA,NA,NA,NA,NA,NA,NA,NA,NA
Croton_amaraliae,Riina & P.E.Berry,Riina & P.E.Berry,,spec.,/n/77260783-1,Euphorbiaceae,Croton,amaraliae,tax. nov.,"Amapá (Brazil North, Brazil, Southern America);Amazonas (Brazil North, Brazil, Southern America);Mato Grosso (Brazil West-Central, Brazil, Southern America);Pará (Brazil North, Brazil, Southern America);Rondônia (Brazil North, Brazil, Southern America);",FALSE,FALSE,NA,TRUE,NA,,Ann. Missouri Bot. Gard.,2021,1 Jul 2021,106(1): 123,1-2,citation,Ann. Missouri Bot. Gard. 106(1): 123. 2021 [1 Jul 2021] [epublished],NA,FALSE,TRUE,1.1,77260783-1,urn:lsid:ipni.org:names:77260783-1,wfo-1000026537,TRUE,TRUE,TRUE,FALSE,FALSE,http://www.biodiversitylibrary.org/openurl?ctx_ver=Z39.88-2004&rft.date=2021&rft.issue=1&rft.spage=123&rft.volume=106&rft_id=http://www.biodiversitylibrary.org/bibliography/702&rft_val_fmt=info:ofi/fmt:kev:mtx:book&url_ver=z39.88-2004,872,"I.L.Amaral, N.Silva, O.P.Monteiro, J.Lima, L.Brako, W.D.Reese &amp; M.Dibben",22 Apr 1983,"Pará: Itaituba, estrada Santarém–Cuiabá BR 163, Km. 171, próximo a divisão Pará-MT",[epublished],"doi:10.3417/2021669 Etymology: 'This species is named in honor of Iêda Leão do Amaral, a researcher from the Instituto Nacional de Pesquisas da Amazônia (INPA)'.",,holotype INPA 112263;isotype MO 3296892;isotype NY;isotype US 3336275,NA,NA,NA,NA,NA,NA,NA,NA,NA,NA
Croton_bacupariensis,Valduga & Iganci,Valduga & Iganci,,spec.,/n/77234846-1,Euphorbiaceae,Croton,bacupariensis,tax. nov.,"Rio Grande do Sul (Brazil South, Brazil, Southern America)",FALSE,FALSE,NA,TRUE,NA,,Phytotaxa,2021,21 Dec 2021,528(4): 241,20011462-1,citation,Phytotaxa 528(4): 241. 2021 [21 Dec 2021] [epublished],NA,FALSE,TRUE,1.1,77234846-1,urn:lsid:ipni.org:names:77234846-1,wfo-1000026538,TRUE,TRUE,TRUE,FALSE,FALSE,NA,795,E.Valduga,29 May 2017,"Mostardas, Lagoa do Bacopari",[epublished],"doi:10.11646/phytotaxa.528.4.2 The specific epithet refers to the type locality, Praia do Bacupari.",,holotype ICN;isotype HUCS;isotype ICN,NA,NA,NA,NA,NA,NA,NA,NA,NA,NA
Croton_decarianus,Glaz.,Glaz.,,spec.,/n/70111-2,Euphorbiaceae,Croton,decarianus,tax. nov.,Brazil (Southern America),FALSE,FALSE,NA,TRUE,NA,,Bull. Soc. Bot. France,1913,1912 publ 13 Sep 1913,59(Mém. 3g): 620,578-2,citation,Bull. Soc. Bot. France 59(Mém. 3g): 620. 1913 [1912 publ 13 Sep 1913] ,NA,FALSE,TRUE,1.6,70111-2,urn:lsid:ipni.org:names:70111-2,wfo-0000927797,TRUE,TRUE,TRUE,FALSE,FALSE,NA,NA,NA,NA,NA,NA,NA,,NA,nom. inval. nom. nud.,nom. inval.,NA,NA,NA,NA,NA,NA,NA,NA
Croton_echioideus,Baill.,Baill.,,spec.,/n/70139-2,Euphorbiaceae,Croton,echioideus,tax. nov.,"Bahia (Brazil, Southern America)",FALSE,FALSE,NA,TRUE,NA,,Adansonia,1864,Sep 1863-Aug 1864,4: 334,833-2,citation,Adansonia 4: 334. 1864 [Sep 1863-Aug 1864] (as echioideum),NA,FALSE,TRUE,1.2.2.2.1.1,70139-2,urn:lsid:ipni.org:names:70139-2,wfo-0000927885,TRUE,TRUE,TRUE,FALSE,FALSE,http://www.biodiversitylibrary.org/openurl?ctx_ver=Z39.88-2004&rft.date=1864&rft.spage=334&rft.volume=4&rft_id=http://www.biodiversitylibrary.org/bibliography/600&rft_val_fmt=info:ofi/fmt:kev:mtx:book&url_ver=z39.88-2004,3718,J. S. Blanchet,NA,Jacobina,(as echioideum),NA,,holotype P?,NA,NA,NA,NA,NA,NA,NA,NA,NA,NA
Croton_eriospermum,Lam.,Lam.,,spec.,/n/70159-2,Euphorbiaceae,Croton,eriospermum,tax. nov.,Brazil (Southern America),FALSE,FALSE,NA,TRUE,NA,,Encycl. [J. Lamarck & al.],1786,16 Oct 1786,2(1): 211,906-2,citation,Encycl. [J. Lamarck & al.] 2(1): 211. 1786 [16 Oct 1786] ,NA,FALSE,TRUE,1.3,70159-2,urn:lsid:ipni.org:names:70159-2,wfo-0000927932,FALSE,TRUE,TRUE,FALSE,FALSE,http://www.biodiversitylibrary.org/openurl?ctx_ver=Z39.88-2004&rft.date=1786&rft.issue=1&rft.spage=211&rft.volume=2&rft_id=http://www.biodiversitylibrary.org/bibliography/824&rft_val_fmt=info:ofi/fmt:kev:mtx:book&url_ver=z39.88-2004,NA,NA,NA,NA,NA,NA,,NA,NA,NA,NA,NA,NA,NA,NA,NA,NA,NA
Croton_guaritensis,A.P.N.Pereira & Caruzo,A.P.N.Pereira & Caruzo,,spec.,/n/77297276-1,Euphorbiaceae,Croton,guaritensis,tax. nov.,"Rio Grande do Sul (Brazil South, Brazil, Southern America)",FALSE,FALSE,NA,TRUE,NA,,Pl. Syst. Evol.,2022,18 Mar 2022,308(2)-14: 5,2733-2,citation,Pl. Syst. Evol. 308(2)-14: 5. 2022 [18 Mar 2022] [epublished],NA,FALSE,TRUE,1.1,77297276-1,urn:lsid:ipni.org:names:77297276-1,wfo-1000029752,TRUE,TRUE,TRUE,FALSE,FALSE,NA,77,"A.P.N.Pereira, M.B.R.Caruzo &amp; E.Valduga",9 Apr 2019,"Mun. Santana da Boa Vista, Cerro do Diogo",[epublished],"doi:10.1007/s00606-021-01803-x Etymology: 'The specifc epithet refers to the 'Guaritas do Camaquã' rock formations in southern Brazil, and is a reference to the type locality'.",,holotype HUFSP HUFSP601;isotype ICN;isotype MBM;isotype SP,NA,NA,NA,NA,NA,NA,NA,NA,NA,NA
Croton_hatschbachii,Sodré & M.J.Silva,Sodré & M.J.Silva,,spec.,/n/77299539-1,Euphorbiaceae,Croton,hatschbachii,tax. nov.,"Minas Gerais (Brazil, Southern America)",FALSE,FALSE,NA,TRUE,NA,,Acta Bot. Brasil.,2022,2 May 2022,"36-e2021abb0163: 19, figs. 1-6, 8, 9-10",1225-2,citation,"Acta Bot. Brasil. 36-e2021abb0163: 19, figs. 1-6, 8, 9-10. 2022 [2 May 2022] [epublished]",NA,FALSE,TRUE,1.3,77299539-1,urn:lsid:ipni.org:names:77299539-1,wfo-1000029753,TRUE,TRUE,TRUE,FALSE,FALSE,NA,3465,"R.C. Sodré, I.S. Santos &amp; T.P. Mendes",11 Jan 2019,"Mun. Grão Mogol: Parque Estadual de Grão Mogol, cerca de 1 km ao norte da cidade pela trilha do Barão, 890 m a. s. l.",[epublished],"Eponymy: 'The epithet honors Gert Günter Hatschbach, one of the most prolific collectors of plants of the Brazilian flora, and who collected the paratypes selected for the new species' doi:10.1590/0102-33062021abb0163",,holotype BOTU;isotype K;isotype NY;isotype RB;isotype UFG,NA,NA,NA,NA,NA,NA,NA,NA,NA,NA
Croton_kallunkiae,Riina & Caruzo,Riina & Caruzo,,spec.,/n/77260790-1,Euphorbiaceae,Croton,kallunkiae,tax. nov.,"Bahia (Brazil Northeast, Brazil, Southern America);Espírito Santo (Brazil Southeast, Brazil, Southern America);",FALSE,FALSE,NA,TRUE,NA,,Ann. Missouri Bot. Gard.,2021,1 Jul 2021,106(1): 128,1-2,citation,Ann. Missouri Bot. Gard. 106(1): 128. 2021 [1 Jul 2021] [epublished],NA,FALSE,TRUE,1.1,77260790-1,urn:lsid:ipni.org:names:77260790-1,wfo-1000026543,TRUE,TRUE,TRUE,FALSE,FALSE,http://www.biodiversitylibrary.org/openurl?ctx_ver=Z39.88-2004&rft.date=2021&rft.issue=1&rft.spage=128&rft.volume=106&rft_id=http://www.biodiversitylibrary.org/bibliography/702&rft_val_fmt=info:ofi/fmt:kev:mtx:book&url_ver=z39.88-2004,332,J.A.Kallunki &amp; J.R.Pirani,18 Jan 1993,"Espírito Santo: Piuma, roadside at base of Morro Agá, c. 5 km S of Piuma on Rod. ES-60",[epublished],doi:10.3417/2021669 Etymology: The specific epithet honours Jacquelyn (Jackie) Kallunki from the New York Botanical Garden.,,holotype SP;isotype MO;isotype NY;isotype SPF,NA,NA,NA,NA,NA,NA,NA,NA,NA,NA
Croton_lutzelburgii,Pax & K.Hoffm.,Pax & K.Hoffm.,,spec.,/n/70466-2,Euphorbiaceae,Croton,lutzelburgii,tax. nov.,Brazil (Southern America),FALSE,FALSE,NA,FALSE,NA,,Repert. Spec. Nov. Regni Veg.,1923,NA,19: 175,788-2,citation,Repert. Spec. Nov. Regni Veg. 19: 175. 1923 ,NA,FALSE,TRUE,1.3,70466-2,urn:lsid:ipni.org:names:70466-2,NA,FALSE,FALSE,TRUE,FALSE,FALSE,http://www.biodiversitylibrary.org/openurl?ctx_ver=Z39.88-2004&rft.date=1923&rft.spage=175&rft.volume=19&rft_id=http://www.biodiversitylibrary.org/bibliography/276&rft_val_fmt=info:ofi/fmt:kev:mtx:book&url_ver=z39.88-2004,NA,NA,NA,NA,NA,NA,,NA,NA,NA,NA,NA,NA,NA,NA,NA,NA,NA
Croton_nettoanus,Glaz.,Glaz.,,spec.,/n/70590-2,Euphorbiaceae,Croton,nettoanus,tax. nov.,Brazil (Southern America),FALSE,FALSE,NA,TRUE,NA,,Bull. Soc. Bot. France,1913,1912 publ 13 Sep 1913,59(Mém. 3g): 615,578-2,citation,Bull. Soc. Bot. France 59(Mém. 3g): 615. 1913 [1912 publ 13 Sep 1913] ,NA,FALSE,TRUE,1.6,70590-2,urn:lsid:ipni.org:names:70590-2,wfo-0000931803,TRUE,TRUE,TRUE,FALSE,FALSE,NA,NA,NA,NA,NA,NA,NA,,NA,nom. inval. nom. nud.,nom. inval.,NA,NA,NA,NA,NA,NA,NA,NA
Croton_pluriglandulosus,Carn.-Torres & Riina,Carn.-Torres & Riina,,spec.,/n/77260792-1,Euphorbiaceae,Croton,pluriglandulosus,tax. nov.,"Ceará (Brazil Northeast, Brazil, Southern America);Paraíba (Brazil Northeast, Brazil, Southern America);Pernambuco (Brazil Northeast, Brazil, Southern America);Piauí (Brazil Northeast, Brazil, Southern America);Rio Grande do Norte (Brazil Northeast, Brazil, Southern America);Sergipe (Brazil Northeast, Brazil, Southern America);",FALSE,FALSE,NA,TRUE,NA,,Ann. Missouri Bot. Gard.,2021,1 Jul 2021,106(1): 131,1-2,citation,Ann. Missouri Bot. Gard. 106(1): 131. 2021 [1 Jul 2021] [epublished],NA,FALSE,TRUE,1.1,77260792-1,urn:lsid:ipni.org:names:77260792-1,wfo-1000026545,TRUE,TRUE,TRUE,FALSE,FALSE,http://www.biodiversitylibrary.org/openurl?ctx_ver=Z39.88-2004&rft.date=2021&rft.issue=1&rft.spage=131&rft.volume=106&rft_id=http://www.biodiversitylibrary.org/bibliography/702&rft_val_fmt=info:ofi/fmt:kev:mtx:book&url_ver=z39.88-2004,s.n.,A.Fernandes &amp; P.Matos,6 Apr 1984,"Ceará: Guaraciaba do Norte, Chapada da Ibiapaba",[epublished],doi:10.3417/2021669 Etymology: 'named for its multiple acropetiolar glands'.,,holotype HUEFS 106386;isotype EAC 12440;isotype HUEFS 111094,NA,NA,NA,NA,NA,NA,NA,NA,NA,NA
Croton_restingae,Sodré & Riina,Sodré & Riina,,spec.,/n/77315910-1,Euphorbiaceae,Croton,restingae,tax. nov.,"Rio de Janeiro (Brazil Southeast, Brazil, Southern America)",FALSE,FALSE,NA,FALSE,NA,,Eur. J. Taxon.,2023,17 Apr 2023,864(1): 108,20016745-1,citation,Eur. J. Taxon. 864(1): 108. 2023 [17 Apr 2023] [epublished],NA,FALSE,TRUE,1.3,77315910-1,urn:lsid:ipni.org:names:77315910-1,NA,TRUE,FALSE,TRUE,FALSE,FALSE,NA,3290,C. Farney et al.,18 Nov 1992,"Saquarema, Reserva Ecológica Estadual de Jacarepiá",[epublished],doi:10.5852/ejt.2023.864.2091 Etymology: name refers to the restinga vegetation where the species occurs.,,holotype RB 299275;isotype ASE 17676;isotype SLUI 5310,NA,NA,NA,NA,NA,NA,NA,NA,NA,NA
Croton_rotundifolius,Glaz.,Glaz.,,spec.,/n/70806-2,Euphorbiaceae,Croton,rotundifolius,tax. nov.,Brazil (Southern America),FALSE,FALSE,NA,TRUE,NA,,Bull. Soc. Bot. France,1913,NA,59(Mém. 3g): 620,578-2,citation,Bull. Soc. Bot. France 59(Mém. 3g): 620. 1913 ,NA,FALSE,TRUE,1.6,70806-2,urn:lsid:ipni.org:names:70806-2,wfo-0000932218,TRUE,TRUE,TRUE,FALSE,FALSE,NA,NA,NA,NA,NA,NA,NA,,NA,nom. inval. nom. nud.,nom. inval.,NA,NA,NA,NA,NA,NA,NA,NA
Croton_sertanejus,Sodré & M.J.Silva,Sodré & M.J.Silva,,spec.,/n/77305496-1,Euphorbiaceae,Croton,sertanejus,tax. nov.,"Bahia (Brazil Northeast, Brazil, Southern America);Minas Gerais (Brazil Southeast, Brazil, Southern America);Paraíba (Brazil Northeast, Brazil, Southern America);Pernambuco (Brazil Northeast, Brazil, Southern America);Piauí (Brazil Northeast, Brazil, Southern America);Sergipe (Brazil Northeast, Brazil, Southern America);",FALSE,FALSE,NA,TRUE,NA,,Eur. J. Taxon.,2022,22 Sep 2022,839: 16,20016745-1,citation,Eur. J. Taxon. 839: 16. 2022 [22 Sep 2022] ,NA,FALSE,TRUE,1.1.1.2,77305496-1,urn:lsid:ipni.org:names:77305496-1,wfo-1000040737,FALSE,TRUE,TRUE,FALSE,FALSE,NA,3350,"R.C.Sodré, A.O.Souza &amp; U.S.Amaral",20 Dec 2017,"BRAZIL: Bahia, Oliveira dos Brejinhos, 6 km ao Sul da cidade pela vicinal 'Corredor da Barra'",NA,"doi:10.5852/ejt.2022.839.1929 Etymology: ʻSertanejoʼ, in Portuguese, refers to people native to the Caatinga region, also known as ʻsertãoʼ, that extends to all the states of northeast Brazil and the northern Minas Gerais.",,holotype BOTU;isotype CEPEC;isotype NY;isotype TEPB;isotype UFG,NA,NA,NA,NA,NA,NA,NA,NA,NA,NA
Croton_stellatorotatus,Sodré & M.J.Silva,Sodré & M.J.Silva,,spec.,/n/77299540-1,Euphorbiaceae,Croton,stellatorotatus,tax. nov.,"Bahia (Brazil, Southern America)",FALSE,FALSE,NA,TRUE,NA,,Acta Bot. Brasil.,2022,2 May 2022,"36-e2021abb0163: 23, figs. 1-6, 8, 11-12",1225-2,citation,"Acta Bot. Brasil. 36-e2021abb0163: 23, figs. 1-6, 8, 11-12. 2022 [2 May 2022] [epublished]",NA,FALSE,TRUE,1.2,77299540-1,urn:lsid:ipni.org:names:77299540-1,wfo-1000029754,TRUE,TRUE,TRUE,FALSE,FALSE,NA,3309,"R.C. Sodré, A.O. Souza &amp; U.S. Amaral",17 Dec 2017,"Abaíra, estrada Abaíra-Catolés, ca. 300 metros a leste do Riacho Machado, 878 m a. s. l.",[epublished],Etymology: 'The epithet stellatorotatus refers to the stellate-rotate trichomes that cover the vegetative and reproductive organs of the species' doi:10.1590/0102-33062021abb0163,,holotype BOTU;isotype NY;isotype UFG,NA,NA,NA,NA,NA,NA,NA,NA,NA,NA
Croton_subasperrimum,"Secco, P.E.Berry & Rosário","Secco, P.E.Berry & Rosário",,spec.,/n/60440815-2,Euphorbiaceae,Croton,subasperrimum,tax. nov.,"Amazonas (Brazil, Southern America)",FALSE,FALSE,NA,TRUE,644756,,Novon,2005,12 Dec 2005,15(4): 583 (-585; fig. 1),14256-2,citation,Novon 15(4): 583 (-585; fig. 1). 2005 [12 Dec 2005] ,NA,FALSE,TRUE,1.4,60440815-2,urn:lsid:ipni.org:names:60440815-2,wfo-0000805614,FALSE,TRUE,TRUE,FALSE,FALSE,http://www.biodiversitylibrary.org/openurl?ctx_ver=Z39.88-2004&rft_id=http://www.biodiversitylibrary.org/page/644756&rft_val_fmt=info:ofi/fmt:kev:mtx:book&url_ver=z39.88-2004,PO3-7-3559,C. S. Rosario &amp; A. S. L. Silva,22 Nov 2000,"Mun. Canutama, rio Mucuim, margem direita do rio Purus, fazenda Morada do Sol",NA,NA,,holotype MH;isotype INPA;isotype MO;isotype RB;isotype WIS,NA,NA,NA,NA,NA,NA,NA,NA,NA,NA
Dalechampia_gruningiana,Pax,Pax,,spec.,/n/76479-2,Euphorbiaceae,Dalechampia,gruningiana,tax. nov.,Brazil (Southern America),FALSE,FALSE,NA,TRUE,231879,,Repert. Spec. Nov. Regni Veg.,1910,NA,8: 161,788-2,citation,Repert. Spec. Nov. Regni Veg. 8: 161. 1910 ,NA,FALSE,TRUE,1.3,76479-2,urn:lsid:ipni.org:names:76479-2,wfo-0000937285,FALSE,TRUE,TRUE,FALSE,FALSE,http://www.biodiversitylibrary.org/openurl?ctx_ver=Z39.88-2004&rft_id=http://www.biodiversitylibrary.org/page/231879&rft_val_fmt=info:ofi/fmt:kev:mtx:book&url_ver=z39.88-2004,NA,NA,NA,NA,NA,NA,,NA,NA,NA,NA,NA,NA,NA,NA,NA,NA,NA
Discocarpus_duckeanus,Jabl.,Jabl.,,spec.,/n/82106-2,Euphorbiaceae,Discocarpus,duckeanus,tax. nov.,Brazil (Southern America),FALSE,FALSE,NA,TRUE,NA,,Mem. New York Bot. Gard.,1967,NA,17(1): 85,719-2,citation,Mem. New York Bot. Gard. 17(1): 85. 1967 ,NA,FALSE,TRUE,1.3,82106-2,urn:lsid:ipni.org:names:82106-2,wfo-0000944633,FALSE,TRUE,TRUE,FALSE,FALSE,http://www.biodiversitylibrary.org/openurl?ctx_ver=Z39.88-2004&rft.date=1967&rft.issue=1&rft.spage=85&rft.volume=17&rft_id=http://www.biodiversitylibrary.org/bibliography/50489&rft_val_fmt=info:ofi/fmt:kev:mtx:book&url_ver=z39.88-2004,NA,NA,NA,NA,NA,NA,,NA,NA,NA,NA,NA,NA,NA,NA,NA,NA,NA
Discocarpus_pedicellatus,Fiaschi & Cordeiro,Fiaschi & Cordeiro,,spec.,/n/60440164-2,Euphorbiaceae,Discocarpus,pedicellatus,tax. nov.,"Bahia (Brazil, Southern America)",FALSE,FALSE,NA,TRUE,NA,,Brittonia,2005,29 Sep 2005,57(3): 248 (-251; fig. 1),561-2,citation,Brittonia 57(3): 248 (-251; fig. 1). 2005 [29 Sep 2005] ,NA,FALSE,TRUE,1.1,60440164-2,urn:lsid:ipni.org:names:60440164-2,wfo-0000794067,FALSE,TRUE,TRUE,FALSE,FALSE,NA,1672,"P. Fiaschi, A. M. A. Amorim, S. C. Sant'Ana &amp; J. L. Paixao",11 Oct 2003,"Jussari, ca. 7.5 km da Estrada de Jussari para Palmira, ramal a esquerda",NA,NA,,holotype CEPEC;isotype HUEFS;isotype MBM;isotype MO;isotype NY;isotype RB;isotype SP;isotype SPF,NA,NA,NA,NA,NA,NA,NA,NA,NA,NA
Discocarpus_spruceanus,Benth. ex Müll.Arg.,Benth. ex Müll.Arg.,,spec.,/n/306882-2,Euphorbiaceae,Discocarpus,spruceanus,tax. nov.,"Rio Negro above the mouth of the Casiquiare River, Amazonas (Brazil, Southern America)",FALSE,FALSE,NA,TRUE,118169,,Linnaea,1863,Mar 1863,32(1): 78,703-2,citation,Linnaea 32(1): 78. 1863 [Mar 1863] ,NA,FALSE,TRUE,1.7,306882-2,urn:lsid:ipni.org:names:306882-2,wfo-0000944641,FALSE,TRUE,TRUE,FALSE,FALSE,http://www.biodiversitylibrary.org/openurl?ctx_ver=Z39.88-2004&rft_id=http://www.biodiversitylibrary.org/page/118169&rft_val_fmt=info:ofi/fmt:kev:mtx:book&url_ver=z39.88-2004,3527,R.Spruce,NA,NA,NA,NA,,lectotype BM;isotype BR;isotype C;isotype E;isotype F;isotype G;isotype GH;isotype GOET;isotype K;isotype LD;isotype MO;isotype NY;isotype OXF;isotype P;isotype TCD;isotype W,NA,NA,NA,NA,NA,NA,NA,NA,NA,NA
Drypetes_amazonica,Steyerm.,Steyerm.,,spec.,/n/85485-2,Euphorbiaceae,Drypetes,amazonica,tax. nov.,"Amazonas (Brazil, Southern America)",FALSE,FALSE,NA,TRUE,NA,,"Publ. Field Mus. Nat. Hist., Bot. Ser.",1938,NA,17: 420,1054-2,citation,"Publ. Field Mus. Nat. Hist., Bot. Ser. 17: 420. 1938 ",NA,FALSE,TRUE,1.3,85485-2,urn:lsid:ipni.org:names:85485-2,wfo-0000946383,FALSE,TRUE,TRUE,FALSE,FALSE,http://www.biodiversitylibrary.org/openurl?ctx_ver=Z39.88-2004&rft.date=1938&rft.spage=420&rft.volume=17&rft_id=http://www.biodiversitylibrary.org/bibliography/42246&rft_val_fmt=info:ofi/fmt:kev:mtx:book&url_ver=z39.88-2004,NA,NA,NA,NA,NA,NA,,NA,NA,NA,NA,NA,NA,NA,NA,NA,NA,NA
Drypetes_krukovii,Monach.,Monach.,,spec.,/n/85500-2,Euphorbiaceae,Drypetes,krukovii,tax. nov.,Brazil (Amazonas) &amp; British Guiana,FALSE,FALSE,NA,TRUE,NA,,Phytologia,1948,NA,3: 34,1034-2,citation,Phytologia 3: 34. 1948 ,NA,FALSE,TRUE,1.2,85500-2,urn:lsid:ipni.org:names:85500-2,wfo-0000946536,FALSE,TRUE,TRUE,FALSE,FALSE,http://www.biodiversitylibrary.org/openurl?ctx_ver=Z39.88-2004&rft.date=1948&rft.spage=34&rft.volume=3&rft_id=http://www.biodiversitylibrary.org/bibliography/12678&rft_val_fmt=info:ofi/fmt:kev:mtx:book&url_ver=z39.88-2004,NA,NA,NA,NA,NA,NA,,NA,NA,NA,NA,NA,NA,NA,NA,NA,NA,NA
Euphorbia_filifolia,Glaz.,Glaz.,,spec.,/n/101531-2,Euphorbiaceae,Euphorbia,filifolia,tax. nov.,Brazil (Southern America),FALSE,FALSE,NA,TRUE,NA,,Bull. Soc. Bot. France,1913,NA,59(Mém. 3g): 637,578-2,citation,Bull. Soc. Bot. France 59(Mém. 3g): 637. 1913 ,NA,FALSE,TRUE,1.4,101531-2,urn:lsid:ipni.org:names:101531-2,wfo-0000962086,FALSE,TRUE,TRUE,FALSE,FALSE,NA,NA,NA,NA,NA,NA,NA,,NA,NA,NA,NA,NA,NA,NA,NA,NA,NA,NA
Euphorbia_hebegyne,Pax & K.Hoffm. ex Emrich,Pax & K.Hoffm. ex Emrich,,spec.,/n/101590-2,Euphorbiaceae,Euphorbia,hebegyne,tax. nov.,"Rio Grande do Sul (Brazil, Southern America)",FALSE,FALSE,NA,TRUE,NA,,Revista Sudamer. Bot.,1937,NA,"4: 83, fig",1064-2,citation,"Revista Sudamer. Bot. 4: 83, fig. 1937 ",NA,FALSE,TRUE,1.4,101590-2,urn:lsid:ipni.org:names:101590-2,wfo-0000962462,FALSE,TRUE,TRUE,FALSE,FALSE,NA,NA,NA,NA,NA,NA,"[Gandhi; Simmons and Hayden, Brittonia 49: 173. 1997]",,NA,NA,NA,NA,NA,NA,NA,NA,NA,NA,NA
Euphorbia_lanata,Glaz.,Glaz.,,spec.,/n/101594-2,Euphorbiaceae,Euphorbia,lanata,tax. nov.,Brazil (Southern America),FALSE,FALSE,NA,FALSE,NA,,Bull. Soc. Bot. France,1913,NA,59(Mém. 3g): 638,578-2,citation,Bull. Soc. Bot. France 59(Mém. 3g): 638. 1913 ,NA,FALSE,TRUE,1.3,101594-2,urn:lsid:ipni.org:names:101594-2,NA,FALSE,FALSE,TRUE,FALSE,FALSE,NA,NA,NA,NA,NA,NA,NA,,NA,NA,NA,NA,NA,NA,NA,NA,NA,NA,NA
Euphorbia_macrorrhiza,Glaz.,Glaz.,,spec.,/n/101716-2,Euphorbiaceae,Euphorbia,macrorrhiza,tax. nov.,Brazil (Southern America),FALSE,FALSE,NA,FALSE,NA,,Bull. Soc. Bot. France,1913,NA,59(Mém. 3g): 637,578-2,citation,Bull. Soc. Bot. France 59(Mém. 3g): 637. 1913 ,NA,FALSE,TRUE,1.4,101716-2,urn:lsid:ipni.org:names:101716-2,NA,FALSE,FALSE,TRUE,FALSE,FALSE,NA,NA,NA,NA,NA,NA,NA,,NA,NA,NA,NA,NA,NA,NA,NA,NA,NA,NA
Euphorbia_paludosa,Glaz.,Glaz.,,spec.,/n/101806-2,Euphorbiaceae,Euphorbia,paludosa,tax. nov.,Brazil (Southern America),FALSE,FALSE,NA,FALSE,NA,,Bull. Soc. Bot. France,1913,NA,59(Mém. 3g): 638,578-2,citation,Bull. Soc. Bot. France 59(Mém. 3g): 638. 1913 ,NA,FALSE,TRUE,1.4,101806-2,urn:lsid:ipni.org:names:101806-2,NA,FALSE,FALSE,TRUE,FALSE,FALSE,NA,NA,NA,NA,NA,NA,NA,,NA,NA,NA,NA,NA,NA,NA,NA,NA,NA,NA
Euphorbia_rhipsaloides,Glaz.,Glaz.,,spec.,/n/101951-2,Euphorbiaceae,Euphorbia,rhipsaloides,tax. nov.,Brazil (Southern America),FALSE,FALSE,NA,FALSE,NA,,Bull. Soc. Bot. France,1913,NA,59(Mém. 3g): 638,578-2,citation,Bull. Soc. Bot. France 59(Mém. 3g): 638. 1913 ,NA,FALSE,TRUE,1.4,101951-2,urn:lsid:ipni.org:names:101951-2,NA,FALSE,FALSE,TRUE,FALSE,FALSE,NA,NA,NA,NA,NA,NA,NA,,NA,NA,NA,NA,NA,NA,NA,NA,NA,NA,NA
Hieronyma_heterotricha,Pax & K.Hoffm.,Pax & K.Hoffm.,,spec.,/n/122571-2,Euphorbiaceae,Hieronyma,heterotricha,tax. nov.,Brazil (Southern America),FALSE,FALSE,NA,TRUE,NA,,Pflanzenr. (Engler),1922,NA,"4, Fam. 147XV: 39",3295-2,citation,"Pflanzenr. (Engler) 4, Fam. 147XV: 39. 1922 ",NA,FALSE,TRUE,1.5,122571-2,urn:lsid:ipni.org:names:122571-2,wfo-0000982298,FALSE,TRUE,TRUE,FALSE,FALSE,NA,NA,NA,NA,NA,NA,NA,,NA,NA,NA,NA,NA,NA,NA,NA,NA,NA,NA
Hieronyma_mattogrossensis,Pax & K.Hoffm.,Pax & K.Hoffm.,,spec.,/n/122577-2,Euphorbiaceae,Hieronyma,mattogrossensis,tax. nov.,Brazil (Southern America),FALSE,FALSE,NA,TRUE,NA,,Pflanzenr. (Engler),1922,NA,"4, Fam. 147XV: 39",3295-2,citation,"Pflanzenr. (Engler) 4, Fam. 147XV: 39. 1922 ",NA,FALSE,TRUE,1.4,122577-2,urn:lsid:ipni.org:names:122577-2,wfo-0000982307,FALSE,TRUE,TRUE,FALSE,FALSE,NA,NA,NA,NA,NA,NA,NA,,NA,NA,NA,NA,NA,NA,NA,NA,NA,NA,NA
Jatropha_arborea,Glaz.,Glaz.,,spec.,/n/131436-2,Euphorbiaceae,Jatropha,arborea,tax. nov.,Brazil (Southern America),FALSE,FALSE,NA,FALSE,NA,,Bull. Soc. Bot. France,1913,NA,59(Mém. 3g): 629,578-2,citation,Bull. Soc. Bot. France 59(Mém. 3g): 629. 1913 ,NA,FALSE,TRUE,1.4,131436-2,urn:lsid:ipni.org:names:131436-2,wfo-0001273962,FALSE,TRUE,TRUE,FALSE,FALSE,NA,NA,NA,NA,NA,NA,NA,,NA,NA,NA,NA,NA,NA,NA,NA,NA,NA,NA
Jatropha_× ceballosii,Fern.Casas,Fern.Casas,,spec.,/n/77113932-1,Euphorbiaceae,Jatropha,ceballosii,tax. nov.,"Bahia (Brazil Northeast, Brazil, Southern America)",TRUE,FALSE,NA,TRUE,NA,,Fontqueria,2011,29 Aug 2011,"56(23): 193 (-203; figs., map)",2210-2,citation,"Fontqueria 56(23): 193 (-203; figs., map). 2011 [29 Aug 2011] ",NA,FALSE,TRUE,1.1,77113932-1,urn:lsid:ipni.org:names:77113932-1,wfo-0000921202,FALSE,TRUE,TRUE,FALSE,FALSE,NA,Nf_2006-100,A.Ceballos Jiménez,26 Feb 2006,"Tareco: 4,4 km, balneario de Tareco",NA,NA,,holotype MBM;isotype MAF 837615,NA,NA,NA,NA,NA,NA,NA,NA,NA,NA
Jatropha_guaranitica,Speg.,Speg.,,spec.,/n/30281979-2,Euphorbiaceae,Jatropha,guaranitica,tax. nov.,"Paraná (Brazil, Southern America)",FALSE,FALSE,NA,TRUE,NA,,Anales Soc. Ci. Argent.,1883,NA,16: 93 (-94),1416-2,citation,Anales Soc. Ci. Argent. 16: 93 (-94). 1883 ,NA,FALSE,TRUE,1.1.2.2.1.1,30281979-2,urn:lsid:ipni.org:names:30281979-2,wfo-0000219672,FALSE,TRUE,TRUE,FALSE,FALSE,http://www.biodiversitylibrary.org/openurl?ctx_ver=Z39.88-2004&rft.date=1883&rft.spage=93&rft.volume=16&rft_id=http://www.biodiversitylibrary.org/bibliography/44792&rft_val_fmt=info:ofi/fmt:kev:mtx:book&url_ver=z39.88-2004,s.n.,C. v. Gülich,May 1883,"in campis loco dicto Tacurupucú, Río Paraná",NA,NA,,holotype LP?,NA,NA,NA,NA,NA,NA,NA,NA,NA,NA
Jatropha_hastifolia,Fern.Casas,Fern.Casas,,spec.,/n/70029793-1,Euphorbiaceae,Jatropha,hastifolia,tax. nov.,"Bahia (Brazil Northeast, Brazil, Southern America)",FALSE,FALSE,NA,TRUE,NA,,Fontqueria,2003,NA,55(21): 1 [109] (2003),2210-2,citation,Fontqueria 55(21): 1 [109] (2003). ,NA,FALSE,TRUE,1.1,70029793-1,urn:lsid:ipni.org:names:70029793-1,wfo-0000450856,FALSE,TRUE,TRUE,FALSE,FALSE,NA,388,G.Cavalcanti; M.R.Fonsêca; M.L.Guedes; N.G.Jesus; L.Passos,28 Feb 2000,Remanso: saida de Remanso a Pilão Arcado,NA,NA,,holotype CEN 45775;isotype ALCB 46408,NA,NA,NA,NA,NA,NA,NA,NA,NA,NA
Kleinodendron_riosulense,L.B.Sm. & Downs,L.B.Sm. & Downs,,spec.,/n/133475-2,Euphorbiaceae,Kleinodendron,riosulense,tax. nov.,"Santa Catarina (Brazil, Southern America)",FALSE,FALSE,NA,TRUE,NA,,Sellowia,1964,NA,no. 16: 177,1217-2,citation,Sellowia no. 16: 177. 1964 ,NA,FALSE,TRUE,1.3,133475-2,urn:lsid:ipni.org:names:133475-2,wfo-0000221093,FALSE,TRUE,TRUE,FALSE,FALSE,NA,NA,NA,NA,NA,NA,NA,,NA,NA,NA,NA,NA,NA,NA,NA,NA,NA,NA
Mabea_dalyana,"Bigio, Esser & Secco","Bigio, Esser & Secco",,spec.,/n/77299537-1,Euphorbiaceae,Mabea,dalyana,tax. nov.,"Amazonas (Brazil, Southern America)",FALSE,FALSE,NA,TRUE,NA,,Acta Bot. Brasil.,2022,11 Mar 2022,"36-e2021abb0039: 2, figs. 1-4",1225-2,citation,"Acta Bot. Brasil. 36-e2021abb0039: 2, figs. 1-4. 2022 [11 Mar 2022] [epublished]",NA,FALSE,TRUE,1.3,77299537-1,urn:lsid:ipni.org:names:77299537-1,wfo-1000030379,TRUE,TRUE,TRUE,FALSE,FALSE,NA,200,C.B. Anjos,24 Aug 2019,"Manicoré, Parque Nacional dos Campos Amazônicos",[epublished],"Eponymy: 'The name Mabea dalyana honours Dr. Douglas Charles Daly [1953-], botanist of The New York Botanical Garden ...' doi:10.1590/0102-33062021abb0039",,holotype RON;isotype MG,NA,NA,NA,NA,NA,NA,NA,NA,NA,NA
Manihot_fiebrigii,Pax & K.Hoffm.,Pax & K.Hoffm.,,spec.,/n/152413-2,Euphorbiaceae,Manihot,fiebrigii,tax. nov.,Brazil (Southern America),FALSE,FALSE,NA,TRUE,NA,,Pflanzenr. (Engler),1910,NA,"4, Fam. 147, II: 75, fig. 26",3295-2,citation,"Pflanzenr. (Engler) 4, Fam. 147, II: 75, fig. 26. 1910 ",NA,FALSE,TRUE,1.3,152413-2,urn:lsid:ipni.org:names:152413-2,wfo-0000235525,FALSE,TRUE,TRUE,FALSE,FALSE,NA,NA,NA,NA,NA,NA,NA,,NA,NA,NA,NA,NA,NA,NA,NA,NA,NA,NA
Manihot_graminiformis,M.Mend.,M.Mend.,,spec.,/n/77211545-1,Euphorbiaceae,Manihot,graminiformis,tax. nov.,"Goiás (Brazil West-Central, Brazil, Southern America);Tocantins (Brazil North, Brazil, Southern America);",FALSE,FALSE,NA,TRUE,NA,,Ann. Missouri Bot. Gard.,2020,23 Jun 2020,105(2): 152,1-2,citation,Ann. Missouri Bot. Gard. 105(2): 152. 2020 [23 Jun 2020] [epublished],NA,FALSE,TRUE,1.2,77211545-1,urn:lsid:ipni.org:names:77211545-1,wfo-1000023572,TRUE,TRUE,TRUE,FALSE,FALSE,http://www.biodiversitylibrary.org/openurl?ctx_ver=Z39.88-2004&rft.date=2020&rft.issue=2&rft.spage=152&rft.volume=105&rft_id=http://www.biodiversitylibrary.org/bibliography/702&rft_val_fmt=info:ofi/fmt:kev:mtx:book&url_ver=z39.88-2004,5100,"M.Mendoza, A.Amaral-Santos &amp; T.K.M.Arquelão",5 Dec 2014,"Goiás: Mun. Monte Alegre de Goiás, c. 17 km de Monte Alegre, sentido Teresina de Goiás, 430 m",[epublished],doi:10.3417/2020361,,holotype CEN;isotype CGMS;isotype G;isotype HRCB;isotype HUEFS;isotype HUTO;isotype K;isotype LPB;isotype MG;isotype MO;isotype NY;isotype RB;isotype UB;isotype USZ;isotype SP,NA,NA,NA,NA,NA,NA,NA,NA,NA,NA
Manihot_grandistipula,Pax,Pax,,spec.,/n/152428-2,Euphorbiaceae,Manihot,grandistipula,tax. nov.,Brazil (Southern America),FALSE,FALSE,NA,TRUE,NA,,Pflanzenr. (Engler),1910,NA,"4, Fam. 147, II: 81, fig. 28",3295-2,citation,"Pflanzenr. (Engler) 4, Fam. 147, II: 81, fig. 28. 1910 ",NA,FALSE,TRUE,1.2,152428-2,urn:lsid:ipni.org:names:152428-2,wfo-0000235548,FALSE,TRUE,TRUE,FALSE,FALSE,NA,NA,NA,NA,NA,NA,NA,,NA,NA,NA,NA,NA,NA,NA,NA,NA,NA,NA
Manihot_lourdesiae,M.J.Silva,M.J.Silva,,spec.,/n/77154843-1,Euphorbiaceae,Manihot,lourdesiae,tax. nov.,"Goiás (Brazil West-Central, Brazil, Southern America)",FALSE,FALSE,NA,TRUE,NA,,Nordic J. Bot.,2016,14 Jan 2016,34(1): 69,2633-2,citation,"Nordic J. Bot. 34(1): 69. 2016 [14 Jan 2016] , as 'lourdesii' [epublished]",NA,FALSE,TRUE,1.5,77154843-1,urn:lsid:ipni.org:names:77154843-1,wfo-0001345562,TRUE,TRUE,TRUE,FALSE,FALSE,NA,5873,M.J.Silva &amp; R.C.Sodré,21 Feb 2014,"Cavalcante, in the vicinities of km 204 of the road GO-118, on the left side of the road, towards Teresina de Goiás, approximately 800 m from the road, 1299 m",as 'lourdesii' [epublished],doi:10.1111/njb.00979 the speciﬁc epithet is dedicated to Maria de Lourdes Guedes da Silva,,holotype UFG;isotype RB;isotype UB,NA,NA,NA,NA,NA,NA,NA,NA,NA,NA
Manihot_minimiflora,M.J.Silva,M.J.Silva,,spec.,/n/77210827-1,Euphorbiaceae,Manihot,minimiflora,tax. nov.,"Tocantins (Brazil North, Brazil, Southern America)",FALSE,FALSE,NA,TRUE,NA,,Brittonia,2020,10 Feb 2020,72(2): 165,561-2,citation,Brittonia 72(2): 165. 2020 [10 Feb 2020] [epublished],NA,FALSE,TRUE,1.1,77210827-1,urn:lsid:ipni.org:names:77210827-1,wfo-1000023573,TRUE,TRUE,TRUE,FALSE,FALSE,NA,2334,"R.C.Sodré, T.P.Mendes &amp; J.A.Oliveira",10 Apr 2016,"Monte do Carmo, km 53 of the road TO-255, on the left side of the road, towards Ponte Alta do Tocantins, c. 5 km after the urban perimeter of Monte do Carmo, 535 m",[epublished],doi:10.1007/s12228-019-09602-y,,holotype UFG;isotype CEN;isotype NY;isotype MICH;isotype UB,NA,NA,NA,NA,NA,NA,NA,NA,NA,NA
Manihot_multifida,Glaz.,Glaz.,,spec.,/n/152472-2,Euphorbiaceae,Manihot,multifida,tax. nov.,Brazil (Southern America),FALSE,FALSE,NA,FALSE,NA,,Bull. Soc. Bot. France,1913,NA,59(Mém. 3g): 627,578-2,citation,Bull. Soc. Bot. France 59(Mém. 3g): 627. 1913 ,NA,FALSE,TRUE,1.3,152472-2,urn:lsid:ipni.org:names:152472-2,NA,FALSE,FALSE,TRUE,FALSE,FALSE,NA,NA,NA,NA,NA,NA,NA,,NA,NA,NA,NA,NA,NA,NA,NA,NA,NA,NA
Manihot_toledi,Labroy,Labroy,,spec.,/n/152537-2,Euphorbiaceae,Manihot,toledi,tax. nov.,Brazil (Southern America),FALSE,FALSE,NA,FALSE,NA,,Bot. Jahrb. Syst.,1914,5 May 1914,"50(5, Beibl. 114): 8",553-2,citation,"Bot. Jahrb. Syst. 50(5, Beibl. 114): 8. 1914 [5 May 1914] ",NA,FALSE,TRUE,1.4,152537-2,urn:lsid:ipni.org:names:152537-2,NA,FALSE,FALSE,TRUE,FALSE,FALSE,NA,NA,NA,NA,NA,NA,NA,,NA,NA,NA,NA,NA,NA,NA,NA,NA,NA,NA
Micrandra_heterophylla,J.Poiss.,J.Poiss.,,spec.,/n/159981-2,Euphorbiaceae,Micrandra,heterophylla,tax. nov.,Brazil (Southern America),FALSE,FALSE,NA,TRUE,NA,,Bull. Mus. Hist. Nat. (Paris),1902,NA,8: 561,576-2,citation,Bull. Mus. Hist. Nat. (Paris) 8: 561. 1902 ,NA,FALSE,TRUE,1.2,159981-2,urn:lsid:ipni.org:names:159981-2,wfo-0000242893,FALSE,TRUE,TRUE,FALSE,FALSE,http://www.biodiversitylibrary.org/openurl?ctx_ver=Z39.88-2004&rft.date=1902&rft.spage=561&rft.volume=8&rft_id=http://www.biodiversitylibrary.org/bibliography/68686&rft_val_fmt=info:ofi/fmt:kev:mtx:book&url_ver=z39.88-2004,NA,NA,NA,NA,NA,NA,,NA,NA,NA,NA,NA,NA,NA,NA,NA,NA,NA
