name,authors,publishingAuthor,authorTeam,rank,url,family,genus,species,citationType,collectionNumber,collectorTeam,collectionDate1,distribution,hybrid,hybridGenus,inPowo,locality,linkedPublication,publication,publicationYear,publicationYearNote,referenceCollation,publicationId,recordType,reference,suppressed,topCopy,typeLocations,version,id,fqId,wfoId,hasNomenclaturalNotes,hasExternalLinks,hasTypeData,hasOriginalData,hasLinks,referenceRemarks,remarks,typeCoordinates,pageAsText,bhlLink,originalRemarks,originalTaxonDistribution,infraspecies,speciesAuthor,typeRemarks,bibliographicReference,typeChosenBy,nameStatus,nameStatusType,typeNote,collectionDate2,bibliographicTypeInfo
Acacia_platyacantha,Bertol.,Bertol.,,spec.,/n/2927724-1,Leguminosae,Acacia,platyacantha,tax. nov.,NA,NA,NA,Brazil.,FALSE,FALSE,FALSE,NA,,et Giorn. Arcad.,1826,1826,29: 342 (1826);,NA,citation,et Giorn. Arcad. 29: 342 (1826);. ,FALSE,TRUE,NA,1.5,2927724-1,urn:lsid:ipni.org:names:2927724-1,NA,FALSE,FALSE,TRUE,TRUE,FALSE,NA,NA,,NA,NA,NA,Brazil.,NA,NA,NA,NA,NA,NA,NA,NA,NA,NA
Acacia_platyacantha,Bertol.,Bertol.,,spec.,/n/927724-1,Leguminosae,Acacia,platyacantha,tax. nov.,NA,NA,NA,Brazil.,FALSE,FALSE,TRUE,NA,,Hort. Bot. Bonon.,1826,1826,1826: 3,NA,citation,"Hort. Bot. Bonon. 1826: 3. ; cf. D.J. Mabberley in Taxon, 32(1): 82. 1983",FALSE,TRUE,NA,1.5,927724-1,urn:lsid:ipni.org:names:927724-1,NA,TRUE,TRUE,TRUE,TRUE,FALSE,"cf. D.J. Mabberley in Taxon, 32(1): 82. 1983",NA,,NA,NA,NA,Brazil.,NA,NA,NA,NA,NA,NA,NA,NA,NA,NA
Adesmia_miottoae,"Cobra, Iganci & Fort.-Perez","Cobra, Iganci & Fort.-Perez",,spec.,/n/77221370-1,Fabaceae,Adesmia,miottoae,tax. nov.,344,T. Cobra &amp; G.M. Cobra,1 Dec 2020,"Rio Grande do Sul (Brazil South, Brazil, Southern America);Santa Catarina (Brazil South, Brazil, Southern America);",FALSE,FALSE,TRUE,"Santa Catarina: São Joaquim, SC-114",,Phytotaxa,2021,23 Sep 2021,521(1): 49,20011462-1,citation,Phytotaxa 521(1): 49. 2021 [23 Sep 2021] [epublished],FALSE,TRUE,holotype BOTU;isotype ICN;isotype MBM;isotype PEL;isotype RB;isotype UEC,1.2,77221370-1,urn:lsid:ipni.org:names:77221370-1,wfo-1000003014,TRUE,TRUE,TRUE,FALSE,FALSE,[epublished],"doi:10.11646/phytotaxa.521.1.5 Etymology: the name honours Professor Silvia Terezinha Sfoggia Miotto for her great contribution to Adesmia studies in Brazil, as part of the important work she undertook with the Leguminosae family as a whole, especially in the Rio Grande do Sul state, Brazil.",,NA,NA,NA,NA,NA,NA,NA,NA,NA,NA,NA,NA,NA,NA
Adesmia_subtropicalis,Cobra,Cobra,,spec.,/n/77221410-1,Fabaceae,Adesmia,subtropicalis,tax. nov.,223,"T.C.Monteiro, I.C.C.Silva, D.S.Gissi, L.M.P.A.Bezerra, &amp; A.P.Fortuna-Perez",3 Nov 2019,"Rio Grande do Sul (Brazil South, Brazil, Southern America)",FALSE,FALSE,TRUE,"Soledade, Road RS-332 from Soledade to Espumoso",,Phytotaxa,2021,30 Sep 2021,521(3): 220,20011462-1,citation,Phytotaxa 521(3): 220. 2021 [30 Sep 2021] [epublished],FALSE,TRUE,holotype BOTU;isotype ICN;isotype HAS;isotype PEL;isotype MBM;isotype RB;isotype UEC,1.1,77221410-1,urn:lsid:ipni.org:names:77221410-1,wfo-1000003020,TRUE,TRUE,TRUE,FALSE,FALSE,[epublished],"doi:10.11646/phytotaxa.521.3.7 The specific epithet refers to the species distribution between Pampa (temperate) and Mata Atlantica (tropical), in subtropical southern Brazil.",,NA,NA,NA,NA,NA,NA,NA,NA,NA,NA,NA,NA,NA,NA
Aeschynomene_latifolia,Spreng.,Spreng.,,spec.,/n/5956-2,Fabaceae,Aeschynomene,latifolia,tax. nov.,s.n.,F.Sellow,NA,Brazil (Southern America),FALSE,FALSE,TRUE,NA,,"Syst. Veg., ed. 16 [Sprengel]",1826,Jan-Mar 1826,3: 322,14620-2,citation,"Syst. Veg., ed. 16 [Sprengel] 3: 322. 1826 [Jan-Mar 1826] ",FALSE,TRUE,null G-DEL,1.1.2.1.1.2,5956-2,urn:lsid:ipni.org:names:5956-2,wfo-0000176060,FALSE,TRUE,TRUE,FALSE,FALSE,NA,NA,,NA,http://www.biodiversitylibrary.org/openurl?ctx_ver=Z39.88-2004&rft.date=1826&rft.spage=322&rft.volume=3&rft_id=http://www.biodiversitylibrary.org/bibliography/822&rft_val_fmt=info:ofi/fmt:kev:mtx:book&url_ver=z39.88-2004,NA,NA,NA,NA,NA,NA,NA,NA,NA,NA,NA,NA
Aeschynomene_laxa,Gleason,Gleason,,spec.,/n/5957-2,Fabaceae,Aeschynomene,laxa,tax. nov.,NA,NA,NA,Brazil (Southern America),FALSE,FALSE,TRUE,NA,,Bull. Torrey Bot. Club,1929,NA,56: 395,586-2,citation,Bull. Torrey Bot. Club 56: 395. 1929 ,FALSE,TRUE,NA,1.3,5957-2,urn:lsid:ipni.org:names:5957-2,wfo-0000176089,FALSE,TRUE,TRUE,FALSE,FALSE,NA,NA,,NA,http://www.biodiversitylibrary.org/openurl?ctx_ver=Z39.88-2004&rft.date=1929&rft.spage=395&rft.volume=56&rft_id=http://www.biodiversitylibrary.org/bibliography/340&rft_val_fmt=info:ofi/fmt:kev:mtx:book&url_ver=z39.88-2004,NA,NA,NA,NA,NA,NA,NA,NA,NA,NA,NA,NA
Andira_bahiensis,N.F.Mattos,N.F.Mattos,,spec.,/n/12566-2,Fabaceae,Andira,bahiensis,tax. nov.,58414,Silva,NA,"Bahia (Brazil, Southern America)",FALSE,FALSE,TRUE,NA,,Loefgrenia,1970,NA,45: 2,994-2,citation,Loefgrenia 45: 2. 1970 ,FALSE,TRUE,holotype Herb. Univ. Brasilia,1.3,12566-2,urn:lsid:ipni.org:names:12566-2,wfo-0000164255,FALSE,TRUE,TRUE,FALSE,FALSE,NA,NA,,NA,NA,NA,NA,NA,NA,NA,NA,NA,NA,NA,NA,NA,NA
Andira_landroana,N.F.Mattos,N.F.Mattos,,spec.,/n/12583-2,Fabaceae,Andira,landroana,tax. nov.,2064,Pereira,NA,"Bahia (Brazil, Southern America)",FALSE,FALSE,FALSE,NA,,Loefgrenia,1970,NA,40: [1],994-2,citation,Loefgrenia 40: [1]. 1970 ,FALSE,TRUE,holotype R,1.2,12583-2,urn:lsid:ipni.org:names:12583-2,wfo-0000164257,FALSE,TRUE,TRUE,FALSE,FALSE,NA,NA,,NA,NA,NA,NA,NA,NA,NA,NA,NA,NA,NA,NA,NA,NA
Andira_lanei,N.F.Mattos,N.F.Mattos,,spec.,/n/12582-2,Fabaceae,Andira,lanei,tax. nov.,s/n,Lane,NA,"Mato Grosso (Brazil, Southern America)",FALSE,FALSE,TRUE,NA,,Loefgrenia,1970,NA,40: [1],994-2,citation,Loefgrenia 40: [1]. 1970 ,FALSE,TRUE,holotype HB,1.3,12582-2,urn:lsid:ipni.org:names:12582-2,wfo-0000176143,FALSE,TRUE,TRUE,FALSE,FALSE,NA,NA,,NA,NA,NA,NA,NA,NA,NA,NA,NA,NA,NA,NA,NA,NA
Andira_zehntneri,Harms,Harms,,spec.,/n/12614-2,Fabaceae,Andira,zehntneri,tax. nov.,NA,NA,NA,Brazil (Southern America),FALSE,FALSE,TRUE,NA,,Repert. Spec. Nov. Regni Veg.,1921,NA,17: 443,788-2,citation,Repert. Spec. Nov. Regni Veg. 17: 443. 1921 ,FALSE,TRUE,NA,1.4,12614-2,urn:lsid:ipni.org:names:12614-2,wfo-0000169594,FALSE,TRUE,TRUE,FALSE,FALSE,NA,NA,,181625,http://www.biodiversitylibrary.org/openurl?ctx_ver=Z39.88-2004&rft_id=http://www.biodiversitylibrary.org/page/181625&rft_val_fmt=info:ofi/fmt:kev:mtx:book&url_ver=z39.88-2004,NA,NA,NA,NA,NA,NA,NA,NA,NA,NA,NA,NA
Bauhinia_lilacina,Wunderlin & Eilers,Wunderlin & Eilers,,spec.,/n/77106472-1,Leguminosae,Bauhinia,lilacina,tax. nov.,81,Silva Mattos &amp; Hage,4 Aug 1977,"Bahia (Brazil Northeast, Brazil, Southern America)",FALSE,FALSE,TRUE,Km 5 on Núcleo Colonial de Una-São José Highway (BR 101),,J. Bot. Res. Inst. Texas,2009,25 Nov 2009,3(2): 621 (-623; fig. 1),20007714-1,citation,J. Bot. Res. Inst. Texas 3(2): 621 (-623; fig. 1). 2009 [25 Nov 2009] ,FALSE,TRUE,holotype CEPEC;isotype K;isotype US,1.1,77106472-1,urn:lsid:ipni.org:names:77106472-1,wfo-0001039672,FALSE,TRUE,TRUE,FALSE,FALSE,NA,NA,,NA,http://www.biodiversitylibrary.org/openurl?ctx_ver=Z39.88-2004&rft.date=2009&rft.issue=2&rft.spage=621&rft.volume=3&rft_id=http://www.biodiversitylibrary.org/bibliography/63883&rft_val_fmt=info:ofi/fmt:kev:mtx:book&url_ver=z39.88-2004,NA,NA,NA,NA,NA,NA,NA,NA,NA,NA,NA,NA
Calliandra_bromelioides,E.R.Souza & L.P.Queiroz,E.R.Souza & L.P.Queiroz,,spec.,/n/77140316-1,Leguminosae,Calliandra,bromelioides,tax. nov.,514,"E.R. de Souza, D.Cardoso, A.Conceição",15 Sep 2006,"Bahia (Brazil Northeast, Brazil, Southern America)",FALSE,FALSE,TRUE,"Mucugê, Serra do Gobira, 1450 m",,Phytotaxa,2014,4 Apr 2014,164(2): 105,20011462-1,citation,Phytotaxa 164(2): 105. 2014 [4 Apr 2014] [epublished],FALSE,TRUE,holotype HUEFS;isotype K,1.1,77140316-1,urn:lsid:ipni.org:names:77140316-1,wfo-0001339735,TRUE,TRUE,TRUE,FALSE,FALSE,[epublished],doi:10.11646/phytotaxa.164.2.4,,NA,NA,NA,NA,NA,NA,NA,NA,NA,NA,NA,NA,NA,NA
Calliandra_lewisii,E.R.Souza & L.P.Queiroz,E.R.Souza & L.P.Queiroz,,spec.,/n/77140317-1,Leguminosae,Calliandra,lewisii,tax. nov.,5801,"M.M.Arbo, R.Mello-Silva &amp; J.Vicente",23 Nov 1992,"Bahia (Brazil Northeast, Brazil, Southern America)",FALSE,FALSE,TRUE,"Barra da Estiva: 20 km NE de Barra da Estiva, camino a Sincora Velho, ca. 890 m",,Phytotaxa,2014,4 Apr 2014,164(2): 108,20011462-1,citation,Phytotaxa 164(2): 108. 2014 [4 Apr 2014] [epublished],FALSE,TRUE,holotype HUEFS;isotype CTES;isotype K;isotype SPF,1.2,77140317-1,urn:lsid:ipni.org:names:77140317-1,wfo-0001339736,TRUE,TRUE,TRUE,FALSE,FALSE,[epublished],doi:10.11646/phytotaxa.164.2.4,,NA,NA,NA,NA,NA,NA,NA,NA,NA,NA,NA,NA,NA,NA
Calliandra_oroboensis,E.R.Souza & L.P.Queiroz,E.R.Souza & L.P.Queiroz,,spec.,/n/77140318-1,Leguminosae,Calliandra,oroboensis,tax. nov.,9281,"L.P. de Queiroz, J.G. de Carvalho, D.Cardoso &amp; T.Costa",27 Jul 2004,"Bahia (Brazil Northeast, Brazil, Southern America)",FALSE,FALSE,TRUE,"Ruy Barbosa, Serra Orobó, riacho Cazuza, 526 m",,Phytotaxa,2014,4 Apr 2014,164(2): 110,20011462-1,citation,Phytotaxa 164(2): 110. 2014 [4 Apr 2014] [epublished],FALSE,TRUE,holotype HUEFS;isotype K;isotype SPF,1.2,77140318-1,urn:lsid:ipni.org:names:77140318-1,wfo-0001339737,TRUE,TRUE,TRUE,FALSE,FALSE,[epublished],doi:10.11646/phytotaxa.164.2.4,,NA,NA,NA,NA,NA,NA,NA,NA,NA,NA,NA,NA,NA,NA
Camptosema_bellatulum,Hoehne,Hoehne,,spec.,/n/44120-2,Fabaceae,Camptosema,bellatulum,tax. nov.,NA,NA,NA,Brazil (Southern America),FALSE,FALSE,TRUE,NA,,Relat. Commiss. Linhas Telegr. Estratég. Matto Grosso Amazonas,1919,NA,"5, Bot. pt. 8: 91, pl. 155",16436-2,citation,"Relat. Commiss. Linhas Telegr. Estratég. Matto Grosso Amazonas 5, Bot. pt. 8: 91, pl. 155. 1919 ",FALSE,TRUE,NA,1.3,44120-2,urn:lsid:ipni.org:names:44120-2,wfo-0000583108,FALSE,TRUE,TRUE,FALSE,FALSE,NA,NA,,NA,NA,NA,NA,NA,NA,NA,NA,NA,NA,NA,NA,NA,NA
Camptosema_goiasana,R.S.Cowan,R.S.Cowan,,spec.,/n/44124-2,Fabaceae,Camptosema,goiasana,tax. nov.,NA,NA,NA,"Goiás (Brazil, Southern America)",FALSE,FALSE,TRUE,NA,,Bol. Soc. Venez. Ci. Nat.,1961,NA,"22: 285, fig. 3a-b",859-2,citation,"Bol. Soc. Venez. Ci. Nat. 22: 285, fig. 3a-b. 1961 ",FALSE,TRUE,NA,1.3,44124-2,urn:lsid:ipni.org:names:44124-2,wfo-0000165091,FALSE,TRUE,TRUE,FALSE,FALSE,NA,NA,,NA,NA,NA,NA,NA,NA,NA,NA,NA,NA,NA,NA,NA,NA
Camptosema_pentaphyllum,Taub.,Taub.,,spec.,/n/44129-2,Fabaceae,Camptosema,pentaphyllum,tax. nov.,NA,NA,NA,"Santa Catarina (Brazil, Southern America)",FALSE,FALSE,TRUE,NA,,Flora,1889,NA,47: 428,648-2,citation,Flora 47: 428. 1889 ,FALSE,TRUE,NA,1.3,44129-2,urn:lsid:ipni.org:names:44129-2,wfo-0000186816,FALSE,TRUE,TRUE,FALSE,FALSE,NA,[Gandhi; Hickenia 3(2): 6. 1999],,NA,http://www.biodiversitylibrary.org/openurl?ctx_ver=Z39.88-2004&rft.date=1889&rft.spage=428&rft.volume=47&rft_id=http://www.biodiversitylibrary.org/bibliography/64&rft_val_fmt=info:ofi/fmt:kev:mtx:book&url_ver=z39.88-2004,NA,NA,NA,NA,NA,NA,NA,NA,NA,NA,NA,NA
Cassia_tuhovalyana,Aké Assi,Aké Assi,,spec.,/n/905824-1,Leguminosae,Cassia,tuhovalyana,tax. nov.,NA,NA,NA,Ivory Coast;Brazil.;,FALSE,FALSE,TRUE,NA,,"Bull. Inst. Fondam. Afrique Noire, Sér. A., Sci. Nat.",1985,1985,44(1–2): 67 (1982 publ. 1985),NA,citation,"Bull. Inst. Fondam. Afrique Noire, Sér. A., Sci. Nat. 44(1–2): 67 (1982 publ. 1985). ",FALSE,TRUE,NA,1.6,905824-1,urn:lsid:ipni.org:names:905824-1,wfo-0000165032,FALSE,TRUE,TRUE,TRUE,FALSE,NA,NA,,NA,NA,NA,"Ivory Coast, Brazil.",NA,NA,NA,NA,NA,NA,NA,NA,NA,NA
Centrosema_jaraguaensis,Hoehne,Hoehne,,spec.,/n/51868-2,Fabaceae,Centrosema,jaraguaensis,tax. nov.,NA,NA,NA,"Sao Paulo (Brazil, Southern America)",FALSE,FALSE,FALSE,NA,,Bol. Inst. Brasil. Sci.,1926,NA,"2: 248, pl. 4",3890-2,citation,"Bol. Inst. Brasil. Sci. 2: 248, pl. 4. 1926 ",FALSE,TRUE,NA,1.2,51868-2,urn:lsid:ipni.org:names:51868-2,wfo-0000165560,FALSE,TRUE,TRUE,FALSE,FALSE,NA,NA,,NA,NA,NA,NA,NA,NA,NA,NA,NA,NA,NA,NA,NA,NA
Chamaecrista_× blanchetiformis,"Conc., L.P.Queiroz & Borba","Conc., L.P.Queiroz & Borba",,spec.,/n/77089343-1,Leguminosae,Chamaecrista,blanchetiformis,tax. nov.,535,A.S.Conceição,28 Sep 2002,"Bahia (Brazil Northeast, Brazil, Southern America)",TRUE,FALSE,TRUE,"Mucugê, Chapada Diamantina, Projeto Sempre Viva",,Pl. Syst. Evol.,2008,NA,"271(1-2): 25 (-26, 22; fig. 1E)",2733-2,citation,"Pl. Syst. Evol. 271(1-2): 25 (-26, 22; fig. 1E). 2008 ",FALSE,TRUE,holotype HUEFS;isotype K;isotype HRB;isotype SPF,1.1,77089343-1,urn:lsid:ipni.org:names:77089343-1,wfo-0000508744,FALSE,TRUE,TRUE,FALSE,FALSE,NA,NA,,NA,NA,NA,NA,NA,NA,NA,NA,NA,NA,NA,NA,NA,NA
Chamaecrista_× patyensis,"Conc., L.P.Queiroz & Borba","Conc., L.P.Queiroz & Borba",,spec.,/n/77089344-1,Leguminosae,Chamaecrista,patyensis,tax. nov.,918,A.S.Conceição,8 Dec 2006,"Bahia (Brazil Northeast, Brazil, Southern America)",TRUE,FALSE,TRUE,"Mucugê, Chapada Diamantina, Guiné, Paty de Fora, Gerais do Rio Preto (Acento do Beco)",,Pl. Syst. Evol.,2008,NA,271(1-2): 26 (22; fig. 1B),2733-2,citation,Pl. Syst. Evol. 271(1-2): 26 (22; fig. 1B). 2008 ,FALSE,TRUE,holotype HUEFS;isotype K,1.1,77089344-1,urn:lsid:ipni.org:names:77089344-1,wfo-0000508746,FALSE,TRUE,TRUE,FALSE,FALSE,NA,NA,,NA,NA,NA,NA,NA,NA,NA,NA,NA,NA,NA,NA,NA,NA
Clitoria_brasiliana,L.,L.,,spec.,/n/61237-2,Fabaceae,Clitoria,brasiliana,tax. nov.,NA,NA,NA,Brazil (Southern America),FALSE,FALSE,TRUE,NA,,Sp. Pl.,1753,1 May 1753,2: 753,1071-2,citation,Sp. Pl. 2: 753. 1753 [1 May 1753] ,FALSE,TRUE,"lectotype BM (HERB. CLIFFORD: 361, CLITORIA NO. 2) (HERB. CLIFFORD: 361, CLITORIA NO. 2)",1.4,61237-2,urn:lsid:ipni.org:names:61237-2,wfo-0000176372,FALSE,TRUE,TRUE,FALSE,FALSE,NA,[Gandhi; LT],,NA,http://www.biodiversitylibrary.org/openurl?ctx_ver=Z39.88-2004&rft.date=1753&rft.spage=753&rft.volume=2&rft_id=http://www.biodiversitylibrary.org/bibliography/669&rft_val_fmt=info:ofi/fmt:kev:mtx:book&url_ver=z39.88-2004,NA,NA,NA,NA,NA,NA,NA,NA,NA,NA,NA,NA
Clitoria_magnifica,Afr.Fern. & P.Bezerra,Afr.Fern. & P.Bezerra,,spec.,/n/274775-2,Fabaceae,Clitoria,magnifica,tax. nov.,1978," Mattos,A.G.Fernandes",NA,Brazil (Southern America),FALSE,FALSE,TRUE,NA,,Bradea,1984,NA,4: 52 (fig.),1276-2,citation,Bradea 4: 52 (fig.). 1984 ,FALSE,TRUE,holotype EAC 3842 3842,1.4,274775-2,urn:lsid:ipni.org:names:274775-2,wfo-0001061141,FALSE,TRUE,TRUE,FALSE,FALSE,NA,NA,,NA,NA,NA,NA,NA,NA,NA,NA,NA,NA,NA,NA,NA,NA
Collaea_coriacea,Glaz.,Glaz.,,spec.,/n/63123-2,Fabaceae,Collaea,coriacea,tax. nov.,NA,NA,NA,Brazil (Southern America),FALSE,FALSE,FALSE,NA,,Bull. Soc. Bot. France,1906,NA,53(Mém. 3b): 138,578-2,citation,Bull. Soc. Bot. France 53(Mém. 3b): 138. 1906 Name only,FALSE,TRUE,NA,1.4,63123-2,urn:lsid:ipni.org:names:63123-2,wfo-0001051077,TRUE,TRUE,TRUE,FALSE,FALSE,Name only,NA,,NA,NA,NA,NA,NA,NA,NA,NA,NA,NA,NA,NA,NA,NA
Collaea_insignis,M.J.Silva,M.J.Silva,,spec.,/n/77310103-1,Leguminosae,Collaea,insignis,tax. nov.,6888,"M.J.Silva, R.N.Ribeiro, M.C.N.Ribeiro, G.L.Soares-Feitosa, D.O.Diniz-Neres &amp; A.O.Souza",3 Jul 2015,"Goiás (Brazil West-Central, Brazil, Southern America);Brasília Distrito Federal (Brazil West-Central, Brazil, Southern America);",FALSE,FALSE,TRUE,"Goiás: Alto Paraíso de Goiás, Parque Nacional da Chapada dos Veadeiros, c. 10 km ao norte de Alto Paraíso de Goiás pela GO 118, mata de galeria adjacente ao Morro do Japonês, 1225 m",,Phytotaxa,2022,15 Dec 2022,576(1): 57,20011462-1,citation,Phytotaxa 576(1): 57. 2022 [15 Dec 2022] [epublished],FALSE,TRUE,holotype UFG;isotype CEN;isotype UB,1.1,77310103-1,urn:lsid:ipni.org:names:77310103-1,wfo-1000043052,TRUE,TRUE,TRUE,FALSE,FALSE,[epublished],doi:10.11646/phytotaxa.576.1.3,,NA,NA,NA,NA,NA,NA,NA,NA,NA,NA,NA,NA,NA,NA
Cracca_corumbae,Hoehne,Hoehne,,spec.,/n/67566-2,Fabaceae,Cracca,corumbae,tax. nov.,NA,NA,NA,Brazil (Southern America),FALSE,FALSE,TRUE,NA,,Relat. Commiss. Linhas Telegr. Estratég. Matto Grosso Amazonas,1919,NA,"5, Bot. pt. 8: 63",16436-2,citation,"Relat. Commiss. Linhas Telegr. Estratég. Matto Grosso Amazonas 5, Bot. pt. 8: 63. 1919 (as Gracca), pl. 153",FALSE,TRUE,NA,1.3,67566-2,urn:lsid:ipni.org:names:67566-2,wfo-0000167803,TRUE,TRUE,TRUE,FALSE,FALSE,"(as Gracca), pl. 153",NA,,NA,NA,NA,NA,NA,NA,NA,NA,NA,NA,NA,NA,NA,NA
Crotalaria_bahiaensis,Windler & S.G.Skinner,Windler & S.G.Skinner,,spec.,/n/69713-2,Fabaceae,Crotalaria,bahiaensis,tax. nov.,2827,J.S.Blanchet,NA,Brazil (Southern America),FALSE,FALSE,TRUE,NA,,Phytologia,1982,NA,"50: 187, fig",1034-2,citation,"Phytologia 50: 187, fig. 1982 ",FALSE,TRUE,holotype F,1.4,69713-2,urn:lsid:ipni.org:names:69713-2,wfo-0000174891,FALSE,TRUE,TRUE,FALSE,FALSE,NA,NA,,NA,http://www.biodiversitylibrary.org/openurl?ctx_ver=Z39.88-2004&rft.date=1982&rft.spage=187&rft.volume=50&rft_id=http://www.biodiversitylibrary.org/bibliography/12678&rft_val_fmt=info:ofi/fmt:kev:mtx:book&url_ver=z39.88-2004,NA,NA,NA,NA,NA,NA,NA,NA,NA,NA,NA,NA
Crotalaria_bellii,Windler & S.G.Skinner,Windler & S.G.Skinner,,spec.,/n/69717-2,Fabaceae,Crotalaria,bellii,tax. nov.,12951," R.Souza, J.W.Grear, Jr.,H.S.Irwin, R.Reis dos Santos",NA,"Ca. 30 km. N.W. of Veadeiros, Goiás (Brazil, Southern America)",FALSE,FALSE,TRUE,NA,,Phytologia,1982,NA,"50: 189 (-192), fig",1034-2,citation,"Phytologia 50: 189 (-192), fig. 1982 ",FALSE,TRUE,holotype US,1.4,69717-2,urn:lsid:ipni.org:names:69717-2,wfo-0000174893,FALSE,TRUE,TRUE,FALSE,FALSE,NA,NA,,NA,http://www.biodiversitylibrary.org/openurl?ctx_ver=Z39.88-2004&rft.date=1982&rft.spage=189&rft.volume=50&rft_id=http://www.biodiversitylibrary.org/bibliography/12678&rft_val_fmt=info:ofi/fmt:kev:mtx:book&url_ver=z39.88-2004,NA,NA,NA,NA,NA,NA,NA,NA,NA,NA,NA,NA
Crotalaria_brasiliensis,Windler & S.G.Skinner,Windler & S.G.Skinner,,spec.,/n/69719-2,Fabaceae,Crotalaria,brasiliensis,tax. nov.,26425,"H.S.Irwin, R.Souza, J.Ramos, S.F.de Fonseca, R.Reis dos Santos",NA,Brazil (Southern America),FALSE,FALSE,TRUE,NA,,Phytologia,1982,NA,"50: 194 (-196), fig",1034-2,citation,"Phytologia 50: 194 (-196), fig. 1982 ",FALSE,TRUE,holotype MO,1.4,69719-2,urn:lsid:ipni.org:names:69719-2,wfo-0000174896,FALSE,TRUE,TRUE,FALSE,FALSE,NA,NA,,NA,http://www.biodiversitylibrary.org/openurl?ctx_ver=Z39.88-2004&rft.date=1982&rft.spage=194&rft.volume=50&rft_id=http://www.biodiversitylibrary.org/bibliography/12678&rft_val_fmt=info:ofi/fmt:kev:mtx:book&url_ver=z39.88-2004,NA,NA,NA,NA,NA,NA,NA,NA,NA,NA,NA,NA
Crotalaria_erecta,Pilg.,Pilg.,,spec.,/n/69727-2,Fabaceae,Crotalaria,erecta,tax. nov.,NA,NA,NA,"Mato Grosso (Brazil, Southern America)",FALSE,FALSE,TRUE,NA,,Bot. Jahrb. Syst.,1901,2 Jul 1901,30(2): 159,553-2,citation,Bot. Jahrb. Syst. 30(2): 159. 1901 [2 Jul 1901] ,FALSE,TRUE,NA,1.5,69727-2,urn:lsid:ipni.org:names:69727-2,NA,FALSE,TRUE,TRUE,FALSE,FALSE,NA,NA,,211375,http://www.biodiversitylibrary.org/openurl?ctx_ver=Z39.88-2004&rft_id=http://www.biodiversitylibrary.org/page/211375&rft_val_fmt=info:ofi/fmt:kev:mtx:book&url_ver=z39.88-2004,NA,NA,NA,NA,NA,NA,NA,NA,NA,NA,NA,NA
Crotalaria_mucronata,Desv.,Desv.,,spec.,/n/322609-2,Fabaceae,Crotalaria,mucronata,tax. nov.,NA,NA,NA,Naturalized in the New World (Brazil),FALSE,FALSE,TRUE,NA,,J. Bot. Agric.,1814,NA,3: 76,6414-2,citation,J. Bot. Agric. 3: 76. 1814 ,FALSE,TRUE,NA,1.3,322609-2,urn:lsid:ipni.org:names:322609-2,wfo-0000209135,FALSE,TRUE,TRUE,FALSE,FALSE,NA,[Gandhi 22 Mar 2002; NON GCI],,NA,http://www.biodiversitylibrary.org/openurl?ctx_ver=Z39.88-2004&rft.date=1814&rft.spage=76&rft.volume=3&rft_id=http://www.biodiversitylibrary.org/bibliography/14238&rft_val_fmt=info:ofi/fmt:kev:mtx:book&url_ver=z39.88-2004,NA,NA,NA,NA,NA,NA,NA,NA,NA,NA,NA,NA
Crotalaria_regnellii,Benth.,Benth.,,spec.,/n/69788-2,Fabaceae,Crotalaria,regnellii,tax. nov.,NA,NA,NA,Brazil (Southern America),FALSE,FALSE,TRUE,NA,,Linnaea,1849,NA,22: 511,703-2,citation,Linnaea 22: 511. 1849 ,FALSE,TRUE,NA,1.3,69788-2,urn:lsid:ipni.org:names:69788-2,wfo-0000176459,FALSE,TRUE,TRUE,FALSE,FALSE,NA,NA,,NA,http://www.biodiversitylibrary.org/openurl?ctx_ver=Z39.88-2004&rft.date=1849&rft.spage=511&rft.volume=22&rft_id=http://www.biodiversitylibrary.org/bibliography/626&rft_val_fmt=info:ofi/fmt:kev:mtx:book&url_ver=z39.88-2004,NA,NA,NA,NA,NA,NA,NA,NA,NA,NA,NA,NA
Crotalaria_urbaniana,Taub.,Taub.,,spec.,/n/69816-2,Fabaceae,Crotalaria,urbaniana,tax. nov.,NA,NA,NA,Brazil (Southern America),FALSE,FALSE,TRUE,NA,,Flora,1889,NA,72 (n. s. 47): 423,648-2,citation,Flora 72 (n. s. 47): 423. 1889 ,FALSE,TRUE,NA,1.3,69816-2,urn:lsid:ipni.org:names:69816-2,wfo-0000165686,FALSE,TRUE,TRUE,FALSE,FALSE,NA,NA,,NA,NA,NA,NA,NA,NA,NA,NA,NA,NA,NA,NA,NA,NA
Crudia_humboldtiana,Stergios,Stergios,,spec.,/n/20006334-1,Leguminosae,Crudia,humboldtiana,tax. nov.,2913,R.Spruce,Feb 1853,Brazil North (Amazonas),FALSE,FALSE,TRUE,"Rio Uaupes, in vicinity of Panuré; In rivuli ripis umbrosis inundatis decus - Panuré.",,"BioLlania, Ed. Espec.",2001,NA,7: 267,17761-2,citation,"BioLlania, Ed. Espec. 7: 267. 2001 ",FALSE,TRUE,holotype K;isotype BM;isotype NY;isotype K,1.2,20006334-1,urn:lsid:ipni.org:names:20006334-1,wfo-0000627021,FALSE,TRUE,TRUE,FALSE,FALSE,NA,NA,,NA,NA,NA,NA,NA,NA,NA,NA,NA,NA,NA,NA,NA,NA
Cynometra_humboldtiana,Stergios,Stergios,,spec.,/n/20006336-1,Leguminosae,Cynometra,humboldtiana,tax. nov.,4935,G.T.Prance et al,Jun 1968,Brazil North (Amazonas),FALSE,FALSE,TRUE,"Río Urubu, between Cachoeiras Lindoia and Iracema, nearer to Iracema",,"BioLlania, Ed. Espec.",2001,NA,7: 274,17761-2,citation,"BioLlania, Ed. Espec. 7: 274. 2001 ",FALSE,TRUE,holotype K;isotype A;isotype C;isotype COL;isotype F;isotype G;isotype INPA;isotype M;isotype MG;isotype MICH;isotype MO;isotype NY;isotype P;isotype R;isotype S;isotype US;isotype VEN,1.2,20006336-1,urn:lsid:ipni.org:names:20006336-1,wfo-0000634319,FALSE,TRUE,TRUE,FALSE,FALSE,NA,NA,,NA,NA,NA,NA,NA,NA,NA,NA,NA,NA,NA,NA,NA,NA
Cytisus_boavista,Vell.,Vell.,,spec.,/n/75708-2,Fabaceae,Cytisus,boavista,tax. nov.,NA,NA,NA,Brazil (Southern America),FALSE,FALSE,TRUE,NA,,Fl. Flumin.,1829,1825 publ. 7 Sep-28 Nov 1829,309,932-2,citation,Fl. Flumin. 309. 1829 [1825 publ. 7 Sep-28 Nov 1829] ,FALSE,TRUE,NA,1.4,75708-2,urn:lsid:ipni.org:names:75708-2,wfo-0000166721,FALSE,TRUE,TRUE,FALSE,FALSE,NA,NA,,NA,http://www.biodiversitylibrary.org/openurl?ctx_ver=Z39.88-2004&rft.date=1829&rft.spage=309&rft_id=http://www.biodiversitylibrary.org/bibliography/745&rft_val_fmt=info:ofi/fmt:kev:mtx:book&url_ver=z39.88-2004,NA,NA,NA,NA,NA,NA,NA,NA,NA,NA,NA,NA
Deguelia_tenuiflora,"R.A.Camargo, R.J.Burnham & Mansano","R.A.Camargo, R.J.Burnham & Mansano",,spec.,/n/77319976-1,Fabaceae,Deguelia,tenuiflora,tax. nov.,8009,R.J.Burnham &amp; J.B.da Silva,31 May 2017,"Amazonas (Brazil North, Brazil, Southern America)",FALSE,FALSE,FALSE,"Manaus, BR-174, km 64, east on ZF-03 about 0.5 km before km 37",,Rodriguésia,2022,NA,73(e00172021): 2,1167-2,citation,Rodriguésia 73(e00172021): 2. 2022 [epublished],FALSE,TRUE,holotype INPA;isotype UEC,1.1,77319976-1,urn:lsid:ipni.org:names:77319976-1,NA,TRUE,FALSE,TRUE,FALSE,FALSE,[epublished],"doi:10.1590/2175-7860202273048 Etymology: 'The etymology refers to its fragile flower parts, in particular the petals and staminal tube'.",,NA,NA,NA,NA,NA,NA,NA,NA,NA,NA,NA,NA,NA,NA
Delgadoa_bambuicola,"F.S.Santos, Snak & L.P.Queiroz","F.S.Santos, Snak & L.P.Queiroz",,spec.,/n/77314719-1,Leguminosae,Delgadoa,bambuicola,tax. nov.,60,"F.S. Santos, C. Snak, C. Silva &amp; F.G. Oliveira",11 Feb 2018,"Bahia (Brazil Northeast, Brazil, Southern America)",FALSE,FALSE,FALSE,"Santa Maria da Vitória, 600 m",,Taxon,2022,13 Oct 2022,72(1): 72,812-2,citation,Taxon 72(1): 72. 2022 [13 Oct 2022] [epublished],FALSE,TRUE,holotype HUEFS HUEFS000289559;isotype HUEFS HUEFS000233911;isotype K;isotype MEXU;isotype NY;isotype P;isotype RB,1.1,77314719-1,urn:lsid:ipni.org:names:77314719-1,NA,TRUE,FALSE,TRUE,FALSE,FALSE,[epublished],"doi:10.1002/tax.12819 Etymology: name refers to the fact that all specimens were collected on limestone outcrops belonging to the Bambuí group, a mixed sedimentary geology which covers more than 300,000 km2 of the São Francisco Craton in east-central Brazil.",,NA,NA,NA,NA,NA,NA,NA,NA,NA,NA,NA,NA,NA,NA
Desmodium_dutrae,Malme,Malme,,spec.,/n/78417-2,Leguminosae,Desmodium,dutrae,tax. nov.,NA,NA,NA,Brazil (Southern America),FALSE,FALSE,TRUE,NA,,Ark. Bot.,1922,NA,"18, no. 7: 10, pl. 3",536-2,citation,"Ark. Bot. 18, no. 7: 10, pl. 3. 1922 ",FALSE,TRUE,NA,1.4,78417-2,urn:lsid:ipni.org:names:78417-2,wfo-0000170288,FALSE,TRUE,TRUE,FALSE,FALSE,NA,NA,,NA,NA,NA,NA,NA,NA,NA,NA,NA,NA,NA,NA,NA,NA
Desmodium_pabulare,Hoehne,Hoehne,,spec.,/n/78508-2,Fabaceae,Desmodium,pabulare,tax. nov.,NA,NA,NA,Brazil (Southern America),FALSE,FALSE,TRUE,NA,,Chacaras & Quintais,1920,NA,"21: 462, with plate",17042-2,citation,"Chacaras & Quintais 21: 462, with plate. 1920 ",FALSE,TRUE,NA,1.3,78508-2,urn:lsid:ipni.org:names:78508-2,wfo-0000170336,FALSE,TRUE,TRUE,FALSE,FALSE,NA,NA,,NA,NA,NA,NA,NA,NA,NA,NA,NA,NA,NA,NA,NA,NA
Desmodium_pachyrrhizum,Vogel,Vogel,,spec.,/n/78509-2,Leguminosae,Desmodium,pachyrrhizum,tax. nov.,s.n.,F.Sellow,NA,Brazil (Southern America),FALSE,FALSE,TRUE,NA,,Linnaea,1838,11-17 Mar 1838,12(1): 97,703-2,citation,Linnaea 12(1): 97. 1838 [11-17 Mar 1838] ,FALSE,TRUE,null B,1.5,78509-2,urn:lsid:ipni.org:names:78509-2,wfo-0001053331,FALSE,TRUE,TRUE,FALSE,FALSE,NA,as D. pachyrhiza,,101962,http://www.biodiversitylibrary.org/openurl?ctx_ver=Z39.88-2004&rft_id=http://www.biodiversitylibrary.org/page/101962&rft_val_fmt=info:ofi/fmt:kev:mtx:book&url_ver=z39.88-2004,NA,NA,NA,NA,NA,NA,NA,NA,NA,NA,NA,NA
Eperua_cerradoensis,"E.A.Fortes, G.S. da Silva & Mansano","E.A.Fortes, G.S. da Silva & Mansano",,spec.,/n/77317217-1,Leguminosae,Eperua,cerradoensis,tax. nov.,02,Gonçalves A.S.,24 Mar 2022,"Maranhão (Brazil Northeast, Brazil, Southern America)",FALSE,FALSE,FALSE,"Caxias, Povoado Morro Agudo, Segundo Distrito, rio Itapecuru",,Phytotaxa,2023,5 Apr 2023,591(3): 199,20011462-1,citation,Phytotaxa 591(3): 199. 2023 [5 Apr 2023] [epublished],FALSE,TRUE,holotype RB 01458708;isotype INPA;isotype UEC;isotype US,1.1,77317217-1,urn:lsid:ipni.org:names:77317217-1,NA,TRUE,FALSE,TRUE,FALSE,FALSE,[epublished],doi:10.11646/phytotaxa.591.3.2 Etymology: name alludes to its occurrence in the Cerrado Biome.,,NA,NA,NA,NA,NA,NA,NA,NA,NA,NA,NA,NA,NA,NA
Eperua_manausensis,E.A.Fortes & Mansano,E.A.Fortes & Mansano,,spec.,/n/77317218-1,Leguminosae,Eperua,manausensis,tax. nov.,1561,Cabral F.N. et al.,8 Jun 2017,"Amazonas (Brazil North, Brazil, Southern America)",FALSE,FALSE,FALSE,"Manaus, Reserva Florestal Adolpho Ducke, trilha do Jardim Botânico MUSA",,Phytotaxa,2023,5 Apr 2023,591(3): 204,20011462-1,citation,Phytotaxa 591(3): 204. 2023 [5 Apr 2023] [epublished],FALSE,TRUE,holotype INPA 0284318;isotype RB 01459755,1.1,77317218-1,urn:lsid:ipni.org:names:77317218-1,NA,TRUE,FALSE,TRUE,FALSE,FALSE,[epublished],doi:10.11646/phytotaxa.591.3.2,,NA,NA,NA,NA,NA,NA,Planta marcada JBN 634,NA,NA,NA,NA,NA,NA,NA
Eriosema_erythropilum,Harms,Harms,,spec.,/n/95883-2,Fabaceae,Eriosema,erythropilum,tax. nov.,NA,NA,NA,Brazil (Southern America),FALSE,FALSE,TRUE,NA,,Bot. Jahrb. Syst.,1903,13 Mar 1903,"33(2, Beibl. 72): 32",553-2,citation,"Bot. Jahrb. Syst. 33(2, Beibl. 72): 32. 1903 [13 Mar 1903] ",FALSE,TRUE,NA,1.4,95883-2,urn:lsid:ipni.org:names:95883-2,wfo-0000167914,FALSE,TRUE,TRUE,FALSE,FALSE,NA,NA,,NA,NA,NA,NA,NA,NA,NA,NA,NA,NA,NA,NA,NA,NA
Eriosema_intermedium,Malme,Malme,,spec.,/n/95888-2,Fabaceae,Eriosema,intermedium,tax. nov.,NA,NA,NA,"Mato Grosso (Brazil, Southern America)",FALSE,FALSE,TRUE,NA,,Ark. Bot.,1931,NA,"23A, no. 13: 93",536-2,citation,"Ark. Bot. 23A, no. 13: 93. 1931 ",FALSE,TRUE,NA,1.3,95888-2,urn:lsid:ipni.org:names:95888-2,wfo-0000176540,FALSE,TRUE,TRUE,FALSE,FALSE,NA,NA,,NA,NA,NA,NA,NA,NA,NA,NA,NA,NA,NA,NA,NA,NA
Eriosema_lagoense,Micheli,Micheli,,spec.,/n/319403-2,Fabaceae,Eriosema,lagoense,tax. nov.,3146,J.E.B.Warming,NA,"Ad Lagoa Santa, in campis, Minas Gerais (Brazil, Southern America)",FALSE,FALSE,TRUE,NA,,Vidensk. Meddel. Naturhist. Foren. Kjøbenhavn,1875,NA,1875: 93,1089-2,citation,Vidensk. Meddel. Naturhist. Foren. Kjøbenhavn 1875: 93. ,FALSE,TRUE,lectotype G,1.3,319403-2,urn:lsid:ipni.org:names:319403-2,wfo-0000176523,FALSE,TRUE,TRUE,FALSE,FALSE,NA,[Gandhi 18 Feb 2000] The LT. information is from R. H. Fortunato [Kurtziana 27(2): 372. 1999],,NA,http://www.biodiversitylibrary.org/openurl?ctx_ver=Z39.88-2004&rft.date=1875&rft.spage=93&rft.volume=1875&rft_id=http://www.biodiversitylibrary.org/bibliography/7547&rft_val_fmt=info:ofi/fmt:kev:mtx:book&url_ver=z39.88-2004,NA,NA,NA,NA,NA,NA,NA,NA,NA,NA,NA,NA
Eriosema_parvifolium,Pavan & Fort.-Perez,Pavan & Fort.-Perez,,spec.,/n/77326611-1,Leguminosae,Eriosema,parvifolium,tax. nov.,8134,H.C.de Lima et al.,11 Feb 2016,"Roraima (Brazil North, Brazil, Southern America);Venezuela (Northern South America, Southern America);",FALSE,FALSE,FALSE,"Brazil: Roraima: Caracaraí. Vista Alegre, 67 m",,Phytotaxa,2023,6 Sep 2023,612(3): 294,20011462-1,citation,Phytotaxa 612(3): 294. 2023 [6 Sep 2023] [epublished],FALSE,TRUE,holotype RB 01096592,1.1,77326611-1,urn:lsid:ipni.org:names:77326611-1,NA,TRUE,FALSE,TRUE,FALSE,FALSE,[epublished],"doi:10.11646/phytotaxa.612.3.5 Etymology: 'The specific epithet parvifolium derives from the combination of parvum plus folium, due to the leaves of reduced proportions in relation to other species of the genus'.",,NA,NA,NA,NA,NA,NA,NA,NA,NA,NA,NA,NA,NA,NA
Erythrina_aurantiaca,Ridl.,Ridl.,,spec.,/n/96555-2,Fabaceae,Erythrina,aurantiaca,tax. nov.,NA,NA,NA,Brazil (Southern America),FALSE,FALSE,TRUE,NA,,"J. Linn. Soc., Bot.",1890,NA,"27: 30, tab. 1",682-2,citation,"J. Linn. Soc., Bot. 27: 30, tab. 1. 1890 ",FALSE,TRUE,NA,1.3,96555-2,urn:lsid:ipni.org:names:96555-2,wfo-0000186211,FALSE,TRUE,TRUE,FALSE,FALSE,NA,NA,,NA,http://www.biodiversitylibrary.org/openurl?ctx_ver=Z39.88-2004&rft.date=1890&rft.spage=30&rft.volume=27&rft_id=http://www.biodiversitylibrary.org/bibliography/350&rft_val_fmt=info:ofi/fmt:kev:mtx:book&url_ver=z39.88-2004,NA,NA,NA,NA,NA,NA,NA,NA,NA,NA,NA,NA
Erythrina_compacta,W.Bull ex K.Koch,W.Bull ex K.Koch,,spec.,/n/60454911-2,Fabaceae,Erythrina,compacta,tax. nov.,NA,NA,NA,Brazil (Southern America),FALSE,FALSE,FALSE,NA,,Wochenschr. Vereines Beförd. Gartenbaues Konigl. Preuss. Staaten,1871,20 May 1871,14(20): 159,7877-2,citation,Wochenschr. Vereines Beförd. Gartenbaues Konigl. Preuss. Staaten 14(20): 159. 1871 [20 May 1871] ,FALSE,TRUE,NA,1.1,60454911-2,urn:lsid:ipni.org:names:60454911-2,NA,FALSE,FALSE,TRUE,FALSE,FALSE,NA,NA,,NA,http://www.biodiversitylibrary.org/openurl?ctx_ver=Z39.88-2004&rft.date=1871&rft.issue=20&rft.spage=159&rft.volume=14&rft_id=http://www.biodiversitylibrary.org/bibliography/5017&rft_val_fmt=info:ofi/fmt:kev:mtx:book&url_ver=z39.88-2004,NA,NA,NA,NA,NA,NA,NA,NA,NA,NA,NA,NA
Galactia_cordifolia,Ceolin & Miotto,Ceolin & Miotto,,spec.,/n/77133200-1,Fabaceae,Galactia,cordifolia,tax. nov.,14941,A.Pott &amp; V.J.Pott,24 Feb 2008,"Mato Grosso do Sul (Brazil West-Central, Brazil, Southern America)",FALSE,FALSE,TRUE,"Ribas do Rio Pardo, 376 m",,Phytotaxa,2013,26 Sep 2013,134(1): 5,20011462-1,citation,Phytotaxa 134(1): 5. 2013 [26 Sep 2013] [epublished],FALSE,TRUE,holotype CGMS;isotype ICN,1.3,77133200-1,urn:lsid:ipni.org:names:77133200-1,wfo-0001337265,TRUE,TRUE,TRUE,FALSE,FALSE,[epublished],doi:10.11646/phytotaxa.134.1.1,,NA,NA,NA,NA,NA,NA,NA,NA,NA,NA,NA,NA,NA,NA
Galactia_cruelsiana,Taub.,Taub.,,spec.,/n/106574-2,Fabaceae,Galactia,cruelsiana,tax. nov.,NA,NA,NA,Brazil (Southern America),FALSE,FALSE,TRUE,NA,,Bot. Jahrb. Syst.,1895,1895,21(4): 437,553-2,citation,Bot. Jahrb. Syst. 21(4): 437. 1895 [1895] ;  a preprint,FALSE,TRUE,NA,1.6,106574-2,urn:lsid:ipni.org:names:106574-2,wfo-0000693647,TRUE,TRUE,TRUE,FALSE,FALSE,a preprint,NA,,NA,http://www.biodiversitylibrary.org/openurl?ctx_ver=Z39.88-2004&rft.date=1895&rft.issue=4&rft.spage=437&rft.volume=21&rft_id=http://www.biodiversitylibrary.org/bibliography/60&rft_val_fmt=info:ofi/fmt:kev:mtx:book&url_ver=z39.88-2004,NA,NA,NA,NA,NA,NA,NA,NA,NA,NA,NA,NA
Galactia_glaziovii,Harms,Harms,,spec.,/n/106607-2,Fabaceae,Galactia,glaziovii,tax. nov.,NA,NA,NA,Brazil (Southern America),FALSE,FALSE,TRUE,NA,,Bot. Jahrb. Syst.,1903,13 Mar 1903,"33(2, Beibl. 72): 28",553-2,citation,"Bot. Jahrb. Syst. 33(2, Beibl. 72): 28. 1903 [13 Mar 1903] ",FALSE,TRUE,NA,1.4,106607-2,urn:lsid:ipni.org:names:106607-2,wfo-0000181283,FALSE,TRUE,TRUE,FALSE,FALSE,NA,NA,,NA,NA,NA,NA,NA,NA,NA,NA,NA,NA,NA,NA,NA,NA
Galactia_linearifolia,Hoehne,Hoehne,,spec.,/n/106634-2,Fabaceae,Galactia,linearifolia,tax. nov.,NA,NA,NA,"Sao Paulo (Brazil, Southern America)",FALSE,FALSE,TRUE,NA,,Bol. Inst. Brasil. Sci.,1926,NA,"2: 250, pl. 5",3890-2,citation,"Bol. Inst. Brasil. Sci. 2: 250, pl. 5. 1926 ",FALSE,TRUE,NA,1.2,106634-2,urn:lsid:ipni.org:names:106634-2,wfo-0000173592,FALSE,TRUE,TRUE,FALSE,FALSE,NA,NA,,NA,NA,NA,NA,NA,NA,NA,NA,NA,NA,NA,NA,NA,NA
Galactia_macropoda,R.S.Cowan,R.S.Cowan,,spec.,/n/106640-2,Fabaceae,Galactia,macropoda,tax. nov.,NA,NA,NA,"Paraná (Brazil, Southern America)",FALSE,FALSE,TRUE,NA,,Bol. Soc. Venez. Ci. Nat.,1961,NA,"22: 283, fig. 2a,b",859-2,citation,"Bol. Soc. Venez. Ci. Nat. 22: 283, fig. 2a,b. 1961 ",FALSE,TRUE,NA,1.3,106640-2,urn:lsid:ipni.org:names:106640-2,wfo-0001049861,FALSE,TRUE,TRUE,FALSE,FALSE,NA,NA,,NA,NA,NA,NA,NA,NA,NA,NA,NA,NA,NA,NA,NA,NA
Galactia_pyrenea,Taub.,Taub.,,spec.,/n/106680-2,Fabaceae,Galactia,pyrenea,tax. nov.,NA,NA,NA,Brazil (Southern America),FALSE,FALSE,TRUE,NA,,Bot. Jahrb. Syst.,1895,1895,21(4): 438,553-2,citation,Bot. Jahrb. Syst. 21(4): 438. 1895 [1895] ;  a preprint,FALSE,TRUE,NA,1.6,106680-2,urn:lsid:ipni.org:names:106680-2,wfo-0000181284,TRUE,TRUE,TRUE,FALSE,FALSE,a preprint,NA,,NA,http://www.biodiversitylibrary.org/openurl?ctx_ver=Z39.88-2004&rft.date=1895&rft.issue=4&rft.spage=438&rft.volume=21&rft_id=http://www.biodiversitylibrary.org/bibliography/60&rft_val_fmt=info:ofi/fmt:kev:mtx:book&url_ver=z39.88-2004,NA,NA,NA,NA,NA,NA,NA,NA,NA,NA,NA,NA
Galactia_whitehornii,S.Moore,S.Moore,,spec.,/n/106745-2,Fabaceae,Galactia,whitehornii,tax. nov.,NA,NA,NA,Brazil (Southern America),FALSE,FALSE,TRUE,NA,,"Trans. Linn. Soc. London, Bot.",1895,NA,"ser. 2, 4: 344",1084-2,citation,"Trans. Linn. Soc. London, Bot. ser. 2, 4: 344. 1895 ",FALSE,TRUE,NA,1.3,106745-2,urn:lsid:ipni.org:names:106745-2,wfo-0000693695,FALSE,TRUE,TRUE,FALSE,FALSE,NA,NA,,NA,NA,NA,NA,NA,NA,NA,NA,NA,NA,NA,NA,NA,NA
Genistidium_uncinata,P.Taylor & Fromm,P.Taylor & Fromm,,spec.,/n/108137-2,Fabaceae,Genistidium,uncinata,tax. nov.,20980,R.M.Harley et al.,NA,Brazil (Southern America),FALSE,FALSE,FALSE,NA,,Bradea,1983,NA,"3(41): 365 (-367), fig",1276-2,citation,"Bradea 3(41): 365 (-367), fig. 1983 ",FALSE,TRUE,holotype CEPEC,1.3,108137-2,urn:lsid:ipni.org:names:108137-2,wfo-0001348794,FALSE,TRUE,TRUE,FALSE,FALSE,NA,NA,,NA,NA,NA,NA,NA,NA,NA,NA,NA,NA,NA,NA,NA,NA
Grazielodendron_riodocense,H.C.Lima,H.C.Lima,,spec.,/n/113383-2,Fabaceae,Grazielodendron,riodocense,tax. nov.,417,D.A.Folli,NA,"Espirito Santo (Brazil, Southern America)",FALSE,FALSE,TRUE,NA,,Bradea,1983,NA,"3(45): 401 (-403), fig",1276-2,citation,"Bradea 3(45): 401 (-403), fig. 1983 ",FALSE,TRUE,holotype RB,1.2.2.1.1.2,113383-2,urn:lsid:ipni.org:names:113383-2,wfo-0000178444,FALSE,TRUE,TRUE,FALSE,FALSE,NA,NA,,NA,NA,NA,NA,NA,NA,NA,NA,NA,NA,NA,NA,NA,NA
Hedysarum_brasiliense,Larrañaga,Larrañaga,,spec.,/n/118474-2,Leguminosae,Hedysarum,brasiliense,tax. nov.,NA,NA,NA,Brazil (Southern America),FALSE,FALSE,TRUE,NA,,Escritos Damaso Antonio Larranaga,1922,NA,1: 409,1322-2,citation,Escritos Damaso Antonio Larranaga 1: 409. 1922 as Hedisarum; Pub. Inst. Hist. Geog. Uruguay,FALSE,TRUE,NA,1.1.1.2,118474-2,urn:lsid:ipni.org:names:118474-2,wfo-0000716718,TRUE,TRUE,TRUE,FALSE,FALSE,as Hedisarum; Pub. Inst. Hist. Geog. Uruguay,NA,,NA,NA,NA,NA,NA,NA,NA,NA,NA,NA,NA,NA,NA,NA
Hedysarum_dyphyllum,Larrañaga,Larrañaga,,spec.,/n/118488-2,Leguminosae,Hedysarum,dyphyllum,tax. nov.,NA,NA,NA,Brazil (Southern America),FALSE,FALSE,TRUE,NA,,Escritos Damaso Antonio Larranaga,1922,NA,1: 412,1322-2,citation,Escritos Damaso Antonio Larranaga 1: 412. 1922 Pub. Inst. Hist. Geog. Uruguay,FALSE,TRUE,NA,1.1.1.2,118488-2,urn:lsid:ipni.org:names:118488-2,wfo-0001049626,TRUE,TRUE,TRUE,FALSE,FALSE,Pub. Inst. Hist. Geog. Uruguay,NA,,NA,NA,NA,NA,NA,NA,NA,NA,NA,NA,NA,NA,NA,NA
Hedysarum_ildefonsianum,Mure,Mure,,spec.,/n/60459101-2,Leguminosae,Hedysarum,ildefonsianum,tax. nov.,NA,NA,NA,Brazil (Southern America),FALSE,FALSE,TRUE,NA,,Doctrine Ecole Rio de Janeiro Pathog. Brésil.,1849,NA,"352, fig.",20013524-2,citation,"Doctrine Ecole Rio de Janeiro Pathog. Brésil. 352, fig. 1849 ",FALSE,TRUE,NA,1.2,60459101-2,urn:lsid:ipni.org:names:60459101-2,wfo-0001329389,FALSE,TRUE,TRUE,FALSE,FALSE,NA,NA,,NA,NA,NA,NA,NA,NA,NA,NA,NA,NA,NA,NA,NA,NA
Hedysarum_leiocarpum,Spreng.,Spreng.,,spec.,/n/118507-2,Leguminosae,Hedysarum,leiocarpum,tax. nov.,s.n.,K.P.Sprengel,NA,Brazil (Southern America),FALSE,FALSE,TRUE,NA,,"Syst. Veg., ed. 16 [Sprengel]",1826,Jan-Mar 1826,3: 316,14620-2,citation,"Syst. Veg., ed. 16 [Sprengel] 3: 316. 1826 [Jan-Mar 1826] ",FALSE,TRUE,null B,1.1.2.1.1.3,118507-2,urn:lsid:ipni.org:names:118507-2,wfo-0000173560,FALSE,TRUE,TRUE,FALSE,FALSE,NA,NA,,NA,http://www.biodiversitylibrary.org/openurl?ctx_ver=Z39.88-2004&rft.date=1826&rft.spage=316&rft.volume=3&rft_id=http://www.biodiversitylibrary.org/bibliography/822&rft_val_fmt=info:ofi/fmt:kev:mtx:book&url_ver=z39.88-2004,NA,NA,NA,NA,NA,NA,NA,NA,NA,NA,NA,NA
Indigofera_hygrobia,Malme,Malme,,spec.,/n/128294-2,Fabaceae,Indigofera,hygrobia,tax. nov.,NA,NA,NA,"Mato Grosso (Brazil, Southern America)",FALSE,FALSE,TRUE,NA,,Ark. Bot.,1931,NA,"23A, no. 13: 69",536-2,citation,"Ark. Bot. 23A, no. 13: 69. 1931 ",FALSE,TRUE,NA,1.3,128294-2,urn:lsid:ipni.org:names:128294-2,wfo-0000165156,FALSE,TRUE,TRUE,FALSE,FALSE,NA,NA,,NA,NA,NA,NA,NA,NA,NA,NA,NA,NA,NA,NA,NA,NA
Indigofera_morroensis,São Paulo & L.P.Queiroz,São Paulo & L.P.Queiroz,,spec.,/n/77322828-1,Fabaceae,Indigofera,morroensis,tax. nov.,16566,L.P.Queiroz,7 May 2019,"Bahia (Brazil Northeast, Brazil, Southern America)",FALSE,FALSE,FALSE,"Morro do Chapéu, Sitio Arqueologico (Lajes), entrando para Sul a c. 20 km W de Morro do Chapéu na BA-052 (estrada do Feijão)",,Syst. Bot.,2023,28 Mar 2023,48(1): 10,1295-2,citation,Syst. Bot. 48(1): 10. 2023 [28 Mar 2023] [epublished],FALSE,TRUE,holotype HUEFS;isotype K;isotype P;isotype RB,1.1,77322828-1,urn:lsid:ipni.org:names:77322828-1,NA,TRUE,FALSE,TRUE,FALSE,FALSE,[epublished],doi:10.1600/036364423X16758873924054 Etymology: 'The epithet morroensis refers to the municipality of Morro de Chapéu.',,NA,NA,NA,NA,NA,NA,NA,NA,NA,NA,NA,NA,NA,NA
Indigofera_retusa,N.E.Br.,N.E.Br.,,spec.,/n/128334-2,Fabaceae,Indigofera,retusa,tax. nov.,NA,NA,NA,"Brazil, Argentina",FALSE,FALSE,FALSE,NA,,Trans. & Proc. Bot. Soc. Edinburgh,1894,NA,20: 51,5426-2,citation,Trans. & Proc. Bot. Soc. Edinburgh 20: 51. 1894 ,FALSE,TRUE,NA,1.2,128334-2,urn:lsid:ipni.org:names:128334-2,NA,FALSE,FALSE,TRUE,FALSE,FALSE,NA,NA,,NA,http://www.biodiversitylibrary.org/openurl?ctx_ver=Z39.88-2004&rft.date=1894&rft.spage=51&rft.volume=20&rft_id=http://www.biodiversitylibrary.org/bibliography/5593&rft_val_fmt=info:ofi/fmt:kev:mtx:book&url_ver=z39.88-2004,NA,NA,NA,NA,NA,NA,NA,NA,NA,NA,NA,NA
Lathyrus_purpureocoeruleus,Knowles & Westc.,Knowles & Westc.,,spec.,/n/323125-2,Fabaceae,Lathyrus,purpureocoeruleus,tax. nov.,NA,NA,NA,Brazil (Southern America),FALSE,FALSE,TRUE,NA,,Fl. Cab.,1838,NA,2: 126 (177; t. 88),5578-2,citation,Fl. Cab. 2: 126 (177; t. 88). 1838 ,FALSE,TRUE,NA,1.1.1.4,323125-2,urn:lsid:ipni.org:names:323125-2,NA,FALSE,TRUE,TRUE,FALSE,FALSE,NA,NA,,NA,http://www.biodiversitylibrary.org/openurl?ctx_ver=Z39.88-2004&rft.date=1838&rft.spage=126&rft.volume=2&rft_id=http://www.biodiversitylibrary.org/bibliography/82239&rft_val_fmt=info:ofi/fmt:kev:mtx:book&url_ver=z39.88-2004,NA,NA,NA,NA,NA,NA,NA,NA,NA,NA,NA,NA
Lonchocarpus_cearensis,Glaz.,Glaz.,,spec.,/n/143246-2,Fabaceae,Lonchocarpus,cearensis,tax. nov.,NA,NA,NA,Brazil (Southern America),FALSE,FALSE,FALSE,NA,,Bull. Soc. Bot. France,1906,NA,53(Mém. 3b): 150,578-2,citation,Bull. Soc. Bot. France 53(Mém. 3b): 150. 1906 Name only,FALSE,TRUE,NA,1.3,143246-2,urn:lsid:ipni.org:names:143246-2,wfo-0001049994,TRUE,TRUE,TRUE,FALSE,FALSE,Name only,NA,,NA,NA,NA,NA,NA,NA,NA,NA,NA,NA,NA,NA,NA,NA
Lonchocarpus_ernestii,Harms,Harms,,spec.,/n/143270-2,Fabaceae,Lonchocarpus,ernestii,tax. nov.,NA,NA,NA,Brazil (Southern America),FALSE,FALSE,TRUE,NA,,Repert. Spec. Nov. Regni Veg.,1921,NA,17: 321,788-2,citation,Repert. Spec. Nov. Regni Veg. 17: 321. 1921 ,FALSE,TRUE,NA,1.5,143270-2,urn:lsid:ipni.org:names:143270-2,wfo-0000184813,FALSE,TRUE,TRUE,FALSE,FALSE,NA,NA,,181503,http://www.biodiversitylibrary.org/openurl?ctx_ver=Z39.88-2004&rft_id=http://www.biodiversitylibrary.org/page/181503&rft_val_fmt=info:ofi/fmt:kev:mtx:book&url_ver=z39.88-2004,NA,NA,NA,NA,NA,NA,NA,NA,NA,NA,NA,NA
Lonchocarpus_harmsianus,Glaz.,Glaz.,,spec.,/n/143287-2,Fabaceae,Lonchocarpus,harmsianus,tax. nov.,NA,NA,NA,Brazil (Southern America),FALSE,FALSE,FALSE,NA,,Bull. Soc. Bot. France,1906,NA,53(Mém. 3b): 149,578-2,citation,Bull. Soc. Bot. France 53(Mém. 3b): 149. 1906 Name only,FALSE,TRUE,NA,1.4,143287-2,urn:lsid:ipni.org:names:143287-2,wfo-0001049998,TRUE,TRUE,TRUE,FALSE,FALSE,Name only,NA,,NA,NA,NA,NA,NA,NA,NA,NA,NA,NA,NA,NA,NA,NA
Lonchocarpus_insignis,Glaz.,Glaz.,,spec.,/n/143292-2,Fabaceae,Lonchocarpus,insignis,tax. nov.,NA,NA,NA,Brazil (Southern America),FALSE,FALSE,FALSE,NA,,Bull. Soc. Bot. France,1906,NA,53(Mém. 3b): 150,578-2,citation,Bull. Soc. Bot. France 53(Mém. 3b): 150. 1906 Name only,FALSE,TRUE,NA,1.4,143292-2,urn:lsid:ipni.org:names:143292-2,wfo-0001049999,TRUE,TRUE,TRUE,FALSE,FALSE,Name only,NA,,NA,NA,NA,NA,NA,NA,NA,NA,NA,NA,NA,NA,NA,NA
Lonchocarpus_microphyllus,Glaz.,Glaz.,,spec.,/n/143319-2,Fabaceae,Lonchocarpus,microphyllus,tax. nov.,NA,NA,NA,Brazil (Southern America),FALSE,FALSE,FALSE,NA,,Bull. Soc. Bot. France,1906,NA,53(Mém. 3b): 150,578-2,citation,Bull. Soc. Bot. France 53(Mém. 3b): 150. 1906 Name only,FALSE,TRUE,NA,1.4,143319-2,urn:lsid:ipni.org:names:143319-2,wfo-0001051463,TRUE,TRUE,TRUE,FALSE,FALSE,Name only,NA,,NA,NA,NA,NA,NA,NA,NA,NA,NA,NA,NA,NA,NA,NA
Lonchocarpus_moco,Glaz.,Glaz.,,spec.,/n/143322-2,Fabaceae,Lonchocarpus,moco,tax. nov.,NA,NA,NA,Brazil (Southern America),FALSE,FALSE,FALSE,NA,,Bull. Soc. Bot. France,1906,NA,53(Mém. 3b): 150,578-2,citation,Bull. Soc. Bot. France 53(Mém. 3b): 150. 1906 Name only,FALSE,TRUE,NA,1.4,143322-2,urn:lsid:ipni.org:names:143322-2,wfo-0001051465,TRUE,TRUE,TRUE,FALSE,FALSE,Name only,NA,,NA,NA,NA,NA,NA,NA,NA,NA,NA,NA,NA,NA,NA,NA
Lonchocarpus_sarmentosus,Glaz.,Glaz.,,spec.,/n/143376-2,Fabaceae,Lonchocarpus,sarmentosus,tax. nov.,NA,NA,NA,Brazil (Southern America),FALSE,FALSE,FALSE,NA,,Bull. Soc. Bot. France,1906,NA,53(Mém. 3b): 150,578-2,citation,Bull. Soc. Bot. France 53(Mém. 3b): 150. 1906 Name only,FALSE,TRUE,NA,1.4,143376-2,urn:lsid:ipni.org:names:143376-2,wfo-0001051474,TRUE,TRUE,TRUE,FALSE,FALSE,Name only,NA,,NA,NA,NA,NA,NA,NA,NA,NA,NA,NA,NA,NA,NA,NA
Lonchocarpus_ulei,Harms,Harms,,spec.,/n/143397-2,Fabaceae,Lonchocarpus,ulei,tax. nov.,NA,NA,NA,Brazil (Southern America),FALSE,FALSE,FALSE,NA,,Bot. Jahrb. Syst.,1907,2 Aug 1907,40(2): 142,553-2,citation,Bot. Jahrb. Syst. 40(2): 142. 1907 [2 Aug 1907] Name only,FALSE,TRUE,NA,1.4,143397-2,urn:lsid:ipni.org:names:143397-2,NA,TRUE,FALSE,TRUE,FALSE,FALSE,Name only,NA,,NA,http://www.biodiversitylibrary.org/openurl?ctx_ver=Z39.88-2004&rft.date=1907&rft.issue=2&rft.spage=142&rft.volume=40&rft_id=http://www.biodiversitylibrary.org/bibliography/60&rft_val_fmt=info:ofi/fmt:kev:mtx:book&url_ver=z39.88-2004,NA,NA,NA,NA,NA,NA,NA,NA,NA,NA,NA,NA
Lonchocarpus_utilis,A.C.Sm.,A.C.Sm.,,spec.,/n/143399-2,Fabaceae,Lonchocarpus,utilis,tax. nov.,NA,NA,NA,"Ecuador, Peru &amp; Brazil",FALSE,FALSE,TRUE,NA,,Amer. J. Bot.,1937,NA,24: 580,835-2,citation,Amer. J. Bot. 24: 580. 1937 ,FALSE,TRUE,NA,1.3,143399-2,urn:lsid:ipni.org:names:143399-2,wfo-0000173338,FALSE,TRUE,TRUE,FALSE,FALSE,NA,NA,,NA,NA,NA,NA,NA,NA,NA,NA,NA,NA,NA,NA,NA,NA
Lonchocarpus_variabilis,R.R.Silva & A.M.G.Azevedo,R.R.Silva & A.M.G.Azevedo,,spec.,/n/77094227-1,Fabaceae,Lonchocarpus,variabilis,tax. nov.,1190,Silva &amp; Velásquez,21 Oct 2004,"Mato Grosso do Sul (Brazil West-Central, Brazil, Southern America)",FALSE,FALSE,TRUE,"Mun. Corumbá, Serra do Jacadigo, acesso pela fazenda Dois Corações",,Brittonia,2008,30 Apr 2008,60(1): 34 (-37; fig. 1),561-2,citation,Brittonia 60(1): 34 (-37; fig. 1). 2008 [30 Apr 2008] ,FALSE,TRUE,holotype UEC;isotype MBM;isotype NY,1.1,77094227-1,urn:lsid:ipni.org:names:77094227-1,wfo-0000509758,FALSE,TRUE,TRUE,FALSE,FALSE,NA,NA,,NA,NA,NA,NA,NA,NA,NA,NA,NA,NA,NA,NA,NA,NA
Lupinus_aliattenuatus,C.P.Sm.,C.P.Sm.,,spec.,/n/144719-2,Fabaceae,Lupinus,aliattenuatus,tax. nov.,NA,NA,NA,"Southern Brazil, Brazil (Southern America)",FALSE,FALSE,TRUE,NA,,Spec. Lupinorum,1945,NA,485,1070-2,citation,Spec. Lupinorum 485. 1945 ,FALSE,TRUE,NA,1.3,144719-2,urn:lsid:ipni.org:names:144719-2,wfo-0000168035,FALSE,TRUE,TRUE,FALSE,FALSE,NA,NA,,NA,NA,NA,NA,NA,NA,NA,NA,NA,NA,NA,NA,NA,NA
Lupinus_bandelierae,C.P.Sm.,C.P.Sm.,,spec.,/n/144855-2,Fabaceae,Lupinus,bandelierae,tax. nov.,NA,NA,NA,Bolivia &amp; Brazil,FALSE,FALSE,TRUE,NA,,Spec. Lupinorum,1940,NA,214,1070-2,citation,Spec. Lupinorum 214. 1940 ,FALSE,TRUE,NA,1.3,144855-2,urn:lsid:ipni.org:names:144855-2,wfo-0000168071,FALSE,TRUE,TRUE,FALSE,FALSE,NA,NA,,NA,NA,NA,NA,NA,NA,NA,NA,NA,NA,NA,NA,NA,NA
Lupinus_chachas,Ochoa ex C.P.Sm.,Ochoa ex C.P.Sm.,,spec.,/n/144975-2,Fabaceae,Lupinus,chachas,tax. nov.,NA,NA,NA,"Amazonas (Brazil, Southern America)",FALSE,FALSE,TRUE,NA,,Spec. Lupinorum,1953,NA,758,1070-2,citation,Spec. Lupinorum 758. 1953 ,FALSE,TRUE,NA,1.4,144975-2,urn:lsid:ipni.org:names:144975-2,wfo-0000184665,FALSE,TRUE,TRUE,FALSE,FALSE,NA,NA,,NA,NA,NA,NA,NA,NA,NA,NA,NA,NA,NA,NA,NA,NA
Lupinus_glaziouanus,C.P.Sm.,C.P.Sm.,,spec.,/n/145225-2,Fabaceae,Lupinus,glaziouanus,tax. nov.,NA,NA,NA,"Goiás (Brazil, Southern America)",FALSE,FALSE,TRUE,NA,,Spec. Lupinorum,1945,NA,488 (-489),1070-2,citation,Spec. Lupinorum 488 (-489). 1945 ,FALSE,TRUE,NA,1.2.5.1.1.1,145225-2,urn:lsid:ipni.org:names:145225-2,wfo-0000177151,FALSE,TRUE,TRUE,FALSE,FALSE,NA,NA,,NA,NA,NA,NA,NA,NA,NA,NA,NA,NA,NA,NA,NA,NA
Lupinus_hamaticalyx,C.P.Sm.,C.P.Sm.,,spec.,/n/145242-2,Fabaceae,Lupinus,hamaticalyx,tax. nov.,NA,NA,NA,"Amazonas (Brazil, Southern America)",FALSE,FALSE,TRUE,NA,,Spec. Lupinorum,1940,NA,166,1070-2,citation,Spec. Lupinorum 166. 1940 ,FALSE,TRUE,NA,1.3,145242-2,urn:lsid:ipni.org:names:145242-2,wfo-0000168186,FALSE,TRUE,TRUE,FALSE,FALSE,NA,NA,,NA,NA,NA,NA,NA,NA,NA,NA,NA,NA,NA,NA,NA,NA
Lupinus_lutzelburgianus,C.P.Sm.,C.P.Sm.,,spec.,/n/145470-2,Fabaceae,Lupinus,lutzelburgianus,tax. nov.,NA,NA,NA,"Bahia (Brazil, Southern America)",FALSE,FALSE,TRUE,NA,,Spec. Lupinorum,1945,NA,490,1070-2,citation,Spec. Lupinorum 490. 1945 ,FALSE,TRUE,NA,1.3,145470-2,urn:lsid:ipni.org:names:145470-2,wfo-0000168228,FALSE,TRUE,TRUE,FALSE,FALSE,NA,NA,,NA,NA,NA,NA,NA,NA,NA,NA,NA,NA,NA,NA,NA,NA
Lupinus_mathewsianus,C.P.Sm.,C.P.Sm.,,spec.,/n/145515-2,Fabaceae,Lupinus,mathewsianus,tax. nov.,NA,NA,NA,"Amazonas (Brazil, Southern America)",FALSE,FALSE,TRUE,NA,,Spec. Lupinorum,1940,NA,162,1070-2,citation,Spec. Lupinorum 162. 1940 ,FALSE,TRUE,NA,1.3,145515-2,urn:lsid:ipni.org:names:145515-2,wfo-0000169138,FALSE,TRUE,TRUE,FALSE,FALSE,NA,NA,,NA,NA,NA,NA,NA,NA,NA,NA,NA,NA,NA,NA,NA,NA
Lupinus_provensalanus,C.P.Sm.,C.P.Sm.,,spec.,/n/145776-2,Fabaceae,Lupinus,provensalanus,tax. nov.,NA,NA,NA,"Minas Gerais (Brazil, Southern America)",FALSE,FALSE,TRUE,NA,,Spec. Lupinorum,1945,NA,492,1070-2,citation,Spec. Lupinorum 492. 1945 ,FALSE,TRUE,NA,1.2,145776-2,urn:lsid:ipni.org:names:145776-2,wfo-0000169191,FALSE,TRUE,TRUE,FALSE,FALSE,NA,NA,,NA,NA,NA,NA,NA,NA,NA,NA,NA,NA,NA,NA,NA,NA
Lupinus_schwackeanus,C.P.Sm.,C.P.Sm.,,spec.,/n/145871-2,Fabaceae,Lupinus,schwackeanus,tax. nov.,NA,NA,NA,Brazil (Southern America),FALSE,FALSE,TRUE,NA,,Spec. Lupinorum,1945,NA,492,1070-2,citation,Spec. Lupinorum 492. 1945 ,FALSE,TRUE,NA,1.3,145871-2,urn:lsid:ipni.org:names:145871-2,wfo-0000169217,FALSE,TRUE,TRUE,FALSE,FALSE,NA,NA,,NA,NA,NA,NA,NA,NA,NA,NA,NA,NA,NA,NA,NA,NA
Machaerium_oxyphyllum,Gand.,Gand.,,spec.,/n/148585-2,Fabaceae,Machaerium,oxyphyllum,tax. nov.,NA,NA,NA,Brazil (Southern America),FALSE,FALSE,TRUE,NA,,Bull. Soc. Bot. France,1913,NA,60: 460,578-2,citation,Bull. Soc. Bot. France 60: 460. 1913 ,FALSE,TRUE,NA,1.4,148585-2,urn:lsid:ipni.org:names:148585-2,wfo-0000169334,FALSE,TRUE,TRUE,FALSE,FALSE,NA,NA,,342959,http://www.biodiversitylibrary.org/openurl?ctx_ver=Z39.88-2004&rft_id=http://www.biodiversitylibrary.org/page/342959&rft_val_fmt=info:ofi/fmt:kev:mtx:book&url_ver=z39.88-2004,NA,NA,NA,NA,NA,NA,NA,NA,NA,NA,NA,NA
Machaerium_robsonianum,Filardi & H.C.Lima,Filardi & H.C.Lima,,spec.,/n/77142524-1,Fabaceae,Machaerium,robsonianum,tax. nov.,706,"F.L.R.Filardi, H.C.Lima, R.D.Ribeiro &amp; V.Maioli",13 Feb 2007,"Rio de Janeiro (Brazil Southeast, Brazil, Southern America);Espírito Santo (Brazil Southeast, Brazil, Southern America);Minas Gerais (Brazil Southeast, Brazil, Southern America);",FALSE,FALSE,TRUE,"Rio de Janeiro. Município de Macaé, Praia de Imbetiba, Ilha Santana (Força Aérea Brasileira), distante aproximadamente 8 km da orla, na subida para o Farol",,Syst. Bot.,2014,5 Feb 2014,39(1): 151,1295-2,citation,Syst. Bot. 39(1): 151. 2014 [5 Feb 2014] [epublished] as robsonnianum,FALSE,TRUE,holotype RB;isotype BHCB;isotype MBML;isotype K;isotype NY,1.1,77142524-1,urn:lsid:ipni.org:names:77142524-1,wfo-0001340589,TRUE,TRUE,TRUE,FALSE,FALSE,[epublished] as robsonnianum,doi:10.1600/036364414X678026,,NA,NA,NA,NA,NA,NA,NA,NA,NA,NA,NA,NA,NA,NA
Machaerium_sarmentosum,Glaz.,Glaz.,,spec.,/n/148609-2,Fabaceae,Machaerium,sarmentosum,tax. nov.,NA,NA,NA,Brazil (Southern America),FALSE,FALSE,FALSE,NA,,Bull. Soc. Bot. France,1906,NA,53(Mém. 3b): 147,578-2,citation,Bull. Soc. Bot. France 53(Mém. 3b): 147. 1906 Name only,FALSE,TRUE,NA,1.4,148609-2,urn:lsid:ipni.org:names:148609-2,wfo-0001052742,TRUE,TRUE,TRUE,FALSE,FALSE,Name only,NA,,NA,NA,NA,NA,NA,NA,NA,NA,NA,NA,NA,NA,NA,NA
Machaerium_stygium,Lindm.,Lindm.,,spec.,/n/148622-2,Fabaceae,Machaerium,stygium,tax. nov.,NA,NA,NA,Brazil (Southern America),FALSE,FALSE,TRUE,NA,,Bih. Kongl. Svenska Vetensk.-Akad. Handl.,1898,NA,"24, Afd. 3, No. 7: 20",546-2,citation,"Bih. Kongl. Svenska Vetensk.-Akad. Handl. 24, Afd. 3, No. 7: 20. 1898 ",FALSE,TRUE,NA,1.3,148622-2,urn:lsid:ipni.org:names:148622-2,wfo-0000169347,FALSE,TRUE,TRUE,FALSE,FALSE,NA,NA,,NA,NA,NA,NA,NA,NA,NA,NA,NA,NA,NA,NA,NA,NA
Machaerium_tomentosum,Glaz.,Glaz.,,spec.,/n/148628-2,Fabaceae,Machaerium,tomentosum,tax. nov.,NA,NA,NA,Brazil (Southern America),FALSE,FALSE,FALSE,NA,,Bull. Soc. Bot. France,1906,NA,53(Mém. 3b): 147,578-2,citation,Bull. Soc. Bot. France 53(Mém. 3b): 147. 1906 Name only,FALSE,TRUE,NA,1.4,148628-2,urn:lsid:ipni.org:names:148628-2,wfo-0001052744,TRUE,TRUE,TRUE,FALSE,FALSE,Name only,NA,,NA,NA,NA,NA,NA,NA,NA,NA,NA,NA,NA,NA,NA,NA
Machaerium_tounateifolium,Taub. ex Schenck,Taub. ex Schenck,,spec.,/n/148630-2,Fabaceae,Machaerium,tounateifolium,tax. nov.,NA,NA,NA,"Rio de Janeiro (Brazil, Southern America)",FALSE,FALSE,FALSE,NA,,Bot. Mitt. Tropen,1892,NA,"213, 214",9021-2,citation,"Bot. Mitt. Tropen 213, 214. 1892 Nomen",FALSE,TRUE,NA,1.3,148630-2,urn:lsid:ipni.org:names:148630-2,wfo-0001052745,TRUE,TRUE,TRUE,FALSE,FALSE,Nomen,NA,,NA,NA,NA,NA,NA,NA,NA,NA,NA,NA,NA,NA,NA,NA
Macroptilium_albidum,"C.L.Ribeiro, Snak & L.P.Queiroz","C.L.Ribeiro, Snak & L.P.Queiroz",,spec.,/n/77314556-1,Leguminosae,Macroptilium,albidum,tax. nov.,112,C.L. Ribeiro,30 Mar 2018,"Bahia (Brazil Northeast, Brazil, Southern America);Paraíba (Brazil Northeast, Brazil, Southern America);Pernambuco (Brazil Northeast, Brazil, Southern America);Sergipe (Brazil Northeast, Brazil, Southern America);",FALSE,FALSE,FALSE,"Bahia, Tapiramuta, Quintal de Sr. Arnaldo na Rua Pericles Alves de Lima s.n.",,Syst. Bot.,2022,12 Dec 2022,47(4): 1025,1295-2,citation,Syst. Bot. 47(4): 1025. 2022 [12 Dec 2022] [epublished],FALSE,TRUE,holotype HUEFS 240991;isotype K;isotype MEXU;isotype NY;isotype RB,1.1,77314556-1,urn:lsid:ipni.org:names:77314556-1,NA,TRUE,FALSE,TRUE,FALSE,FALSE,[epublished],"doi:10.1600/036364422X16674053033840 Etymology: name refers to the whitish wing petals, a distinctive and unique feature within the genus Macroptilium.",,NA,NA,NA,NA,NA,NA,NA,NA,NA,NA,NA,NA,NA,NA
Meibomia_riedelii,Schindl.,Schindl.,,spec.,/n/156081-2,Fabaceae,Meibomia,riedelii,tax. nov.,526,L.Riedel,NA,"Mato Grosso do Sul (Brazil, Southern America)",FALSE,FALSE,TRUE,NA,,Repert. Spec. Nov. Regni Veg.,1926,NA,22: 281,788-2,citation,Repert. Spec. Nov. Regni Veg. 22: 281. 1926 ,FALSE,TRUE,null LE,1.3,156081-2,urn:lsid:ipni.org:names:156081-2,wfo-0001053094,FALSE,TRUE,TRUE,FALSE,FALSE,NA,NA,,NA,http://www.biodiversitylibrary.org/openurl?ctx_ver=Z39.88-2004&rft.date=1926&rft.spage=281&rft.volume=22&rft_id=http://www.biodiversitylibrary.org/bibliography/276&rft_val_fmt=info:ofi/fmt:kev:mtx:book&url_ver=z39.88-2004,NA,NA,NA,NA,NA,NA,NA,NA,NA,NA,NA,NA
Mimosa_nomarlei,Afr.Fern.,Afr.Fern.,,spec.,/n/895919-1,Leguminosae,Mimosa,nomarlei,tax. nov.,NA,NA,NA,Brazil.,FALSE,FALSE,FALSE,NA,,"An. Soc. Bot. Brasil (XIX Congr. Nac. Bot., 1968)",1968,1968,93 (1968?),NA,citation,"An. Soc. Bot. Brasil (XIX Congr. Nac. Bot., 1968) 93 (1968?). ",FALSE,TRUE,NA,1.1.2.1.1.2,895919-1,urn:lsid:ipni.org:names:895919-1,NA,FALSE,FALSE,TRUE,TRUE,FALSE,NA,NA,,NA,NA,NA,Brazil.,NA,NA,NA,NA,NA,NA,NA,NA,NA,NA
Mimosa_pseudoracemosa,"T.P.Mendes, Marc.F.Simon & M.J.Silva","T.P.Mendes, Marc.F.Simon & M.J.Silva",,spec.,/n/77219849-1,Leguminosae,Mimosa,pseudoracemosa,tax. nov.,3061,M.F.Simon et al.,26 May 2017,"Goiás (Brazil West-Central, Brazil, Southern America)",FALSE,FALSE,TRUE,"Alto Paraíso de Goiás, Parque Nacional Chapada dos Veadeiros, porteira a 25 km do entroncamento de Alto Paraíso em direção a São Jorge, 4 km N em estrada de chão, 1190 m",,Phytotaxa,2021,31 May 2021,505(2): 131,20011462-1,citation,Phytotaxa 505(2): 131. 2021 [31 May 2021] [epublished],FALSE,TRUE,holotype CEN;isotype BOTU;isotype UFG,1.1,77219849-1,urn:lsid:ipni.org:names:77219849-1,wfo-1000002981,TRUE,TRUE,TRUE,FALSE,FALSE,[epublished],"doi:10.11646/phytotaxa.505.2.1 The specific epithet pseudoracemosa alludes to the aspect of the new species’ synflorescence, where the glomerules are paired in a pseudoracemose structure.",,NA,NA,NA,NA,NA,NA,NA,NA,NA,NA,NA,NA,NA,NA
Miscolobium_violaceum,Vogel,Vogel,,spec.,/n/162755-2,Fabaceae,Miscolobium,violaceum,tax. nov.,NA,NA,NA,Brazil (Southern America),FALSE,FALSE,TRUE,NA,,Linnaea,1837,NA,11: 201,703-2,citation,Linnaea 11: 201. 1837 ,FALSE,TRUE,NA,1.4,162755-2,urn:lsid:ipni.org:names:162755-2,wfo-0000193598,FALSE,TRUE,TRUE,FALSE,FALSE,NA,"[Gandhi; A. M. de Carvalho, Brittonia 49: 91. 1997]",,101014,http://www.biodiversitylibrary.org/openurl?ctx_ver=Z39.88-2004&rft_id=http://www.biodiversitylibrary.org/page/101014&rft_val_fmt=info:ofi/fmt:kev:mtx:book&url_ver=z39.88-2004,NA,NA,NA,NA,NA,NA,NA,NA,NA,NA,NA,NA
Mucuna_eriocarpa,Barb.Rodr.,Barb.Rodr.,,spec.,/n/164646-2,Fabaceae,Mucuna,eriocarpa,tax. nov.,NA,NA,NA,Brazil (Southern America),FALSE,FALSE,TRUE,NA,,Pl. Jard. Rio de Janeiro,1898,NA,"6: 11, pl. 4, fig. b",3655-2,citation,"Pl. Jard. Rio de Janeiro 6: 11, pl. 4, fig. b. 1898 ",FALSE,TRUE,NA,1.3,164646-2,urn:lsid:ipni.org:names:164646-2,wfo-0000377768,FALSE,TRUE,TRUE,FALSE,FALSE,NA,NA,,NA,NA,NA,NA,NA,NA,NA,NA,NA,NA,NA,NA,NA,NA
Nephromeria_poeppigiana,Schindl.,Schindl.,,spec.,/n/169581-2,Fabaceae,Nephromeria,poeppigiana,tax. nov.,NA,NA,NA,Brazil (Southern America),FALSE,FALSE,TRUE,NA,,Repert. Spec. Nov. Regni Veg.,1924,NA,20: 283,788-2,citation,Repert. Spec. Nov. Regni Veg. 20: 283. 1924 ,FALSE,TRUE,NA,1.3,169581-2,urn:lsid:ipni.org:names:169581-2,wfo-0000178135,FALSE,TRUE,TRUE,FALSE,FALSE,NA,NA,,NA,http://www.biodiversitylibrary.org/openurl?ctx_ver=Z39.88-2004&rft.date=1924&rft.spage=283&rft.volume=20&rft_id=http://www.biodiversitylibrary.org/bibliography/276&rft_val_fmt=info:ofi/fmt:kev:mtx:book&url_ver=z39.88-2004,NA,NA,NA,NA,NA,NA,NA,NA,NA,NA,NA,NA
Peltogyne_barbata,Kochan. & Mansano,Kochan. & Mansano,,spec.,/n/77202827-1,Leguminosae,Peltogyne,barbata,tax. nov.,7280,G.M.Martinelli,7 Jul 1980,"Pará (Brazil North, Brazil, Southern America)",FALSE,FALSE,FALSE,"Oriximiná, Porto Trombetas, Macaxeira Lake",,Kew Bull.,2020,29 Apr 2020,75(1)-6: 1,987-2,citation,Kew Bull. 75(1)-6: 1. 2020 [29 Apr 2020] [epublished],FALSE,TRUE,holotype RB;isotype INPA;isotype K;isotype HUEFS;isotype MBM;isotype MG;isotype MO;isotype NY;isotype SPF;isotype UEC,1.2,77202827-1,urn:lsid:ipni.org:names:77202827-1,wfo-1000023999,TRUE,TRUE,TRUE,FALSE,FALSE,[epublished],doi:10.1007/S12225-020-9861-Y,,NA,NA,NA,NA,NA,NA,NA,NA,NA,NA,NA,NA,NA,NA
Phaseolus_clitoroides,Benth.,Benth.,,spec.,/n/192393-2,Fabaceae,Phaseolus,clitoroides,tax. nov.,NA,NA,NA,Brazil (Southern America),FALSE,FALSE,FALSE,NA,,Commentat. Legum. Gen.,1837,NA,73 (-74),4735-2,citation,Commentat. Legum. Gen. 73 (-74). 1837 Ann. Wiener Mus. 2: 137 (-138).  1839 1840,FALSE,TRUE,NA,1.2,192393-2,urn:lsid:ipni.org:names:192393-2,NA,TRUE,FALSE,TRUE,FALSE,FALSE,Ann. Wiener Mus. 2: 137 (-138).  1839 1840,NA,,NA,NA,NA,NA,NA,NA,NA,NA,NA,NA,NA,NA,NA,NA
Phaseolus_dolicopsoides,Hoehne,Hoehne,,spec.,/n/308685-2,Fabaceae,Phaseolus,dolicopsoides,tax. nov.,s.n.,A.Gehrt,NA,"Sao Paulo (Brazil, Southern America)",FALSE,FALSE,TRUE,NA,,Arch. Bot. Sao Paulo,1938,NA,1: 26    fig,532-2,citation,Arch. Bot. Sao Paulo 1: 26    fig. 1938 ,FALSE,TRUE,holotype SP;isotype NY,1.3,308685-2,urn:lsid:ipni.org:names:308685-2,wfo-0001052233,FALSE,TRUE,TRUE,FALSE,FALSE,NA,NA,,NA,NA,NA,NA,NA,NA,NA,NA,NA,NA,NA,NA,NA,NA
Phaseolus_obvallatus,Schltdl.,Schltdl.,,spec.,/n/192498-2,Fabaceae,Phaseolus,obvallatus,tax. nov.,NA,NA,NA,Brazil (Southern America),FALSE,FALSE,TRUE,NA,,Linnaea,1838,NA,12: 228,703-2,citation,Linnaea 12: 228. 1838 ,FALSE,TRUE,NA,1.1.2.1.1.1,192498-2,urn:lsid:ipni.org:names:192498-2,wfo-0000170663,FALSE,TRUE,TRUE,FALSE,FALSE,NA,NA,,102093,http://www.biodiversitylibrary.org/openurl?ctx_ver=Z39.88-2004&rft_id=http://www.biodiversitylibrary.org/page/102093&rft_val_fmt=info:ofi/fmt:kev:mtx:book&url_ver=z39.88-2004,NA,NA,NA,NA,NA,NA,NA,NA,NA,NA,NA,NA
Rhynchosia_hagenbeckii,Harms,Harms,,spec.,/n/220050-2,Fabaceae,Rhynchosia,hagenbeckii,tax. nov.,NA,NA,NA,Brazil (Southern America),FALSE,FALSE,TRUE,NA,,Bot. Jahrb. Syst.,1903,13 Mar 1903,"33(2, Beibl. 72): 29",553-2,citation,"Bot. Jahrb. Syst. 33(2, Beibl. 72): 29. 1903 [13 Mar 1903] ",FALSE,TRUE,NA,1.4,220050-2,urn:lsid:ipni.org:names:220050-2,wfo-0000186466,FALSE,TRUE,TRUE,FALSE,FALSE,NA,NA,,NA,NA,NA,NA,NA,NA,NA,NA,NA,NA,NA,NA,NA,NA
Rhynchosia_ituana,Hoehne,Hoehne,,spec.,/n/220055-2,Fabaceae,Rhynchosia,ituana,tax. nov.,NA,NA,NA,"Sao Paulo (Brazil, Southern America)",FALSE,FALSE,TRUE,NA,,Bol. Inst. Brasil. Sci.,1926,NA,"2: 253, pl. 6",3890-2,citation,"Bol. Inst. Brasil. Sci. 2: 253, pl. 6. 1926 ",FALSE,TRUE,NA,1.3,220055-2,urn:lsid:ipni.org:names:220055-2,wfo-0000166391,FALSE,TRUE,TRUE,FALSE,FALSE,NA,NA,,NA,NA,NA,NA,NA,NA,NA,NA,NA,NA,NA,NA,NA,NA
Rhynchosia_kuntzei,Harms ex Kuntze,Harms ex Kuntze,,spec.,/n/220058-2,Fabaceae,Rhynchosia,kuntzei,tax. nov.,NA,NA,NA,"Mato Grosso (Brazil, Southern America)",FALSE,FALSE,FALSE,NA,,Revis. Gen. Pl.,1898,28 Sep 1898,3[3]: 61,1063-2,citation,Revis. Gen. Pl. 3[3]: 61. 1898 [28 Sep 1898] ,FALSE,TRUE,NA,1.7,220058-2,urn:lsid:ipni.org:names:220058-2,NA,FALSE,FALSE,TRUE,FALSE,FALSE,NA,NA,,3280,http://www.biodiversitylibrary.org/openurl?ctx_ver=Z39.88-2004&rft_id=http://www.biodiversitylibrary.org/page/3280&rft_val_fmt=info:ofi/fmt:kev:mtx:book&url_ver=z39.88-2004,NA,NA,NA,NA,NA,NA,NA,NA,NA,NA,NA,NA
Rhynchosia_schenckii,Taub.,Taub.,,spec.,/n/220110-2,Fabaceae,Rhynchosia,schenckii,tax. nov.,NA,NA,NA,Brazil (Southern America),FALSE,FALSE,FALSE,NA,,Flora,1889,NA,72 (n. s. 47): 429,648-2,citation,Flora 72 (n. s. 47): 429. 1889 ,FALSE,TRUE,NA,1.3,220110-2,urn:lsid:ipni.org:names:220110-2,wfo-0000405781,FALSE,TRUE,TRUE,FALSE,FALSE,NA,NA,,NA,NA,NA,NA,NA,NA,NA,NA,NA,NA,NA,NA,NA,NA
Sclerolobium_rubiginosum,Mart. ex Tul.,Mart. ex Tul.,,spec.,/n/518144-1,Leguminosae,Sclerolobium,rubiginosum,tax. nov.,NA,NA,NA,Brazil (Southern America),FALSE,FALSE,TRUE,NA,,Arch. Mus. Hist. Nat.,1844,NA,4: 123,849-2,citation,Arch. Mus. Hist. Nat. 4: 123. 1844 ,FALSE,TRUE,NA,1.3,518144-1,urn:lsid:ipni.org:names:518144-1,NA,FALSE,TRUE,TRUE,FALSE,FALSE,NA,NA,,NA,http://www.biodiversitylibrary.org/openurl?ctx_ver=Z39.88-2004&rft.date=1844&rft.spage=123&rft.volume=4&rft_id=http://www.biodiversitylibrary.org/bibliography/35667&rft_val_fmt=info:ofi/fmt:kev:mtx:book&url_ver=z39.88-2004,NA,NA,NA,NA,NA,NA,NA,NA,NA,NA,NA,NA
Senna_barnebyana,Afr.Fern.,Afr.Fern.,,spec.,/n/2984070-1,Leguminosae,Senna,barnebyana,tax. nov.,NA,NA,NA,Brazil Northeast (Ceará;Piauí).;,FALSE,FALSE,FALSE,NA,,see Lass. in Brittonia,1994,1994,33(4): 513 (1981),NA,citation,see Lass. in Brittonia 33(4): 513 (1981). 1994 ,FALSE,TRUE,NA,1.1.2.1.1.2,2984070-1,urn:lsid:ipni.org:names:2984070-1,NA,FALSE,FALSE,TRUE,TRUE,FALSE,NA,NA,,NA,NA,NA,"Brazil Northeast (Ceará, Piauí).",NA,NA,NA,NA,NA,NA,NA,NA,NA,NA
Senna_dryadica,A.G.Lima & Mansano,A.G.Lima & Mansano,,spec.,/n/77326626-1,Leguminosae,Senna,dryadica,tax. nov.,1945,"L.C.Giordano, S.V.A.Pessoa, S.M.Vaz &amp; C.A.G.Soares",28 Apr 1995,"Rio de Janeiro (Brazil Southeast, Brazil, Southern America)",FALSE,FALSE,FALSE,"Santa Maria Madalena, Parque Estadual do Desengano, caminho do ribeirão vermelho, 800–900 m",,Nordic J. Bot.,2023,17 Aug 2023,2023(9)-e03947: 2,2633-2,citation,Nordic J. Bot. 2023(9)-e03947: 2. [17 Aug 2023] [epublished],FALSE,TRUE,holotype RB 00157755,1.4,77326626-1,urn:lsid:ipni.org:names:77326626-1,NA,TRUE,FALSE,TRUE,FALSE,FALSE,[epublished],"doi:10.1111/njb.03947 Etymology: name celebrates the Atlantic forest and the legacy of Carl Friedrich Philipp von Martius (1794–1868), who named the Brazilian Atlantic forest after the Dryads, Greek mythology's nymphs of trees.",,NA,NA,NA,NA,NA,NA,NA,NA,NA,NA,NA,NA,NA,NA
Senna_franciscana,A.G.Lima & Mansano,A.G.Lima & Mansano,,spec.,/n/77326627-1,Leguminosae,Senna,franciscana,tax. nov.,14668,"L.P.Queiroz, R.M.Salas, P.G.Ribeiro &amp; D.Cardoso",19 May 2010,"Bahia (Brazil Northeast, Brazil, Southern America)",FALSE,FALSE,FALSE,"Ibiraba, c. 37 km N de Barra,  430 m",,Nordic J. Bot.,2023,17 Aug 2023,2023(9)-e03947: 5,2633-2,citation,Nordic J. Bot. 2023(9)-e03947: 5. [17 Aug 2023] [epublished],FALSE,TRUE,holotype HUEFS 000196510;isotype ASE 0010729;isotype UEC 084796,1.5,77326627-1,urn:lsid:ipni.org:names:77326627-1,NA,TRUE,FALSE,TRUE,FALSE,FALSE,[epublished],"doi:10.1111/njb.03947 Etymology: name refers to the new species' habitat and also celebrates the São Francisco river, one of the longest Brazilian rivers and emblematic due to its economic, ecological, social and cultural importance.",,NA,NA,NA,NA,NA,NA,NA,NA,NA,NA,NA,NA,NA,NA
Sesbania_paulensis,Barb.Rodr.,Barb.Rodr.,,spec.,/n/235094-2,Fabaceae,Sesbania,paulensis,tax. nov.,NA,NA,NA,"Sao Paulo (Brazil, Southern America)",FALSE,FALSE,FALSE,NA,,Pl. Jard. Rio de Janeiro,1893,NA,"2: 13, tab. 2",3655-2,citation,"Pl. Jard. Rio de Janeiro 2: 13, tab. 2. 1893 ",FALSE,TRUE,NA,1.2,235094-2,urn:lsid:ipni.org:names:235094-2,wfo-0000498303,FALSE,TRUE,TRUE,FALSE,FALSE,NA,NA,,NA,NA,NA,NA,NA,NA,NA,NA,NA,NA,NA,NA,NA,NA
Stylosanthes_acicularis,Gissi & Fort.-Perez,Gissi & Fort.-Perez,,spec.,/n/77325495-1,Fabaceae,Stylosanthes,acicularis,tax. nov.,s.n.,R.V.C.Saraiva,6 Apr 2017,"Maranhão (Brazil Northeast, Brazil, Southern America)",FALSE,FALSE,FALSE,"Carolina, Parque Nacional Chapada das Mesas, 337 m",,Brittonia,2023,6 Mar 2023,75(2): 192,561-2,citation,Brittonia 75(2): 192. 2023 [6 Mar 2023] [epublished],FALSE,TRUE,holotype SLUI herb. no. 4987,1.2,77325495-1,urn:lsid:ipni.org:names:77325495-1,NA,TRUE,FALSE,TRUE,FALSE,FALSE,[epublished],doi:10.1007/s12228-022-09724-w Etymology: 'The specific epithet refers to the linear leaflets'.,,NA,NA,NA,NA,NA,NA,NA,NA,NA,NA,NA,NA,NA,NA
