name,authors,publishingAuthor,authorTeam,rank,url,family,genus,species,citationType,collectionNumber,collectorTeam,distribution,hybrid,hybridGenus,inPowo,pageAsText,linkedPublication,publication,publicationYear,publicationYearNote,referenceCollation,publicationId,recordType,reference,suppressed,topCopy,typeLocations,version,id,fqId,wfoId,hasNomenclaturalNotes,hasExternalLinks,hasTypeData,hasOriginalData,hasLinks,bhlLink,infraspecies,speciesAuthor,referenceRemarks,collectionDate1,locality,remarks,typeNote,typeCoordinates,originalTaxonDistribution,originalRemarks,nameStatus,bibliographicReference,typeChosenBy,nameStatusType,typeRemarks,collectionDate2
Abutilon_flueckigerianum,K.Schum.,K.Schum.,,spec.,/n/217-2,Malvaceae,Abutilon,flueckigerianum,tax. nov.,NA,NA,Brazil to Argentina,FALSE,FALSE,TRUE,143757,,Fl. Bras. (Martius),1891,15 Jul 1891,"12(3): 370, t. 67",629-2,citation,"Fl. Bras. (Martius) 12(3): 370, t. 67. 1891 [15 Jul 1891] , as 'flückigerianum'",FALSE,TRUE,NA,1.6,217-2,urn:lsid:ipni.org:names:217-2,wfo-0000511901,TRUE,TRUE,TRUE,FALSE,FALSE,http://www.biodiversitylibrary.org/openurl?ctx_ver=Z39.88-2004&rft_id=http://www.biodiversitylibrary.org/page/143757&rft_val_fmt=info:ofi/fmt:kev:mtx:book&url_ver=z39.88-2004,NA,NA,as 'flückigerianum',NA,NA,Published as 'flückigerianum',NA,,NA,NA,NA,NA,NA,NA,NA,NA
Abutilon_rufivelum,K.Schum. ex Baker f.,K.Schum. ex Baker f.,,spec.,/n/323590-2,Malvaceae,Abutilon,rufivelum,tax. nov.,18136,A.F.M.Glaziou,"Rio de Janeiro (Brazil, Southern America)",FALSE,FALSE,FALSE,35142190,,J. Bot.,1893,NA,31: 271,678-2,citation,J. Bot. 31: 271. 1893 ,FALSE,TRUE,null G,1.4,323590-2,urn:lsid:ipni.org:names:323590-2,NA,FALSE,FALSE,TRUE,FALSE,FALSE,http://www.biodiversitylibrary.org/openurl?ctx_ver=Z39.88-2004&rft_id=http://www.biodiversitylibrary.org/page/35142190&rft_val_fmt=info:ofi/fmt:kev:mtx:book&url_ver=z39.88-2004,NA,NA,NA,NA,NA,nom. nud. (invalid); As A. rufivellum,NA,,NA,NA,NA,NA,NA,NA,NA,NA
Abutilon_schenckii,K.Schum.,K.Schum.,,spec.,/n/331-2,Malvaceae,Abutilon,schenckii,tax. nov.,1316,L.Riedel,"Madre de Dios, Brazil (Southern America)",FALSE,FALSE,TRUE,143778,,Fl. Bras. (Martius),1891,15 Jul 1891,12(3): 412,629-2,citation,Fl. Bras. (Martius) 12(3): 412. 1891 [15 Jul 1891] ,FALSE,TRUE,lectotype P,1.5,331-2,urn:lsid:ipni.org:names:331-2,wfo-0000512272,FALSE,TRUE,TRUE,FALSE,FALSE,http://www.biodiversitylibrary.org/openurl?ctx_ver=Z39.88-2004&rft_id=http://www.biodiversitylibrary.org/page/143778&rft_val_fmt=info:ofi/fmt:kev:mtx:book&url_ver=z39.88-2004,NA,NA,NA,NA,NA,NA,NA,,NA,NA,NA,NA,NA,NA,NA,NA
Abutilon_spicatum,Kunth,Kunth,,spec.,/n/317982-2,Malvaceae,Abutilon,spicatum,tax. nov.,s.n.," A.J.A.Bonpland,F.W.H.A.Humboldt","prope San Carlos del Rio Negro, Brazil (Southern America)",FALSE,FALSE,TRUE,NA,,Nov. Gen. Sp. [H.B.K.],1822,NA,5(quarto): 271,1023-2,citation,Nov. Gen. Sp. [H.B.K.] 5(quarto): 271. 1822 ,FALSE,TRUE,holotype P-HUMB.,1.3,317982-2,urn:lsid:ipni.org:names:317982-2,wfo-0000512299,FALSE,TRUE,TRUE,FALSE,FALSE,NA,NA,NA,NA,NA,NA,[Gandhi 2 Jun 1999[ SBMonogr. 25: 136. 1988],NA,,NA,NA,NA,NA,NA,NA,NA,NA
Bakeridesia_andradelimae,Monteiro,Monteiro,,spec.,/n/895960-1,Malvaceae,Bakeridesia,andradelimae,tax. nov.,NA,NA,Brazil.,FALSE,FALSE,TRUE,NA,,"An. Soc. Bot. Brasil, XXIII Congr. Nac. Bot.",1973,1972 publ. 1973,121,NA,citation,"An. Soc. Bot. Brasil, XXIII Congr. Nac. Bot. 121. 1973 [1972 publ. 1973] ",FALSE,TRUE,NA,1.6,895960-1,urn:lsid:ipni.org:names:895960-1,wfo-0000558522,FALSE,TRUE,TRUE,TRUE,FALSE,NA,NA,NA,NA,NA,NA,NA,NA,,Brazil.,NA,NA,NA,NA,NA,NA,NA
Bakeridesia_bezerrae,Monteiro,Monteiro,,spec.,/n/895961-1,Malvaceae,Bakeridesia,bezerrae,tax. nov.,NA,NA,Brazil.,FALSE,FALSE,TRUE,NA,,"An. Soc. Bot. Brasil, XXIII Congr. Nac. Bot.",1973,1972 publ. 1973,118,NA,citation,"An. Soc. Bot. Brasil, XXIII Congr. Nac. Bot. 118. 1973 [1972 publ. 1973] ",FALSE,TRUE,NA,1.5,895961-1,urn:lsid:ipni.org:names:895961-1,wfo-0000558525,FALSE,TRUE,TRUE,TRUE,FALSE,NA,NA,NA,NA,NA,NA,NA,NA,,Brazil.,NA,NA,NA,NA,NA,NA,NA
Bakeridesia_pickelii,Monteiro,Monteiro,,spec.,/n/895962-1,Malvaceae,Bakeridesia,pickelii,tax. nov.,NA,NA,Brazil.,FALSE,FALSE,TRUE,NA,,"An. Soc. Bot. Brasil, XXIII Congr. Nac. Bot.",1973,1972 publ. 1973,116,NA,citation,"An. Soc. Bot. Brasil, XXIII Congr. Nac. Bot. 116. 1973 [1972 publ. 1973] ",FALSE,TRUE,NA,1.5,895962-1,urn:lsid:ipni.org:names:895962-1,wfo-0000558539,FALSE,TRUE,TRUE,TRUE,FALSE,NA,NA,NA,NA,NA,NA,NA,NA,,Brazil.,NA,NA,NA,NA,NA,NA,NA
Bakeridesia_rufivela,Hochr.,Hochr.,,spec.,/n/28779-2,Malvaceae,Bakeridesia,rufivela,tax. nov.,18136,A.F.M.Glaziou,"Rio de Janeiro (Brazil, Southern America)",FALSE,FALSE,TRUE,NA,,Annuaire Conserv. Jard. Bot. Genève,1920,NA,21: 419,1145-2,citation,Annuaire Conserv. Jard. Bot. Genève 21: 419. 1920 ,FALSE,TRUE,null G,1.3,28779-2,urn:lsid:ipni.org:names:28779-2,wfo-0000558544,FALSE,TRUE,TRUE,FALSE,FALSE,http://www.biodiversitylibrary.org/openurl?ctx_ver=Z39.88-2004&rft.date=1920&rft.spage=419&rft.volume=21&rft_id=http://www.biodiversitylibrary.org/bibliography/52147&rft_val_fmt=info:ofi/fmt:kev:mtx:book&url_ver=z39.88-2004,NA,NA,NA,NA,NA,Inadvertently published as a sp. nov.,NA,,NA,NA,NA,NA,NA,NA,NA,NA
Bakeridesia_torrendii,Monteiro,Monteiro,,spec.,/n/895963-1,Malvaceae,Bakeridesia,torrendii,tax. nov.,NA,NA,Brazil.,FALSE,FALSE,TRUE,NA,,"An. Soc. Bot. Brasil, XXIII Congr. Nac. Bot.",1973,1972 publ. 1973,125,NA,citation,"An. Soc. Bot. Brasil, XXIII Congr. Nac. Bot. 125. 1973 [1972 publ. 1973] ",FALSE,TRUE,NA,1.5,895963-1,urn:lsid:ipni.org:names:895963-1,wfo-0000558550,FALSE,TRUE,TRUE,TRUE,FALSE,NA,NA,NA,NA,NA,NA,NA,NA,,Brazil.,NA,NA,NA,NA,NA,NA,NA
Bastardia_macrophylla,Ulbr.,Ulbr.,,spec.,/n/29856-2,Malvaceae,Bastardia,macrophylla,tax. nov.,3630,E.H.G.Ule,"Rio de Janeiro (Brazil, Southern America)",FALSE,FALSE,TRUE,NA,,Notizbl. Königl. Bot. Gart. Berlin,1915,NA,6: 324,3558-2,citation,Notizbl. Königl. Bot. Gart. Berlin 6: 324. 1915 ,FALSE,TRUE,null B,1.4,29856-2,urn:lsid:ipni.org:names:29856-2,wfo-0000561261,FALSE,TRUE,TRUE,FALSE,FALSE,http://www.biodiversitylibrary.org/openurl?ctx_ver=Z39.88-2004&rft.date=1915&rft.spage=324&rft.volume=6&rft_id=http://www.biodiversitylibrary.org/bibliography/41384&rft_val_fmt=info:ofi/fmt:kev:mtx:book&url_ver=z39.88-2004,NA,NA,NA,NA,NA,NA,NA,,NA,NA,NA,NA,NA,NA,NA,NA
Callianthe_capixabae,M.T.R.Costa & Bovini,M.T.R.Costa & Bovini,,spec.,/n/77311028-1,Malvaceae,Callianthe,capixabae,tax. nov.,1826,M.T.R.Costa et al.,"Espírito Santo (Brazil Southeast, Brazil, Southern America)",FALSE,FALSE,TRUE,NA,,Phytotaxa,2022,29 Dec 2022,577(1): 146,20011462-1,citation,Phytotaxa 577(1): 146. 2022 [29 Dec 2022] [epublished],FALSE,TRUE,holotype RB;isotype HUFSJ;isotype MBML;isotype VIES;isotype R,1.1.1.1,77311028-1,urn:lsid:ipni.org:names:77311028-1,wfo-1000043225,TRUE,TRUE,TRUE,FALSE,FALSE,NA,NA,NA,[epublished],5 Jul 2022,"Castelo, Parque Estadual do Forno Grande, borda da trilha para o mirante da Pedra Azul, 1267m","doi:10.11646/phytotaxa.577.1.9 Etymology: the specific epithet is derived from 'capixaba', a word with Tupi origin (kopisáwa), that is used to refer to someone or something that is related to or belong to Espírito Santo state, where the species occurs.",NA,,NA,NA,NA,NA,NA,NA,NA,NA
Carolinea_villosa,Mart. & Zucc.,Mart. & Zucc.,,spec.,/n/77216102-1,Malvaceae,Carolinea,villosa,tax. nov.,NA,NA,Brazil (Southern America),FALSE,FALSE,FALSE,NA,,Flora,1825,14 Jan 1825,8(1): 27,648-2,citation,Flora 8(1): 27. 1825 [14 Jan 1825] ,FALSE,TRUE,NA,1.1,77216102-1,urn:lsid:ipni.org:names:77216102-1,wfo-1000036054,FALSE,TRUE,TRUE,FALSE,FALSE,http://www.biodiversitylibrary.org/openurl?ctx_ver=Z39.88-2004&rft.date=1825&rft.issue=1&rft.spage=27&rft.volume=8&rft_id=http://www.biodiversitylibrary.org/bibliography/64&rft_val_fmt=info:ofi/fmt:kev:mtx:book&url_ver=z39.88-2004,NA,NA,NA,NA,NA,NA,NA,,NA,NA,NA,NA,NA,NA,NA,NA
Cienfuegosia_cuyabensis,Pilg.,Pilg.,,spec.,/n/58655-2,Malvaceae,Cienfuegosia,cuyabensis,tax. nov.,1666,G.O.A.Malme,Brazil (Southern America),FALSE,FALSE,TRUE,211387,,Bot. Jahrb. Syst.,1901,2 Jul 1901,30(2): 171,553-2,citation,Bot. Jahrb. Syst. 30(2): 171. 1901 [2 Jul 1901] ,FALSE,TRUE,neotype S,1.6,58655-2,urn:lsid:ipni.org:names:58655-2,wfo-0000604617,FALSE,TRUE,TRUE,FALSE,FALSE,http://www.biodiversitylibrary.org/openurl?ctx_ver=Z39.88-2004&rft_id=http://www.biodiversitylibrary.org/page/211387&rft_val_fmt=info:ofi/fmt:kev:mtx:book&url_ver=z39.88-2004,NA,NA,NA,NA,NA,NA,NA,,NA,NA,NA,NA,NA,NA,NA,NA
Cienfuegosia_glauca,Brandão & Laca-B.,Brandão & Laca-B.,,spec.,/n/995469-1,Malvaceae,Cienfuegosia,glauca,tax. nov.,NA,NA,Brazil Southeast (Minas Gerais).,FALSE,FALSE,FALSE,NA,,Daphne,1993,1993,"3(4): 35 (1993), without latin descr.",18436-2,citation,"Daphne 3(4): 35 (1993), without latin descr. ",FALSE,TRUE,NA,1.1.2.3.1.1,995469-1,urn:lsid:ipni.org:names:995469-1,wfo-0001357610,FALSE,TRUE,TRUE,TRUE,FALSE,NA,NA,NA,NA,NA,NA,NA,NA,,Brazil Southeast (Minas Gerais).,NA,NA,NA,NA,NA,NA,NA
Cienfuegosia_ituiutabensis,Brandão & Laca-B.,Brandão & Laca-B.,,spec.,/n/995470-1,Malvaceae,Cienfuegosia,ituiutabensis,tax. nov.,NA,NA,Brazil Southeast (Minas Gerais).,FALSE,FALSE,FALSE,NA,,Daphne,1993,1993,"3(4): 35 (1993), without latin descr.",18436-2,citation,"Daphne 3(4): 35 (1993), without latin descr. ",FALSE,TRUE,NA,1.1.2.3.1.1,995470-1,urn:lsid:ipni.org:names:995470-1,wfo-0001357611,FALSE,TRUE,TRUE,TRUE,FALSE,NA,NA,NA,NA,NA,NA,NA,NA,,Brazil Southeast (Minas Gerais).,NA,NA,NA,NA,NA,NA,NA
Cienfuegosia_longifolia,Brandão & Laca-B.,Brandão & Laca-B.,,spec.,/n/995471-1,Malvaceae,Cienfuegosia,longifolia,tax. nov.,NA,NA,Brazil Southeast (Minas Gerais).,FALSE,FALSE,FALSE,NA,,Daphne,1993,1993,"3(4): 38 (1993), without latin descr.",18436-2,citation,"Daphne 3(4): 38 (1993), without latin descr. ",FALSE,TRUE,NA,1.1.2.3.1.1,995471-1,urn:lsid:ipni.org:names:995471-1,wfo-0001357612,FALSE,TRUE,TRUE,TRUE,FALSE,NA,NA,NA,NA,NA,NA,NA,NA,,Brazil Southeast (Minas Gerais).,NA,NA,NA,NA,NA,NA,NA
Cienfuegosia_uberabensis,Brandão & Laca-B.,Brandão & Laca-B.,,spec.,/n/995472-1,Malvaceae,Cienfuegosia,uberabensis,tax. nov.,NA,NA,Brazil Southeast (Minas Gerais).,FALSE,FALSE,FALSE,NA,,Daphne,1993,1993,"3(4): 40 (1993), without latin descr.",18436-2,citation,"Daphne 3(4): 40 (1993), without latin descr. ",FALSE,TRUE,NA,1.1.2.3.1.1,995472-1,urn:lsid:ipni.org:names:995472-1,wfo-0001357613,FALSE,TRUE,TRUE,TRUE,FALSE,NA,NA,NA,NA,NA,NA,NA,NA,,Brazil Southeast (Minas Gerais).,NA,NA,NA,NA,NA,NA,NA
Codonochlamys_glaziovii,Ulbr.,Ulbr.,,spec.,/n/62682-2,Malvaceae,Codonochlamys,glaziovii,tax. nov.,15842,A.F.M.Glaziou,"Mendanha, Minas Gerais (Brazil, Southern America)",FALSE,FALSE,TRUE,NA,,Notizbl. Königl. Bot. Gart. Berlin,1915,NA,6: 331,3558-2,citation,Notizbl. Königl. Bot. Gart. Berlin 6: 331. 1915 ,FALSE,TRUE,holotype B;isotype C;isotype P,1.3,62682-2,urn:lsid:ipni.org:names:62682-2,wfo-0000614072,FALSE,TRUE,TRUE,FALSE,FALSE,http://www.biodiversitylibrary.org/openurl?ctx_ver=Z39.88-2004&rft.date=1915&rft.spage=331&rft.volume=6&rft_id=http://www.biodiversitylibrary.org/bibliography/41384&rft_val_fmt=info:ofi/fmt:kev:mtx:book&url_ver=z39.88-2004,NA,NA,NA,NA,NA,NA,NA,,NA,NA,NA,NA,NA,NA,NA,NA
Cristaria_ecristata,A.Gray,A.Gray,,spec.,/n/69484-2,Malvaceae,Cristaria,ecristata,tax. nov.,NA,NA,Brazil (Southern America),FALSE,FALSE,TRUE,NA,,"U.S. Expl. Exped., Phan.",1854,NA,15: 165,10212-2,citation,"U.S. Expl. Exped., Phan. 15: 165. 1854 ; C. Wilkes Expl. Exped.",FALSE,TRUE,NA,1.5,69484-2,urn:lsid:ipni.org:names:69484-2,wfo-0000626129,TRUE,TRUE,TRUE,FALSE,FALSE,http://www.biodiversitylibrary.org/openurl?ctx_ver=Z39.88-2004&rft.date=1854&rft.spage=165&rft.volume=15&rft_id=http://www.biodiversitylibrary.org/bibliography/61410&rft_val_fmt=info:ofi/fmt:kev:mtx:book&url_ver=z39.88-2004,NA,NA,C. Wilkes Expl. Exped.,NA,NA,NA,NA,,NA,NA,NA,NA,NA,NA,NA,NA
Fugosia_phlomidifolia,A.St.-Hil.,A.St.-Hil.,,spec.,/n/106320-2,Malvaceae,Fugosia,phlomidifolia,tax. nov.,s.n.,A.F.C.P.de Saint-Hilaire,"Minas Gerais (Brazil, Southern America)",FALSE,FALSE,TRUE,NA,,Fl. Bras. Merid. (A. St.-Hil.).,1828,NA,1: 253 (-254; t. 50),8262-2,citation,Fl. Bras. Merid. (A. St.-Hil.). 1: 253 (-254; t. 50). 1828 ,FALSE,TRUE,null P,1.3,106320-2,urn:lsid:ipni.org:names:106320-2,wfo-0000692988,FALSE,TRUE,TRUE,FALSE,FALSE,http://www.biodiversitylibrary.org/openurl?ctx_ver=Z39.88-2004&rft.date=1828&rft.spage=253&rft.volume=1&rft_id=http://www.biodiversitylibrary.org/bibliography/45474&rft_val_fmt=info:ofi/fmt:kev:mtx:book&url_ver=z39.88-2004,NA,NA,NA,NA,NA,NA,NA,,NA,NA,NA,NA,NA,NA,NA,NA
Gaya_elingulata,"Krapov., Tressens & A.Fernández","Krapov., Tressens & A.Fernández",,spec.,/n/107819-2,Malvaceae,Gaya,elingulata,tax. nov.,12882,A.Krapovickas,"Bahia (Brazil, Southern America)",FALSE,FALSE,TRUE,NA,,Bol. Soc. Argent. Bot.,1974,NA,"16: 97[-99], f. 2",1242-2,citation,"Bol. Soc. Argent. Bot. 16: 97[-99], f. 2. 1974 ",FALSE,TRUE,holotype CTES,1.6,107819-2,urn:lsid:ipni.org:names:107819-2,wfo-0000695619,FALSE,TRUE,TRUE,FALSE,FALSE,NA,NA,NA,NA,NA,NA,NA,NA,,NA,NA,NA,NA,NA,NA,NA,NA
Gossypium_brasiliense,Macfad.,Macfad.,,spec.,/n/112665-2,Malvaceae,Gossypium,brasiliense,tax. nov.,NA,NA,Brazil (Southern America),FALSE,FALSE,TRUE,NA,,Fl. Jamaica [Macfadyen],1837,NA,1: 72 (-73),16046-2,citation,Fl. Jamaica [Macfadyen] 1: 72 (-73). 1837 ,FALSE,TRUE,NA,1.2.2.2.1.2,112665-2,urn:lsid:ipni.org:names:112665-2,wfo-0000707871,FALSE,TRUE,TRUE,FALSE,FALSE,http://www.biodiversitylibrary.org/openurl?ctx_ver=Z39.88-2004&rft.date=1837&rft.spage=72&rft.volume=1&rft_id=http://www.biodiversitylibrary.org/bibliography/121699&rft_val_fmt=info:ofi/fmt:kev:mtx:book&url_ver=z39.88-2004,NA,NA,NA,NA,NA,NA,NA,,NA,NA,NA,NA,NA,NA,NA,NA
Gossypium_caicoense,"C.Aranha, Leitão & Gridi-Papp","C.Aranha, Leitão & Gridi-Papp",,spec.,/n/559686-1,Malvaceae,Gossypium,caicoense,tax. nov.,s.n.,"C. Aranha, H.P. Leitão Filho &amp; I.L. Gridi-Papp","Rio Grande do Norte (Brazil, Southern America)",FALSE,FALSE,TRUE,NA,,Bragantia,1969,Aug 1969,"28(no. 23): 274, figs. 1-7",1910-2,citation,"Bragantia 28(no. 23): 274, figs. 1-7. 1969 [Aug 1969] ",FALSE,TRUE,holotype IAC,1.2.2.2,559686-1,urn:lsid:ipni.org:names:559686-1,wfo-0000707877,FALSE,TRUE,TRUE,TRUE,FALSE,NA,NA,NA,NA,NA,"Serra da Formiga, município de Caicó — cultivado no Instituto Agronômico do Estado de São Paulo, em casa de vegetação, sob o número Am. 450 — Seção de Algodão","Species name authorship cited as: Condorcet, Hermógenes et Imre",NA,,NA,Braz. (Rio Grande do Norte). Illus,NA,NA,NA,NA,NA,NA
Gossypium_guyanense,Raf.,Raf.,,spec.,/n/30102416-2,Malvaceae,Gossypium,guyanense,tax. nov.,NA,NA,"Brazil (Southern America);Guyana (Northern South America, Southern America);",FALSE,FALSE,TRUE,404572,,Sylva Tellur.,1838,Oct-Dec 1838,16,1074-2,citation,Sylva Tellur. 16. 1838 [Oct-Dec 1838] ,FALSE,TRUE,NA,1.1.2.2.1.2,30102416-2,urn:lsid:ipni.org:names:30102416-2,wfo-0000707921,FALSE,TRUE,TRUE,FALSE,FALSE,http://www.biodiversitylibrary.org/openurl?ctx_ver=Z39.88-2004&rft_id=http://www.biodiversitylibrary.org/page/404572&rft_val_fmt=info:ofi/fmt:kev:mtx:book&url_ver=z39.88-2004,NA,NA,NA,NA,NA,NA,NA,,NA,NA,NA,NA,NA,NA,NA,NA
Gossypium_mustelium,Miers ex G.Watt,Miers ex G.Watt,,spec.,/n/112728-2,Malvaceae,Gossypium,mustelium,tax. nov.,NA,NA,Brazil &amp; Colombia,FALSE,FALSE,TRUE,NA,,Wild Cult. Cotton,1907,NA,167,16289-2,citation,Wild Cult. Cotton 167. 1907 ,FALSE,TRUE,NA,1.3.2.1.1.1,112728-2,urn:lsid:ipni.org:names:112728-2,NA,FALSE,TRUE,TRUE,FALSE,FALSE,NA,NA,NA,NA,NA,NA,NA,NA,,NA,NA,NA,NA,NA,NA,NA,NA
Hibiscus_fugax,Mart. ex Spreng.,Mart. ex Spreng.,,spec.,/n/329522-2,Malvaceae,Hibiscus,fugax,tax. nov.,NA,NA,Brazil (Southern America),FALSE,FALSE,TRUE,NA,,"Syst. Veg., ed. 16 [Sprengel]",1827,Jan-Jun 1827,"4(2, Cur. Post.): 258",14620-2,citation,"Syst. Veg., ed. 16 [Sprengel] 4(2, Cur. Post.): 258. 1827 [Jan-Jun 1827] ",FALSE,TRUE,NA,1.2.2.1.1.2,329522-2,urn:lsid:ipni.org:names:329522-2,wfo-0000722569,FALSE,TRUE,TRUE,FALSE,FALSE,NA,NA,NA,NA,NA,NA,NA,Verh. Ver. Beförd. Gartenb. 3: t. 8. 1827.,,NA,NA,NA,NA,NA,NA,NA,NA
Hibiscus_glabrifolius,A.St.-Hil. & Naudin,A.St.-Hil. & Naudin,,spec.,/n/121950-2,Malvaceae,Hibiscus,glabrifolius,tax. nov.,s.n.,C.Gaudichaud-Beaupré,"Mato Grosso (Brazil, Southern America)",FALSE,FALSE,TRUE,NA,,"Ann. Sci. Nat., Bot.",1842,NA,"sér. 2, 18: 40",525-2,citation,"Ann. Sci. Nat., Bot. sér. 2, 18: 40. 1842 ",FALSE,TRUE,null P,1.5,121950-2,urn:lsid:ipni.org:names:121950-2,wfo-0001076718,FALSE,TRUE,TRUE,FALSE,FALSE,NA,NA,NA,NA,NA,NA,NA,NA,,NA,NA,NA,NA,NA,NA,NA,NA
Hibiscus_selloi,Gürke,Gürke,,spec.,/n/122012-2,Malvaceae,Hibiscus,selloi,tax. nov.,NA,NA,Brazil (Southern America),FALSE,FALSE,TRUE,143881,,Fl. Bras. (Martius),1892,15 Apr 1892,"12(3): 553, t. 109, fig. 2",629-2,citation,"Fl. Bras. (Martius) 12(3): 553, t. 109, fig. 2. 1892 [15 Apr 1892] ",FALSE,TRUE,NA,1.8,122012-2,urn:lsid:ipni.org:names:122012-2,NA,FALSE,TRUE,TRUE,FALSE,FALSE,http://www.biodiversitylibrary.org/openurl?ctx_ver=Z39.88-2004&rft_id=http://www.biodiversitylibrary.org/page/143881&rft_val_fmt=info:ofi/fmt:kev:mtx:book&url_ver=z39.88-2004,NA,NA,NA,NA,NA,NA,NA,,NA,NA,NA,NA,NA,NA,NA,NA
Hibiscus_unidens,Lindl. in Edwards,Lindl. in Edwards,,spec.,/n/122035-2,Malvaceae,Hibiscus,unidens,tax. nov.,NA,NA,Brazil (Southern America),FALSE,FALSE,TRUE,NA,,Bot. Reg.,1825,NA,11: t. 878,868-2,citation,Bot. Reg. 11: t. 878. 1825 ,FALSE,TRUE,NA,1.5,122035-2,urn:lsid:ipni.org:names:122035-2,wfo-0001077187,FALSE,TRUE,TRUE,FALSE,FALSE,NA,NA,NA,NA,NA,NA,NA,NA,,NA,NA,NA,NA,NA,NA,NA,NA
Krapovickasia_araujoana,Brandão,Brandão,,spec.,/n/995473-1,Malvaceae,Krapovickasia,araujoana,tax. nov.,NA,NA,Brazil Southeast (Minas Gerais).,FALSE,FALSE,TRUE,NA,,Daphne,1994,1994,4(2): 6 (1994),18436-2,citation,Daphne 4(2): 6 (1994). ,FALSE,TRUE,NA,1.1.2.2.1.1.2.1,995473-1,urn:lsid:ipni.org:names:995473-1,wfo-0000356926,TRUE,TRUE,TRUE,TRUE,FALSE,NA,NA,NA,NA,NA,NA,NA,NA,,Brazil Southeast (Minas Gerais).,NA,nom. inval.    Name of the herbarium housing the holotype not indicated (Tokyo Code (1994) Art. 37.5 applies).,NA,NA,nom. inval.,NA,NA
Kydia_brasiliensis,Barb.Rodr.,Barb.Rodr.,,spec.,/n/134108-2,Malvaceae,Kydia,brasiliensis,tax. nov.,NA,NA,Brazil (Southern America),FALSE,FALSE,TRUE,NA,,Pl. Jard. Rio de Janeiro,1893,NA,"3: 2, pl. 1",3655-2,citation,"Pl. Jard. Rio de Janeiro 3: 2, pl. 1. 1893 ",FALSE,TRUE,NA,1.4,134108-2,urn:lsid:ipni.org:names:134108-2,wfo-0000356918,FALSE,TRUE,TRUE,FALSE,FALSE,NA,NA,NA,NA,NA,NA,NA,NA,,NA,NA,NA,NA,NA,NA,NA,NA
Malvastrum_palustre,Ekman,Ekman,,spec.,/n/150378-2,Malvaceae,Malvastrum,palustre,tax. nov.,8720,P.K.H.Dusén,Brazil (Southern America),FALSE,FALSE,TRUE,NA,,Ark. Bot.,1913,NA,"13: 8, t",536-2,citation,"Ark. Bot. 13: 8, t. 1913 ",FALSE,TRUE,lectotype S,1.3,150378-2,urn:lsid:ipni.org:names:150378-2,wfo-0001076776,FALSE,TRUE,TRUE,FALSE,FALSE,http://www.biodiversitylibrary.org/openurl?ctx_ver=Z39.88-2004&rft.date=1913&rft.spage=8&rft.volume=13&rft_id=http://www.biodiversitylibrary.org/bibliography/40761&rft_val_fmt=info:ofi/fmt:kev:mtx:book&url_ver=z39.88-2004,NA,NA,NA,NA,NA,NA,NA,,NA,NA,NA,NA,NA,NA,NA,NA
Malvaviscus_palmatus,Ulbr.,Ulbr.,,spec.,/n/311357-2,Malvaceae,Malvaviscus,palmatus,tax. nov.,5443,E.H.G.Ule,"Minas Gerais (Brazil, Southern America)",FALSE,FALSE,TRUE,NA,,Verh. Bot. Vereins Prov. Brandenburg,1908,NA,"50: 89, fig. 1",823-2,citation,"Verh. Bot. Vereins Prov. Brandenburg 50: 89, fig. 1. 1908 ",FALSE,TRUE,NA,1.4,311357-2,urn:lsid:ipni.org:names:311357-2,wfo-0000450624,FALSE,TRUE,TRUE,FALSE,FALSE,http://www.biodiversitylibrary.org/openurl?ctx_ver=Z39.88-2004&rft.date=1908&rft.spage=89&rft.volume=50&rft_id=http://www.biodiversitylibrary.org/bibliography/49731&rft_val_fmt=info:ofi/fmt:kev:mtx:book&url_ver=z39.88-2004,NA,NA,NA,NA,NA,NA,NA,,NA,NA,NA,NA,NA,NA,NA,NA
Pavonia_andradelimae,Monteiro,Monteiro,,spec.,/n/318746-2,Malvaceae,Pavonia,andradelimae,tax. nov.,49-253,D.Andrade-Lima,"Entre Ibimirim e Arcoverde, Vale do Rio Moxoto, Pernambuco (Brazil, Southern America)",FALSE,FALSE,TRUE,NA,,Anais 23 Congr. Soc. Bot. Brasil,1972,1973,"131, figs. 8-9",18258-2,citation,"Anais 23 Congr. Soc. Bot. Brasil 131, figs. 8-9. 1972 [1973] ",FALSE,TRUE,holotype IPA,1.4,318746-2,urn:lsid:ipni.org:names:318746-2,wfo-0001253356,FALSE,TRUE,TRUE,FALSE,FALSE,NA,NA,NA,NA,NA,NA,[Gandhi 30 Sep 1999],NA,,NA,NA,NA,NA,NA,NA,NA,NA
Pavonia_begoniifolia,Gardner,Gardner,,spec.,/n/320195-2,Malvaceae,Pavonia,begoniifolia,tax. nov.,324,George Gardner,"Organ Mountains, dense virgin forests, Brazil (Southern America)",FALSE,FALSE,TRUE,NA,,London J. Bot.,1843,NA,2: 333,704-2,citation,London J. Bot. 2: 333. 1843 ,FALSE,TRUE,lectotype G-DEL;isotype E;isotype GH;isotype K;isotype MO;isotype NY;isotype OXF,1.3,320195-2,urn:lsid:ipni.org:names:320195-2,wfo-0000470813,FALSE,TRUE,TRUE,FALSE,FALSE,http://www.biodiversitylibrary.org/openurl?ctx_ver=Z39.88-2004&rft.date=1843&rft.spage=333&rft.volume=2&rft_id=http://www.biodiversitylibrary.org/bibliography/235&rft_val_fmt=info:ofi/fmt:kev:mtx:book&url_ver=z39.88-2004,NA,NA,NA,NA,NA,[Gandhi 16 Aug 2000] as begoniaefolia,NA,,NA,NA,NA,NA,NA,NA,NA,NA
Pavonia_brachysepala,A.St.-Hil. & Naudin,A.St.-Hil. & Naudin,,spec.,/n/320193-2,Malvaceae,Pavonia,brachysepala,tax. nov.,324,George Gardner,"Organ Mountains, Brazil (Southern America)",FALSE,FALSE,TRUE,NA,,"Ann. Sci. Nat., Bot.",1842,NA,"sér. 2, 18: 44",525-2,citation,"Ann. Sci. Nat., Bot. sér. 2, 18: 44. 1842 ",FALSE,TRUE,lectotype P;isotype CTES,1.5,320193-2,urn:lsid:ipni.org:names:320193-2,wfo-0001253626,FALSE,TRUE,TRUE,FALSE,FALSE,NA,NA,NA,NA,NA,NA,"[Gandhi 15 Aug 2000] The LT. data from: Fryx., Fl. Neotrop. Monogr. 76: 198. 1999",NA,,NA,NA,NA,NA,NA,NA,NA,NA
Pavonia_bracteosa,Benth.,Benth.,,spec.,/n/320215-2,Malvaceae,Pavonia,bracteosa,tax. nov.,1458,George Gardner,"Ceará (Brazil, Southern America)",FALSE,FALSE,TRUE,NA,,J. Bot. (Hooker),1841,NA,4: 118,983-2,citation,J. Bot. (Hooker) 4: 118. 1841 ,FALSE,TRUE,lectotype F,1.4,320215-2,urn:lsid:ipni.org:names:320215-2,wfo-0000474506,FALSE,TRUE,TRUE,FALSE,FALSE,http://www.biodiversitylibrary.org/openurl?ctx_ver=Z39.88-2004&rft.date=1841&rft.spage=118&rft.volume=4&rft_id=http://www.biodiversitylibrary.org/bibliography/234&rft_val_fmt=info:ofi/fmt:kev:mtx:book&url_ver=z39.88-2004,NA,NA,NA,NA,NA,[Gandhi 18 Aug 2000],NA,,NA,NA,NA,NA,NA,NA,NA,NA
Pavonia_deltoidea,Mart.,Mart.,,spec.,/n/185856-2,Malvaceae,Pavonia,deltoidea,tax. nov.,NA,NA,Brazil (Southern America),FALSE,FALSE,TRUE,NA,,Flora,1839,NA,"22(1, Beibl.): 59",648-2,citation,"Flora 22(1, Beibl.): 59. 1839 ",FALSE,TRUE,NA,1.4,185856-2,urn:lsid:ipni.org:names:185856-2,wfo-0001244252,FALSE,TRUE,TRUE,FALSE,FALSE,NA,NA,NA,NA,NA,NA,NA,NA,,NA,NA,NA,NA,NA,NA,NA,NA
Pavonia_exserta,Krapov.,Krapov.,,spec.,/n/185864-2,Malvaceae,Pavonia,exserta,tax. nov.,12052," R.M.Klein,Lyman B.Smith","Santa Catarina (Brazil, Southern America)",FALSE,FALSE,FALSE,NA,,Lilloa,1962,NA,31: 63,1250-2,citation,Lilloa 31: 63. 1962 ,FALSE,TRUE,holotype LIL,1.3,185864-2,urn:lsid:ipni.org:names:185864-2,NA,FALSE,FALSE,TRUE,FALSE,FALSE,NA,NA,NA,NA,NA,NA,[Gandhi; Fl. Neotrop. Monogr. 76: 89. 1999],NA,,NA,NA,NA,NA,NA,NA,NA,NA
Pavonia_gamophylla,Krapov.,Krapov.,,spec.,/n/185873-2,Malvaceae,Pavonia,gamophylla,tax. nov.,NA,NA,"Santa Catarina (Brazil, Southern America)",FALSE,FALSE,TRUE,NA,,Lilloa,1962,NA,31: 66,1250-2,citation,Lilloa 31: 66. 1962 ,FALSE,TRUE,NA,1.3,185873-2,urn:lsid:ipni.org:names:185873-2,wfo-0001253366,FALSE,TRUE,TRUE,FALSE,FALSE,NA,NA,NA,NA,NA,NA,NA,NA,,NA,NA,NA,NA,NA,NA,NA,NA
Pavonia_involucrata,Klotzsch,Klotzsch,,spec.,/n/185917-2,Malvaceae,Pavonia,involucrata,tax. nov.,166,B.Luschnath,"Cruz de Casma, Bahia (Brazil, Southern America)",FALSE,FALSE,TRUE,104148,,Linnaea,1840,NA,14: 301,703-2,citation,Linnaea 14: 301. 1840 ,FALSE,TRUE,lectotype MO,1.4,185917-2,urn:lsid:ipni.org:names:185917-2,wfo-0000474554,FALSE,TRUE,TRUE,FALSE,FALSE,http://www.biodiversitylibrary.org/openurl?ctx_ver=Z39.88-2004&rft_id=http://www.biodiversitylibrary.org/page/104148&rft_val_fmt=info:ofi/fmt:kev:mtx:book&url_ver=z39.88-2004,NA,NA,NA,NA,NA,NA,NA,,NA,NA,NA,NA,NA,NA,NA,NA
Pavonia_malmeana,R.E.Fr.,R.E.Fr.,,spec.,/n/185950-2,Malvaceae,Pavonia,malmeana,tax. nov.,II-1059,G.O.A.Malme,"Rio Grande do Sul (Brazil, Southern America)",FALSE,FALSE,TRUE,NA,,Kungl. Svenska Vetenskapsakad. Handl.,1908,NA,"n.f, 42(12): 61, t. 6-7",20010248-1,citation,"Kungl. Svenska Vetenskapsakad. Handl. n.f, 42(12): 61, t. 6-7. 1908 ",FALSE,TRUE,holotype S,1.1.2.1.1.3,185950-2,urn:lsid:ipni.org:names:185950-2,wfo-0001253375,FALSE,TRUE,TRUE,FALSE,FALSE,http://www.biodiversitylibrary.org/openurl?ctx_ver=Z39.88-2004&rft.date=1908&rft.issue=12&rft.spage=61&rft.volume=42&rft_id=http://www.biodiversitylibrary.org/bibliography/50688&rft_val_fmt=info:ofi/fmt:kev:mtx:book&url_ver=z39.88-2004,NA,NA,NA,NA,NA,NA,NA,,NA,NA,NA,NA,NA,NA,NA,NA
Pavonia_modesta,Mart.,Mart.,,spec.,/n/185961-2,Malvaceae,Pavonia,modesta,tax. nov.,NA,NA,Brazil (Southern America),FALSE,FALSE,TRUE,NA,,Flora,1839,NA,"22(1, Beibl.): 59",648-2,citation,"Flora 22(1, Beibl.): 59. 1839 ",FALSE,TRUE,NA,1.4,185961-2,urn:lsid:ipni.org:names:185961-2,wfo-0001244251,FALSE,TRUE,TRUE,FALSE,FALSE,NA,NA,NA,NA,NA,NA,NA,NA,,NA,NA,NA,NA,NA,NA,NA,NA
Pavonia_paraensis,Fryxell,Fryxell,,spec.,/n/1010441-1,Malvaceae,Pavonia,paraensis,tax. nov.,1249,Lisboa; Naciel; M.G. Silva; Bhia,Brazil North (Pará).,FALSE,FALSE,TRUE,NA,,Fl. Neotrop. Monogr.,1999,1999,76: 73,944-2,citation,Fl. Neotrop. Monogr. 76: 73. 1999 ,FALSE,TRUE,holotype The New York Botanical Garden,1.3.2.1,1010441-1,urn:lsid:ipni.org:names:1010441-1,NA,FALSE,TRUE,TRUE,TRUE,FALSE,NA,NA,NA,NA,29 Jan 1980,"Tucuruí, right bank of the Tocantins River, BR-263, branch to the right at km 16",NA,NA,,Brazil North (Pará).,NA,NA,NA,NA,NA,NA,NA
Pavonia_paraensis,Fryxell,Fryxell,,spec.,/n/318789-2,Malvaceae,Pavonia,paraensis,tax. nov.,1249," Naciel,Lisboa, R.Bahia, M.G.Silva","Tucurui, right bank of the Tocantins River, BR-263, branch to the right at km 16, Pará (Brazil, Southern America)",FALSE,FALSE,FALSE,NA,,Fl. Neotrop. Monogr.,1999,25 Jun 1999,"76: 73 (-75, 66-67, figs. 15, 32)",944-2,citation,"Fl. Neotrop. Monogr. 76: 73 (-75, 66-67, figs. 15, 32). 1999 [25 Jun 1999] ",FALSE,TRUE,holotype NY,1.3,318789-2,urn:lsid:ipni.org:names:318789-2,wfo-0001249488,FALSE,TRUE,TRUE,FALSE,FALSE,NA,NA,NA,NA,NA,NA,[Gandhi 5 Oct 1999],NA,,NA,NA,NA,NA,NA,NA,NA,NA
Pavonia_pedersenii,Fryxell,Fryxell,,spec.,/n/320171-2,Malvaceae,Pavonia,pedersenii,tax. nov.,15902,T.M.Pedersen,"Mun. Restinga Seca, near Restinga Seca, in dried-out swamp, Rio Grande do Sul (Brazil, Southern America)",FALSE,FALSE,TRUE,NA,,Fl. Neotrop. Monogr.,1999,25 Jun 1999,76: 123,944-2,citation,Fl. Neotrop. Monogr. 76: 123. 1999 [25 Jun 1999] ,FALSE,TRUE,holotype TEX;isotype C;isotype CTES,1.3,320171-2,urn:lsid:ipni.org:names:320171-2,NA,FALSE,TRUE,TRUE,FALSE,FALSE,NA,NA,NA,NA,NA,NA,[Gandhi 9 Aug 2000],NA,,NA,NA,NA,NA,NA,NA,NA,NA
Pavonia_philippii,Ulbr.,Ulbr.,,spec.,/n/186000-2,Malvaceae,Pavonia,philippii,tax. nov.,NA,NA,Brazil (Southern America),FALSE,FALSE,TRUE,NA,,Notizbl. Bot. Gart. Berlin-Dahlem,1924,NA,9: 47,1019-2,citation,Notizbl. Bot. Gart. Berlin-Dahlem 9: 47. 1924 ,FALSE,TRUE,NA,1.4,186000-2,urn:lsid:ipni.org:names:186000-2,wfo-0001076908,FALSE,TRUE,TRUE,FALSE,FALSE,http://www.biodiversitylibrary.org/openurl?ctx_ver=Z39.88-2004&rft.date=1924&rft.spage=47&rft.volume=9&rft_id=http://www.biodiversitylibrary.org/bibliography/41365&rft_val_fmt=info:ofi/fmt:kev:mtx:book&url_ver=z39.88-2004,NA,NA,NA,NA,NA,NA,NA,,NA,NA,NA,NA,NA,NA,NA,NA
Pavonia_plumosa,Turcz.,Turcz.,,spec.,/n/318784-2,Malvaceae,Pavonia,plumosa,tax. nov.,s.n.,P.Salzmann,"Bahia (Brazil, Southern America)",FALSE,FALSE,TRUE,NA,,Bull. Soc. Imp. Naturalistes Moscou,1858,NA,31: 190,880-2,citation,Bull. Soc. Imp. Naturalistes Moscou 31: 190. 1858 ,FALSE,TRUE,lectotype KW,1.4,318784-2,urn:lsid:ipni.org:names:318784-2,wfo-0001078040,FALSE,TRUE,TRUE,FALSE,FALSE,http://www.biodiversitylibrary.org/openurl?ctx_ver=Z39.88-2004&rft.date=1858&rft.spage=190&rft.volume=31&rft_id=http://www.biodiversitylibrary.org/bibliography/4951&rft_val_fmt=info:ofi/fmt:kev:mtx:book&url_ver=z39.88-2004,NA,NA,NA,NA,NA,[Gandhi 4 Oct 1999],NA,,NA,NA,NA,NA,NA,NA,NA,NA
Pavonia_prionophylla,R.E.Fr.,R.E.Fr.,,spec.,/n/186010-2,Malvaceae,Pavonia,prionophylla,tax. nov.,15836,A.F.M.Glaziou,Brazil (Southern America),FALSE,FALSE,TRUE,NA,,Kungl. Svenska Vetenskapsakad. Handl.,1908,NA,"n.f, 42(12): 56, t. 6",20010248-1,citation,"Kungl. Svenska Vetenskapsakad. Handl. n.f, 42(12): 56, t. 6. 1908 ",FALSE,TRUE,lectotype K;isotype CTES,1.1.2.1.1.3,186010-2,urn:lsid:ipni.org:names:186010-2,wfo-0001076912,FALSE,TRUE,TRUE,FALSE,FALSE,http://www.biodiversitylibrary.org/openurl?ctx_ver=Z39.88-2004&rft.date=1908&rft.issue=12&rft.spage=56&rft.volume=42&rft_id=http://www.biodiversitylibrary.org/bibliography/50688&rft_val_fmt=info:ofi/fmt:kev:mtx:book&url_ver=z39.88-2004,NA,NA,NA,NA,NA,NA,NA,,NA,NA,NA,NA,NA,NA,NA,NA
Pavonia_pulchra,Hochr.,Hochr.,,spec.,/n/287423-2,Malvaceae,Pavonia,pulchra,tax. nov.,4384,E.Hassler,Brazil (Southern America),FALSE,FALSE,TRUE,NA,,Annuaire Conserv. Jard. Bot. Genève,1902,NA,6: 42,1145-2,citation,Annuaire Conserv. Jard. Bot. Genève 6: 42. 1902 ,FALSE,TRUE,holotype G,1.3,287423-2,urn:lsid:ipni.org:names:287423-2,wfo-0001076913,FALSE,TRUE,TRUE,FALSE,FALSE,http://www.biodiversitylibrary.org/openurl?ctx_ver=Z39.88-2004&rft.date=1902&rft.spage=42&rft.volume=6&rft_id=http://www.biodiversitylibrary.org/bibliography/52147&rft_val_fmt=info:ofi/fmt:kev:mtx:book&url_ver=z39.88-2004,NA,NA,NA,NA,NA,NA,NA,,NA,NA,NA,NA,NA,NA,NA,NA
Pavonia_surumuensis,Ulbr.,Ulbr.,,spec.,/n/186099-2,Malvaceae,Pavonia,surumuensis,tax. nov.,7980,E.H.G.Ule,Brazil (Southern America),FALSE,FALSE,TRUE,NA,,Notizbl. Königl. Bot. Gart. Berlin,1915,NA,6: 325,3558-2,citation,Notizbl. Königl. Bot. Gart. Berlin 6: 325. 1915 ,FALSE,TRUE,NA,1.4,186099-2,urn:lsid:ipni.org:names:186099-2,wfo-0000473864,FALSE,TRUE,TRUE,FALSE,FALSE,http://www.biodiversitylibrary.org/openurl?ctx_ver=Z39.88-2004&rft.date=1915&rft.spage=325&rft.volume=6&rft_id=http://www.biodiversitylibrary.org/bibliography/41384&rft_val_fmt=info:ofi/fmt:kev:mtx:book&url_ver=z39.88-2004,NA,NA,NA,NA,NA,NA,NA,,NA,NA,NA,NA,NA,NA,NA,NA
Pavonia_teresina,Krapov.,Krapov.,,spec.,/n/60462846-2,Malvaceae,Pavonia,teresina,tax. nov.,TSN 1722,"T.S. Nunes, C. Azevedo, M. M. Silva Castro &amp; B. M. Silva","Espirito Santo (Brazil, Southern America)",FALSE,FALSE,TRUE,NA,,Bonplandia (Corrientes),2012,Jul 2012,"21(1): 66, fig. 4",13502-2,citation,"Bonplandia (Corrientes) 21(1): 66, fig. 4. 2012 [Jul 2012] ",FALSE,TRUE,holotype HUEFS;isotype CTES,1.2,60462846-2,urn:lsid:ipni.org:names:60462846-2,wfo-0001354127,FALSE,TRUE,TRUE,FALSE,FALSE,NA,NA,NA,NA,4 Jun 2006,Santa Teresa: Estrada para Santa Leopoldina ...,Etymology: epithet refers to the type locality Santa Teresa,NA,,NA,NA,NA,NA,NA,NA,NA,NA
Peltostegia_parviflora,Turcz.,Turcz.,,spec.,/n/282286-2,Malvaceae,Peltostegia,parviflora,tax. nov.,s.n.,G.Gardner,"Piaui (Brazil, Southern America)",FALSE,FALSE,FALSE,NA,,Bull. Soc. Imp. Naturalistes Moscou,1858,NA,31: 223,880-2,citation,Bull. Soc. Imp. Naturalistes Moscou 31: 223. 1858 ,FALSE,TRUE,holotype KW,1.3,282286-2,urn:lsid:ipni.org:names:282286-2,NA,FALSE,FALSE,TRUE,FALSE,FALSE,http://www.biodiversitylibrary.org/openurl?ctx_ver=Z39.88-2004&rft.date=1858&rft.spage=223&rft.volume=31&rft_id=http://www.biodiversitylibrary.org/bibliography/4951&rft_val_fmt=info:ofi/fmt:kev:mtx:book&url_ver=z39.88-2004,NA,NA,NA,NA,NA,NA,NA,,NA,NA,NA,NA,NA,NA,NA,NA
Sida_amplifolia,Gand.,Gand.,,spec.,/n/77101619-1,Malvaceae,Sida,amplifolia,tax. nov.,s.n.,Sello,Brazil (Southern America),FALSE,FALSE,TRUE,NA,,Bull. Soc. Bot. France,1924,18 Sep 1924,71(5-6): 630,578-2,citation,Bull. Soc. Bot. France 71(5-6): 630. 1924 [18 Sep 1924] ,FALSE,TRUE,NA,1.4,77101619-1,urn:lsid:ipni.org:names:77101619-1,wfo-0000744669,FALSE,TRUE,TRUE,FALSE,FALSE,http://www.biodiversitylibrary.org/openurl?ctx_ver=Z39.88-2004&rft.date=1924&rft.spage=630&rft.volume=71&rft_id=http://www.biodiversitylibrary.org/bibliography/359&rft_val_fmt=info:ofi/fmt:kev:mtx:book&url_ver=z39.88-2004,NA,NA,NA,NA,Brasilia,NA,NA,,NA,NA,NA,NA,NA,NA,NA,NA
Sida_anarthra,Ekman,Ekman,,spec.,/n/235537-2,Malvaceae,Sida,anarthra,tax. nov.,NA,NA,"Argentina, Brazil",FALSE,FALSE,TRUE,NA,,Ark. Bot.,1910,NA,"9, no. 4: 15, fig. 3",536-2,citation,"Ark. Bot. 9, no. 4: 15, fig. 3. 1910 ",FALSE,TRUE,NA,1.2.2.1.1.1,235537-2,urn:lsid:ipni.org:names:235537-2,wfo-0001273441,FALSE,TRUE,TRUE,FALSE,FALSE,NA,NA,NA,NA,NA,NA,NA,NA,,NA,NA,NA,NA,NA,NA,NA,NA
Sida_bedfordiana,Hook.,Hook.,,spec.,/n/323462-2,Malvaceae,Sida,bedfordiana,tax. nov.,320,George Gardner,"Rio de Janeiro (Brazil, Southern America)",FALSE,FALSE,TRUE,NA,,Bot. Mag.,1841,NA,68: t. 3892,864-2,citation,Bot. Mag. 68: t. 3892. 1841 ,FALSE,TRUE,lectotype G;isotype NY,1.2.2.1.1.1,323462-2,urn:lsid:ipni.org:names:323462-2,wfo-0001267377,FALSE,TRUE,TRUE,FALSE,FALSE,NA,NA,NA,NA,NA,NA,NA,NA,,NA,NA,NA,NA,NA,NA,NA,NA
Sida_bradei,Ulbr.,Ulbr.,,spec.,/n/235561-2,Malvaceae,Sida,bradei,tax. nov.,NA,NA,Brazil (Southern America),FALSE,FALSE,TRUE,NA,,Notizbl. Bot. Gart. Berlin-Dahlem,1924,NA,9: 42,1019-2,citation,Notizbl. Bot. Gart. Berlin-Dahlem 9: 42. 1924 ,FALSE,TRUE,NA,1.2.2.1.1.1,235561-2,urn:lsid:ipni.org:names:235561-2,wfo-0000501689,FALSE,TRUE,TRUE,FALSE,FALSE,http://www.biodiversitylibrary.org/openurl?ctx_ver=Z39.88-2004&rft.date=1924&rft.spage=42&rft.volume=9&rft_id=http://www.biodiversitylibrary.org/bibliography/41365&rft_val_fmt=info:ofi/fmt:kev:mtx:book&url_ver=z39.88-2004,NA,NA,NA,NA,NA,NA,NA,,NA,NA,NA,NA,NA,NA,NA,NA
Sida_bradei,Baker f.,Baker f.,,spec.,/n/235562-2,Malvaceae,Sida,bradei,tax. nov.,NA,NA,Brazil (Southern America),FALSE,FALSE,FALSE,NA,,J. Bot.,1925,NA,63: 239,678-2,citation,J. Bot. 63: 239. 1925 ,FALSE,TRUE,NA,1.2.2.1.1.1,235562-2,urn:lsid:ipni.org:names:235562-2,wfo-0000501699,FALSE,TRUE,TRUE,FALSE,FALSE,http://www.biodiversitylibrary.org/openurl?ctx_ver=Z39.88-2004&rft.date=1925&rft.spage=239&rft.volume=63&rft_id=http://www.biodiversitylibrary.org/bibliography/15787&rft_val_fmt=info:ofi/fmt:kev:mtx:book&url_ver=z39.88-2004,NA,NA,NA,NA,NA,NA,NA,,NA,NA,NA,NA,NA,NA,NA,NA
Sida_callitricha,Gand.,Gand.,,spec.,/n/77101575-1,Malvaceae,Sida,callitricha,tax. nov.,488,Novaes,"Brazil Southeast (Brazil, Southern America)",FALSE,FALSE,TRUE,NA,,Bull. Soc. Bot. France,1924,18 Sep 1924,71(5-6): 627,578-2,citation,Bull. Soc. Bot. France 71(5-6): 627. 1924 [18 Sep 1924] ,FALSE,TRUE,NA,1.3,77101575-1,urn:lsid:ipni.org:names:77101575-1,wfo-0000744686,FALSE,TRUE,TRUE,FALSE,FALSE,http://www.biodiversitylibrary.org/openurl?ctx_ver=Z39.88-2004&rft.date=1924&rft.spage=627&rft.volume=71&rft_id=http://www.biodiversitylibrary.org/bibliography/359&rft_val_fmt=info:ofi/fmt:kev:mtx:book&url_ver=z39.88-2004,NA,NA,NA,NA,S.Paulo,NA,NA,,NA,NA,NA,NA,NA,NA,NA,NA
Sida_cambuiensis,Monteiro,Monteiro,,spec.,/n/235570-2,Malvaceae,Sida,cambuiensis,tax. nov.,1-73,"Monteiro, Oliveira",Brazil (Southern America),FALSE,FALSE,FALSE,NA,,"Trab. 26 Congr. Nac. Bot., Rio de Janeiro",1977,NA,"401 (-403), fig",16112-2,citation,"Trab. 26 Congr. Nac. Bot., Rio de Janeiro 401 (-403), fig. 1977 ",FALSE,TRUE,holotype RBR,1.2.2.1,235570-2,urn:lsid:ipni.org:names:235570-2,wfo-0000501637,FALSE,TRUE,TRUE,FALSE,FALSE,NA,NA,NA,NA,NA,NA,NA,NA,,NA,NA,NA,NA,NA,NA,NA,NA
Sida_compressi-caulis,Larrañaga,Larrañaga,,spec.,/n/235602-2,Malvaceae,Sida,compressi-caulis,tax. nov.,NA,NA,Brazil (Southern America),FALSE,FALSE,TRUE,NA,,Escritos Damaso Antonio Larranaga,1922,NA,1: 413,1322-2,citation,Escritos Damaso Antonio Larranaga 1: 413. 1922 Pub. Inst. Hist. Geog. Uruguay,FALSE,TRUE,NA,1.1.1.1.2.1.1.1,235602-2,urn:lsid:ipni.org:names:235602-2,wfo-0000501745,TRUE,TRUE,TRUE,FALSE,FALSE,NA,NA,NA,Pub. Inst. Hist. Geog. Uruguay,NA,NA,NA,NA,,NA,NA,NA,NA,NA,NA,NA,NA
Sida_conferta,Link,Link,,spec.,/n/313698-2,Malvaceae,Sida,conferta,tax. nov.,NA,NA,Brazil (Southern America),FALSE,FALSE,TRUE,NA,,Enum. Hort. Berol. Alt.,1822,Jan-Jun 1822,2: 207,1251-2,citation,Enum. Hort. Berol. Alt. 2: 207. 1822 [Jan-Jun 1822] ,FALSE,TRUE,NA,1.2.2.1.1.2,313698-2,urn:lsid:ipni.org:names:313698-2,wfo-0001246713,FALSE,TRUE,TRUE,FALSE,FALSE,http://www.biodiversitylibrary.org/openurl?ctx_ver=Z39.88-2004&rft.date=1822&rft.spage=207&rft.volume=2&rft_id=http://www.biodiversitylibrary.org/bibliography/66&rft_val_fmt=info:ofi/fmt:kev:mtx:book&url_ver=z39.88-2004,NA,NA,NA,NA,NA,"Type unknown. non Triana & Planchon 1862, nec Sesse & Mocino¹1894. [Gandhi; Fryxell, Syst. Bot. Monogr. 25: 389. 1988]",NA,,NA,NA,NA,NA,NA,NA,NA,NA
Sida_fluviatilis,Vell.,Vell.,,spec.,/n/326448-2,Malvaceae,Sida,fluviatilis,tax. nov.,s.n.,A.C.V.Schott,"Aquaeduct bei Rio de Janeiro, Brazil (Southern America)",FALSE,FALSE,TRUE,NA,,Fl. Flumin.,1829,1825 publ. 7 Sep-28 Nov 1829,278,932-2,citation,Fl. Flumin. 278. 1829 [1825 publ. 7 Sep-28 Nov 1829] ,FALSE,TRUE,null B,1.2.2.1.1.3,326448-2,urn:lsid:ipni.org:names:326448-2,wfo-0001267386,FALSE,TRUE,TRUE,FALSE,FALSE,http://www.biodiversitylibrary.org/openurl?ctx_ver=Z39.88-2004&rft.date=1829&rft.spage=278&rft_id=http://www.biodiversitylibrary.org/bibliography/745&rft_val_fmt=info:ofi/fmt:kev:mtx:book&url_ver=z39.88-2004,NA,NA,NA,NA,NA,NA,NA,,NA,NA,NA,NA,NA,NA,NA,NA
Sida_fulva,A.St.-Hil.,A.St.-Hil.,,spec.,/n/313699-2,Malvaceae,Sida,fulva,tax. nov.,s.n.,A.F.C.P.de Saint-Hilaire,"Rio de Janeiro (Brazil, Southern America)",FALSE,FALSE,TRUE,NA,,Fl. Bras. Merid. (A. St.-Hil.).,1827,NA,1: 176,8262-2,citation,Fl. Bras. Merid. (A. St.-Hil.). 1: 176. 1827 ,FALSE,TRUE,holotype P,1.2.2.1.1.1,313699-2,urn:lsid:ipni.org:names:313699-2,wfo-0000501603,FALSE,TRUE,TRUE,FALSE,FALSE,http://www.biodiversitylibrary.org/openurl?ctx_ver=Z39.88-2004&rft.date=1827&rft.spage=176&rft.volume=1&rft_id=http://www.biodiversitylibrary.org/bibliography/45474&rft_val_fmt=info:ofi/fmt:kev:mtx:book&url_ver=z39.88-2004,NA,NA,NA,NA,NA,"[Gandhi; Fryxell, Syst. Bot. Monogr. 25: 386. 1988]",NA,,NA,NA,NA,NA,NA,NA,NA,NA
Sida_glocimarii,Krapov.,Krapov.,,spec.,/n/60462856-2,Malvaceae,Sida,glocimarii,tax. nov.,9494,Glocimar Pereira-Silva &amp; al.,"Tocantins (Brazil, Southern America)",FALSE,FALSE,TRUE,NA,,Bonplandia (Corrientes),2012,Jul 2012,"21(1): 82, fig. 4",13502-2,citation,"Bonplandia (Corrientes) 21(1): 82, fig. 4. 2012 [Jul 2012] (as Glocimari)",FALSE,TRUE,holotype CEN;isotype CTES,1.2,60462856-2,urn:lsid:ipni.org:names:60462856-2,wfo-0001354128,TRUE,TRUE,TRUE,FALSE,FALSE,NA,NA,NA,(as Glocimari),21 Feb 2005,"Tocantinopolis, ponte sobre o rio curicaca ... alt. 176 m",NA,NA,,NA,NA,NA,NA,NA,NA,NA,NA
Sida_grazielae,Monteiro,Monteiro,,spec.,/n/235668-2,Malvaceae,Sida,grazielae,tax. nov.,8000," Barrozo,Monteiro","Goiás (Brazil, Southern America)",FALSE,FALSE,TRUE,NA,,"Portugaliae Acta Biol., Sér. B, Sist.",1974,NA,"12: 146, t. 6",2747-2,citation,"Portugaliae Acta Biol., Sér. B, Sist. 12: 146, t. 6. 1974 ",FALSE,TRUE,holotype RBR,1.2.2.1.1.1,235668-2,urn:lsid:ipni.org:names:235668-2,wfo-0000501881,FALSE,TRUE,TRUE,FALSE,FALSE,NA,NA,NA,NA,NA,NA,NA,NA,,NA,NA,NA,NA,NA,NA,NA,NA
Sida_inaequalis,Link & Otto,Link & Otto,,spec.,/n/235692-2,Malvaceae,Sida,inaequalis,tax. nov.,NA,NA,Brazil (Southern America),FALSE,FALSE,TRUE,NA,,Icon. Pl. Select.,1825,NA,75 (t. 34),9066-2,citation,Icon. Pl. Select. 75 (t. 34). 1825 ,FALSE,TRUE,NA,1.3.2.1.1.1,235692-2,urn:lsid:ipni.org:names:235692-2,wfo-0001267445,FALSE,TRUE,TRUE,FALSE,FALSE,NA,NA,NA,NA,NA,NA,NA,"Link & Otto (l.c.), T. 34",,NA,NA,NA,NA,NA,NA,NA,NA
Sida_intermedia,A.St.-Hil.,A.St.-Hil.,,spec.,/n/235699-2,Malvaceae,Sida,intermedia,tax. nov.,NA,NA,Brazil (Southern America),FALSE,FALSE,TRUE,NA,,Fl. Bras. Merid. (A. St.-Hil.).,1827,NA,"1(5): 188, t.34",8262-2,citation,"Fl. Bras. Merid. (A. St.-Hil.). 1(5): 188, t.34. 1827 ",FALSE,TRUE,NA,1.2.2.1.1.1,235699-2,urn:lsid:ipni.org:names:235699-2,wfo-0001077332,FALSE,TRUE,TRUE,FALSE,FALSE,http://www.biodiversitylibrary.org/openurl?ctx_ver=Z39.88-2004&rft.date=1827&rft.issue=5&rft.spage=188&rft.volume=1&rft_id=http://www.biodiversitylibrary.org/bibliography/45474&rft_val_fmt=info:ofi/fmt:kev:mtx:book&url_ver=z39.88-2004,NA,NA,NA,NA,NA,NA,NA,,NA,NA,NA,NA,NA,NA,NA,NA
Sida_lineata,Vell.,Vell.,,spec.,/n/235716-2,Malvaceae,Sida,lineata,tax. nov.,NA,NA,Brazil (Southern America),FALSE,FALSE,TRUE,NA,,Fl. Flumin.,1829,1825 publ. 7 Sep-28 Nov 1829,280,932-2,citation,Fl. Flumin. 280. 1829 [1825 publ. 7 Sep-28 Nov 1829] ; see also Fl. Flumin. Icon. 7: t. 25. 1831 [1827 publ. 29 Oct 1831].,FALSE,TRUE,NA,1.2.2.1.1.2,235716-2,urn:lsid:ipni.org:names:235716-2,wfo-0001267448,TRUE,TRUE,TRUE,FALSE,FALSE,http://www.biodiversitylibrary.org/openurl?ctx_ver=Z39.88-2004&rft.date=1829&rft.spage=280&rft_id=http://www.biodiversitylibrary.org/bibliography/745&rft_val_fmt=info:ofi/fmt:kev:mtx:book&url_ver=z39.88-2004,NA,NA,see also Fl. Flumin. Icon. 7: t. 25. 1831 [1827 publ. 29 Oct 1831].,NA,NA,NA,Vell. (l.c.) Icon T. 25,,NA,NA,NA,NA,NA,NA,NA,NA
Sida_longepilosa,Gand.,Gand.,,spec.,/n/77101622-1,Malvaceae,Sida,longepilosa,tax. nov.,s.n.,Dusén,Brazil (Southern America),FALSE,FALSE,TRUE,NA,,Bull. Soc. Bot. France,1924,18 Sep 1924,71(5-6): 630,578-2,citation,Bull. Soc. Bot. France 71(5-6): 630. 1924 [18 Sep 1924] ,FALSE,TRUE,NA,1.3,77101622-1,urn:lsid:ipni.org:names:77101622-1,wfo-0000744727,FALSE,TRUE,TRUE,FALSE,FALSE,http://www.biodiversitylibrary.org/openurl?ctx_ver=Z39.88-2004&rft.date=1924&rft.spage=630&rft.volume=71&rft_id=http://www.biodiversitylibrary.org/bibliography/359&rft_val_fmt=info:ofi/fmt:kev:mtx:book&url_ver=z39.88-2004,NA,NA,NA,NA,Rio de J.,NA,NA,,NA,NA,NA,NA,NA,NA,NA,NA
Sida_luetzelburgii,Ulbr.,Ulbr.,,spec.,/n/235727-2,Malvaceae,Sida,luetzelburgii,tax. nov.,NA,NA,Brazil (Southern America),FALSE,FALSE,TRUE,NA,,Notizbl. Bot. Gart. Berlin-Dahlem,1924,NA,9: 41,1019-2,citation,Notizbl. Bot. Gart. Berlin-Dahlem 9: 41. 1924 ,FALSE,TRUE,NA,1.2.2.1.1.1,235727-2,urn:lsid:ipni.org:names:235727-2,wfo-0000501907,FALSE,TRUE,TRUE,FALSE,FALSE,http://www.biodiversitylibrary.org/openurl?ctx_ver=Z39.88-2004&rft.date=1924&rft.spage=41&rft.volume=9&rft_id=http://www.biodiversitylibrary.org/bibliography/41365&rft_val_fmt=info:ofi/fmt:kev:mtx:book&url_ver=z39.88-2004,NA,NA,NA,NA,NA,NA,NA,,NA,NA,NA,NA,NA,NA,NA,NA
Sida_martiusiana,Gand.,Gand.,,spec.,/n/77101661-1,Malvaceae,Sida,martiusiana,tax. nov.,s.n.,Novaes,Brazil (Southern America),FALSE,FALSE,TRUE,NA,,Bull. Soc. Bot. France,1924,18 Sep 1924,71(5-6): 632,578-2,citation,Bull. Soc. Bot. France 71(5-6): 632. 1924 [18 Sep 1924] ,FALSE,TRUE,NA,1.3,77101661-1,urn:lsid:ipni.org:names:77101661-1,wfo-0000744737,FALSE,TRUE,TRUE,FALSE,FALSE,http://www.biodiversitylibrary.org/openurl?ctx_ver=Z39.88-2004&rft.date=1924&rft.spage=632&rft.volume=71&rft_id=http://www.biodiversitylibrary.org/bibliography/359&rft_val_fmt=info:ofi/fmt:kev:mtx:book&url_ver=z39.88-2004,NA,NA,NA,NA,S.Paulo,NA,NA,,NA,NA,NA,NA,NA,NA,NA,NA
Sida_megapotamica,A.Spreng.,A.Spreng.,,spec.,/n/323541-2,Malvaceae,Sida,megapotamica,tax. nov.,NA,NA,Brazil (Southern America),FALSE,FALSE,TRUE,NA,,Tent. Suppl.,1828,Sep 1828,19,1479-2,citation,Tent. Suppl. 19. 1828 [Sep 1828] ,FALSE,TRUE,NA,1.1.2.5.1.2,323541-2,urn:lsid:ipni.org:names:323541-2,wfo-0000501789,FALSE,TRUE,TRUE,FALSE,FALSE,NA,NA,NA,NA,NA,Ad fluv. magnum Brasil. (Rio grande). Sello. V.f.,NA,NA,,NA,NA,NA,NA,NA,NA,NA,NA
Sida_nordestinensis,S.S.Figueiredo & J.I.M.Melo,S.S.Figueiredo & J.I.M.Melo,,spec.,/n/77218496-1,Malvaceae,Sida,nordestinensis,tax. nov.,60,S.S. Figueiredo,"Paraíba (Brazil, Southern America)",FALSE,FALSE,TRUE,NA,,Harvard Pap. Bot.,2021,30 Jun 2021,"26(1): 105, figs. 1-3",10651-2,citation,"Harvard Pap. Bot. 26(1): 105, figs. 1-3. 2021 [30 Jun 2021] (epublished)",FALSE,TRUE,holotype HACAM;isotype JPB,1.1,77218496-1,urn:lsid:ipni.org:names:77218496-1,wfo-1000028984,TRUE,TRUE,TRUE,FALSE,FALSE,NA,NA,NA,(epublished),30 Apr 2019,NA,"Etymology: “the specific epithet refers to Northeastern Brazil, the region where this new taxon is recorded.” (english) doi:10.3100/hpib.v26iss1.2021.n5",NA,,NA,NA,NA,NA,NA,NA,"Isotype: JPB, to be distributed)",NA
Sida_paeoniiflora,Hook.,Hook.,,spec.,/n/323557-2,Malvaceae,Sida,paeoniiflora,tax. nov.,NA,NA,Brazil (Southern America),FALSE,FALSE,TRUE,NA,,Bot. Mag.,1845,1 Jul 1845,71: t. 4170,864-2,citation,Bot. Mag. 71: t. 4170. 1845 [1 Jul 1845] ,FALSE,TRUE,NA,1.2.2.1.1.1,323557-2,urn:lsid:ipni.org:names:323557-2,wfo-0001267471,FALSE,TRUE,TRUE,FALSE,FALSE,NA,NA,NA,NA,NA,NA,As S. paeoniaeflora,NA,,NA,NA,NA,NA,NA,NA,NA,NA
Sida_piauhyensis,Ulbr.,Ulbr.,,spec.,/n/235774-2,Malvaceae,Sida,piauhyensis,tax. nov.,NA,NA,Brazil (Southern America),FALSE,FALSE,TRUE,NA,,Bot. Jahrb. Syst.,1908,29 Dec 1908,42(2-3): 226,553-2,citation,Bot. Jahrb. Syst. 42(2-3): 226. 1908 [29 Dec 1908] ,FALSE,TRUE,NA,1.2.2.1.1.2,235774-2,urn:lsid:ipni.org:names:235774-2,wfo-0001076987,FALSE,TRUE,TRUE,FALSE,FALSE,http://www.biodiversitylibrary.org/openurl?ctx_ver=Z39.88-2004&rft.date=1908&rft.spage=226&rft.volume=42&rft_id=http://www.biodiversitylibrary.org/bibliography/60&rft_val_fmt=info:ofi/fmt:kev:mtx:book&url_ver=z39.88-2004,NA,NA,NA,NA,NA,NA,NA,,NA,NA,NA,NA,NA,NA,NA,NA
Sida_pseudopotentilloides,Monteiro,Monteiro,,spec.,/n/235786-2,Malvaceae,Sida,pseudopotentilloides,tax. nov.,NA,NA,"Mato Grosso (Brazil, Southern America)",FALSE,FALSE,TRUE,NA,,Lilloa,1949,NA,"17: 516, fig. 3",1250-2,citation,"Lilloa 17: 516, fig. 3. 1949 ",FALSE,TRUE,NA,1.2.2.1.1.2,235786-2,urn:lsid:ipni.org:names:235786-2,wfo-0000505317,FALSE,TRUE,TRUE,FALSE,FALSE,NA,NA,NA,NA,NA,NA,NA,NA,,NA,NA,NA,NA,NA,NA,NA,NA
Sida_selloi,Gand.,Gand.,,spec.,/n/77101685-1,Malvaceae,Sida,selloi,tax. nov.,s.n.,Sello,Brazil (Southern America),FALSE,FALSE,TRUE,NA,,Bull. Soc. Bot. France,1924,18 Sep 1924,71(5-6): 633,578-2,citation,Bull. Soc. Bot. France 71(5-6): 633. 1924 [18 Sep 1924] ,FALSE,TRUE,NA,1.3,77101685-1,urn:lsid:ipni.org:names:77101685-1,wfo-0000744772,FALSE,TRUE,TRUE,FALSE,FALSE,http://www.biodiversitylibrary.org/openurl?ctx_ver=Z39.88-2004&rft.date=1924&rft.spage=633&rft.volume=71&rft_id=http://www.biodiversitylibrary.org/bibliography/359&rft_val_fmt=info:ofi/fmt:kev:mtx:book&url_ver=z39.88-2004,NA,NA,NA,NA,Brasilia,NA,NA,,NA,NA,NA,NA,NA,NA,NA,NA
Sida_sellowiana,Klotzsch,Klotzsch,,spec.,/n/235833-2,Malvaceae,Sida,sellowiana,tax. nov.,NA,NA,Brazil (Southern America),FALSE,FALSE,TRUE,NA,,Allg. Gartenzeitung (Otto & Dietrich),1836,NA,4: 9,1411-2,citation,Allg. Gartenzeitung (Otto & Dietrich) 4: 9. 1836 ,FALSE,TRUE,NA,1.3.2.2.1.2,235833-2,urn:lsid:ipni.org:names:235833-2,wfo-0001267477,FALSE,TRUE,TRUE,FALSE,FALSE,http://www.biodiversitylibrary.org/openurl?ctx_ver=Z39.88-2004&rft.date=1836&rft.spage=9&rft.volume=4&rft_id=http://www.biodiversitylibrary.org/bibliography/14651&rft_val_fmt=info:ofi/fmt:kev:mtx:book&url_ver=z39.88-2004,NA,NA,NA,NA,NA,NA,NA,,NA,NA,NA,NA,NA,NA,NA,NA
Sida_speciosa,Willd. ex Spreng.,Willd. ex Spreng.,,spec.,/n/323598-2,Malvaceae,Sida,speciosa,tax. nov.,NA,NA,Brazil (Southern America),FALSE,FALSE,TRUE,NA,,"Syst. Veg., ed. 16 [Sprengel]",1826,Jan-Mar 1826,3: 119,14620-2,citation,"Syst. Veg., ed. 16 [Sprengel] 3: 119. 1826 [Jan-Mar 1826] ",FALSE,TRUE,NA,1.1.2.1.1.2.2.1.1.1,323598-2,urn:lsid:ipni.org:names:323598-2,wfo-0001267478,FALSE,TRUE,TRUE,FALSE,FALSE,http://www.biodiversitylibrary.org/openurl?ctx_ver=Z39.88-2004&rft.date=1826&rft.spage=119&rft.volume=3&rft_id=http://www.biodiversitylibrary.org/bibliography/822&rft_val_fmt=info:ofi/fmt:kev:mtx:book&url_ver=z39.88-2004,NA,NA,NA,NA,NA,NA,NA,,NA,NA,NA,NA,NA,NA,NA,NA
Sida_stolonifera,Salzm. ex Turcz.,Salzm. ex Turcz.,,spec.,/n/313680-2,Malvaceae,Sida,stolonifera,tax. nov.,NA,NA,"Bahia (Brazil, Southern America)",FALSE,FALSE,TRUE,NA,,Bull. Soc. Imp. Naturalistes Moscou,1858,NA,31: 199,880-2,citation,Bull. Soc. Imp. Naturalistes Moscou 31: 199. 1858 ,FALSE,TRUE,NA,1.3.2.1.1.2,313680-2,urn:lsid:ipni.org:names:313680-2,wfo-0000505289,FALSE,TRUE,TRUE,FALSE,FALSE,http://www.biodiversitylibrary.org/openurl?ctx_ver=Z39.88-2004&rft.date=1858&rft.spage=199&rft.volume=31&rft_id=http://www.biodiversitylibrary.org/bibliography/4951&rft_val_fmt=info:ofi/fmt:kev:mtx:book&url_ver=z39.88-2004,NA,NA,NA,NA,NA,"[Gandhi; Fuertes, Fl. Colombia (1983+) 17: 27. 1995]",NA,,NA,NA,NA,NA,NA,NA,NA,NA
Sida_urosepala,R.E.Fr.,R.E.Fr.,,spec.,/n/235872-2,Malvaceae,Sida,urosepala,tax. nov.,NA,NA,"Sao Paulo (Brazil, Southern America)",FALSE,FALSE,TRUE,NA,,Kungl. Svenska Vetenskapsakad. Handl.,1947,NA,"24(2): 13, t. 1, f. 7, 8 & t. 4, f. 1",20010248-1,citation,"Kungl. Svenska Vetenskapsakad. Handl. 24(2): 13, t. 1, f. 7, 8 & t. 4, f. 1. 1947 ",FALSE,TRUE,NA,1.1.2.2.1.3,235872-2,urn:lsid:ipni.org:names:235872-2,NA,FALSE,TRUE,TRUE,FALSE,FALSE,http://www.biodiversitylibrary.org/openurl?ctx_ver=Z39.88-2004&rft.date=1947&rft.issue=2&rft.spage=13&rft.volume=24&rft_id=http://www.biodiversitylibrary.org/bibliography/50688&rft_val_fmt=info:ofi/fmt:kev:mtx:book&url_ver=z39.88-2004,NA,NA,NA,NA,NA,NA,NA,,NA,NA,NA,NA,NA,NA,NA,NA
Sida_urticifolia,A.St.-Hil.,A.St.-Hil.,,spec.,/n/296021-2,Malvaceae,Sida,urticifolia,tax. nov.,NA,NA,Brazil (Southern America),FALSE,FALSE,TRUE,NA,,Fl. Bras. Merid. (A. St.-Hil.).,1829,NA,1: 189,8262-2,citation,Fl. Bras. Merid. (A. St.-Hil.). 1: 189. 1829 ,FALSE,TRUE,NA,1.2.2.1.1.2,296021-2,urn:lsid:ipni.org:names:296021-2,wfo-0001077006,FALSE,TRUE,TRUE,FALSE,FALSE,http://www.biodiversitylibrary.org/openurl?ctx_ver=Z39.88-2004&rft.date=1829&rft.spage=189&rft.volume=1&rft_id=http://www.biodiversitylibrary.org/bibliography/45474&rft_val_fmt=info:ofi/fmt:kev:mtx:book&url_ver=z39.88-2004,NA,NA,NA,NA,NA,NA,NA,,NA,NA,NA,NA,NA,NA,NA,NA
Sida_viscidula,Klotzsch,Klotzsch,,spec.,/n/564366-1,Malvaceae,Sida,viscidula,tax. nov.,10,[Luschnath],"Bahia (Brazil Northeast, Brazil, Southern America)",FALSE,FALSE,TRUE,104148,,Linnaea,1840,Oct-early Nov 1840,14(3): 301,703-2,citation,Linnaea 14(3): 301. 1840 [Oct-early Nov 1840] ,FALSE,TRUE,lectotype BR;isolectotype P,1.10,564366-1,urn:lsid:ipni.org:names:564366-1,wfo-0001040382,TRUE,TRUE,TRUE,FALSE,FALSE,http://www.biodiversitylibrary.org/openurl?ctx_ver=Z39.88-2004&rft_id=http://www.biodiversitylibrary.org/page/104148&rft_val_fmt=info:ofi/fmt:kev:mtx:book&url_ver=z39.88-2004,NA,NA,NA,Jul 1835,"Campos, Crus de Casma",NA,NA,,NA,NA,nom. illeg. later homonym,Bonplandia (Corrientes) 15(1-2): 24. 2006 [Aug 2006] ,Krapov.,nom. illeg.,Martii Herbar Florae Brasil n. 1001,NA
Urena_pedersenii,Krapov.,Krapov.,,spec.,/n/77147474-1,Malvaceae,Urena,pedersenii,tax. nov.,8773,"J.Paula-Souza, M.S.Ferrucci &amp; J.G.Rando","Goiás (Brazil West-Central, Brazil, Southern America)",FALSE,FALSE,TRUE,NA,,Bonplandia (Corrientes),2012,Dec 2012,21(2): 193,13502-2,citation,Bonplandia (Corrientes) 21(2): 193. 2012 [Dec 2012] ,FALSE,TRUE,holotype SPF;isotype CTES,1.2,77147474-1,urn:lsid:ipni.org:names:77147474-1,wfo-0001342605,FALSE,TRUE,TRUE,FALSE,FALSE,NA,NA,NA,NA,3 Oct 2007,"Mun. Cristalina. Estrada para Unaí, ca. 600 m da BR 040, 1230 m",Named for Dr. Troels Myndel Pedersen.,NA,,NA,NA,NA,NA,NA,NA,NA,NA
