name,authors,publishingAuthor,authorTeam,rank,url,family,genus,species,citationType,distribution,hybrid,hybridGenus,inPowo,linkedPublication,publication,publicationYear,publicationYearNote,referenceCollation,publicationId,recordType,reference,suppressed,topCopy,version,id,fqId,wfoId,hasNomenclaturalNotes,hasExternalLinks,hasTypeData,hasOriginalData,hasLinks,bhlLink,infraspecies,pageAsText,collectionNumber,collectorTeam,typeLocations,speciesAuthor,remarks,collectionDate1,locality,referenceRemarks,collectionDate2,typeCoordinates,typeRemarks,nameStatus,nameStatusType,originalBasionymAuthorTeam,originalTaxonDistribution,bibliographicReference,typeChosenBy,originalRemarks
Acisanthera_saxatilis,Almeda & R.B.Pacifico,Almeda & R.B.Pacifico,,spec.,/n/77299428-1,Melastomataceae,Acisanthera,saxatilis,tax. nov.,"Mato Grosso (Brazil, Southern America)",FALSE,FALSE,TRUE,,Acta Bot. Brasil.,2022,2 May 2022,"36-e2021abb0281: 2, figs. 1-5",1225-2,citation,"Acta Bot. Brasil. 36-e2021abb0281: 2, figs. 1-5. 2022 [2 May 2022] [epublished]",FALSE,TRUE,1.3,77299428-1,urn:lsid:ipni.org:names:77299428-1,wfo-1000029451,TRUE,TRUE,TRUE,FALSE,FALSE,NA,NA,NA,416,R. B. Pacifico,holotype HUEM;isotype CAS;isotype CEPEC;isotype K;isotype RB,NA,"Etymology: 'The specific epithet, saxatilis, which means living among rocks, highlights the habitat preference of this species on exposed rocky outcrops of the Chapada dos Guimarães' doi:10.1590/0102-33062021abb0281",5 Jul 2018,"'Chapada dos Guimarães, Parque Nacional da Chapada dos Guimarães, Trilha para o Morro São Jerônimo, (-15.4405, -55.83825), elev. 704 m'",[epublished],NA,,NA,NA,NA,NA,NA,NA,NA,NA
Adelobotrys_acreanus,Wurdack,Wurdack,,spec.,/n/4218-2,Melastomataceae,Adelobotrys,acreanus,tax. nov.,"Acre (Brazil, Southern America)",FALSE,FALSE,TRUE,,Phytologia,1972,NA,24: 195,1034-2,citation,Phytologia 24: 195. 1972 ,FALSE,TRUE,1.4,4218-2,urn:lsid:ipni.org:names:4218-2,wfo-0001082109,FALSE,TRUE,TRUE,FALSE,FALSE,http://www.biodiversitylibrary.org/openurl?ctx_ver=Z39.88-2004&rft.date=1972&rft.spage=195&rft.volume=24&rft_id=http://www.biodiversitylibrary.org/bibliography/12678&rft_val_fmt=info:ofi/fmt:kev:mtx:book&url_ver=z39.88-2004,NA,NA,12564," P.J.M.Maas, J.F.Lima, K.Kubitzki, W.C.Steward,G.T.Prance, J.F.Ramos, W.S.Pinheiro",holotype US,NA,NA,NA,NA,NA,NA,,NA,NA,NA,NA,NA,NA,NA,NA
Adelobotrys_atlanticus,Schulman,Schulman,,spec.,/n/77095638-1,Melastomataceae,Adelobotrys,atlanticus,tax. nov.,"Bahia (Brazil Northeast, Brazil, Southern America)",FALSE,FALSE,TRUE,,Kew Bull.,2009,2008 publ. 10 Feb 2009,63(3): 457 (-461; fig. 1),987-2,citation,"Kew Bull. 63(3): 457 (-461; fig. 1). 2009 [2008 publ. 10 Feb 2009] , as 'atlantica'",FALSE,TRUE,1.4,77095638-1,urn:lsid:ipni.org:names:77095638-1,wfo-0000162412,TRUE,TRUE,TRUE,FALSE,FALSE,NA,NA,NA,20032,R.L.Fróes,holotype NY,NA,NA,Mar 1943,Entre Bom Gosto e Olivença,as 'atlantica',NA,,NA,NA,NA,NA,NA,NA,NA,NA
Adelobotrys_marginatus,Brade,Brade,,spec.,/n/4232-2,Melastomataceae,Adelobotrys,marginatus,tax. nov.,"Amazonas (Brazil, Southern America)",FALSE,FALSE,TRUE,,Publ. Inst. Nac. Pesq. Amazonia Bot.,1958,NA,"no. 8: 14, tab. 5",14457-2,citation,"Publ. Inst. Nac. Pesq. Amazonia Bot. no. 8: 14, tab. 5. 1958 ",FALSE,TRUE,1.4,4232-2,urn:lsid:ipni.org:names:4232-2,wfo-0001082003,FALSE,TRUE,TRUE,FALSE,FALSE,NA,NA,NA,NA,NA,NA,NA,NA,NA,NA,NA,NA,,NA,NA,NA,NA,NA,NA,NA,NA
Adelobotrys_rachidotrichus,Brade,Brade,,spec.,/n/4239-2,Melastomataceae,Adelobotrys,rachidotrichus,tax. nov.,"Amazonas (Brazil, Southern America)",FALSE,FALSE,TRUE,,Publ. Inst. Nac. Pesq. Amazonia Bot.,1958,NA,no. 8: 12,14457-2,citation,Publ. Inst. Nac. Pesq. Amazonia Bot. no. 8: 12. 1958 (as rachidotricha),FALSE,TRUE,1.3.2.1,4239-2,urn:lsid:ipni.org:names:4239-2,wfo-0001279871,TRUE,TRUE,TRUE,FALSE,FALSE,NA,NA,NA,NA,NA,NA,NA,NA,NA,NA,(as rachidotricha),NA,,NA,NA,NA,NA,NA,NA,NA,NA
Adelobotrys_spruceanus,Cogn.,Cogn.,,spec.,/n/4241-2,Melastomataceae,Adelobotrys,spruceanus,tax. nov.,Brazil (Southern America),FALSE,FALSE,TRUE,,Fl. Bras. (Martius),1886,1 Dec 1886,"14(4): 18, t. 5, fig. 1",629-2,citation,"Fl. Bras. (Martius) 14(4): 18, t. 5, fig. 1. 1886 [1 Dec 1886] ",FALSE,TRUE,1.7,4241-2,urn:lsid:ipni.org:names:4241-2,wfo-0001082137,FALSE,TRUE,TRUE,FALSE,FALSE,http://www.biodiversitylibrary.org/openurl?ctx_ver=Z39.88-2004&rft_id=http://www.biodiversitylibrary.org/page/146951&rft_val_fmt=info:ofi/fmt:kev:mtx:book&url_ver=z39.88-2004,NA,146951,NA,NA,NA,NA,NA,NA,NA,NA,NA,,NA,NA,NA,NA,NA,NA,NA,NA
Arthrostemma_herbaceum,DC.,DC.,,spec.,/n/328968-2,Melastomataceae,Arthrostemma,herbaceum,tax. nov.,Brazil (Southern America),FALSE,FALSE,TRUE,,Prodr. [A. P. de Candolle],1828,mid Mar 1828,3: 137,1051-2,citation,Prodr. [A. P. de Candolle] 3: 137. 1828 [mid Mar 1828] ,FALSE,TRUE,1.4,328968-2,urn:lsid:ipni.org:names:328968-2,wfo-0001267664,FALSE,TRUE,TRUE,FALSE,FALSE,http://www.biodiversitylibrary.org/openurl?ctx_ver=Z39.88-2004&rft_id=http://www.biodiversitylibrary.org/page/152939&rft_val_fmt=info:ofi/fmt:kev:mtx:book&url_ver=z39.88-2004,NA,152939,s.n.,C.F.P.Martius,null M,NA,NA,NA,NA,NA,NA,,NA,NA,NA,NA,NA,NA,NA,NA
Arthrostemma_martiusianum,DC.,DC.,,spec.,/n/60465991-2,Melastomataceae,Arthrostemma,martiusianum,tax. nov.,Brazil (Southern America),FALSE,FALSE,TRUE,,Prodr. [A. P. de Candolle],1828,mid Mar 1828,3: 137,1051-2,citation,Prodr. [A. P. de Candolle] 3: 137. 1828 [mid Mar 1828] ,FALSE,TRUE,1.1,60465991-2,urn:lsid:ipni.org:names:60465991-2,wfo-1000041878,FALSE,TRUE,TRUE,FALSE,FALSE,http://www.biodiversitylibrary.org/openurl?ctx_ver=Z39.88-2004&rft.date=1828&rft.spage=137&rft.volume=3&rft_id=http://www.biodiversitylibrary.org/bibliography/286&rft_val_fmt=info:ofi/fmt:kev:mtx:book&url_ver=z39.88-2004,NA,NA,NA,NA,NA,NA,NA,NA,NA,NA,NA,,NA,NA,NA,NA,NA,NA,NA,NA
Arthrostemma_nitidum,Graham,Graham,,spec.,/n/328969-2,Melastomataceae,Arthrostemma,nitidum,tax. nov.,"Rio Grande do Sul (Brazil, Southern America)",FALSE,FALSE,TRUE,,Edinburgh New Philos. J.,1831,NA,13: 186,1435-2,citation,Edinburgh New Philos. J. 13: 186. 1831 ,FALSE,TRUE,1.2,328969-2,urn:lsid:ipni.org:names:328969-2,wfo-0001235300,FALSE,TRUE,TRUE,FALSE,FALSE,http://www.biodiversitylibrary.org/openurl?ctx_ver=Z39.88-2004&rft.date=1831&rft.spage=186&rft.volume=13&rft_id=http://www.biodiversitylibrary.org/bibliography/33987&rft_val_fmt=info:ofi/fmt:kev:mtx:book&url_ver=z39.88-2004,NA,NA,991,F.Sellow,null B,NA,NA,NA,NA,NA,NA,,NA,NA,NA,NA,NA,NA,NA,NA
Axinaea_mertensioides,Wurdack,Wurdack,,spec.,/n/27251-2,Melastomataceae,Axinaea,mertensioides,tax. nov.,"Amazonas (Brazil, Southern America)",FALSE,FALSE,TRUE,,Phytologia,1964,NA,9: 409,1034-2,citation,Phytologia 9: 409. 1964 ,FALSE,TRUE,1.3,27251-2,urn:lsid:ipni.org:names:27251-2,wfo-0001082035,FALSE,TRUE,TRUE,FALSE,FALSE,http://www.biodiversitylibrary.org/openurl?ctx_ver=Z39.88-2004&rft.date=1964&rft.spage=409&rft.volume=9&rft_id=http://www.biodiversitylibrary.org/bibliography/12678&rft_val_fmt=info:ofi/fmt:kev:mtx:book&url_ver=z39.88-2004,NA,NA,NA,NA,NA,NA,NA,NA,NA,NA,NA,,NA,NA,NA,NA,NA,NA,NA,NA
Behuria_souza-limae,Brade,Brade,,spec.,/n/31035-2,Melastomataceae,Behuria,souza-limae,tax. nov.,"Sao Paulo (Brazil, Southern America)",FALSE,FALSE,TRUE,,Rodriguésia,1945,NA,"9: [3], tab. 1, 2",1167-2,citation,"Rodriguésia 9: [3], tab. 1, 2. 1945 ",FALSE,TRUE,1.3,31035-2,urn:lsid:ipni.org:names:31035-2,wfo-0001279882,FALSE,TRUE,TRUE,FALSE,FALSE,NA,NA,NA,NA,NA,NA,NA,NA,NA,NA,NA,NA,,NA,NA,NA,NA,NA,NA,NA,NA
Brachyotum_angustifolium,Wurdack,Wurdack,,spec.,/n/35916-2,Melastomataceae,Brachyotum,angustifolium,tax. nov.,"Amazonas (Brazil, Southern America)",FALSE,FALSE,TRUE,,Mem. New York Bot. Gard.,1953,NA,8: 401,719-2,citation,Mem. New York Bot. Gard. 8: 401. 1953 ,FALSE,TRUE,1.3,35916-2,urn:lsid:ipni.org:names:35916-2,wfo-0001082007,FALSE,TRUE,TRUE,FALSE,FALSE,http://www.biodiversitylibrary.org/openurl?ctx_ver=Z39.88-2004&rft.date=1953&rft.spage=401&rft.volume=8&rft_id=http://www.biodiversitylibrary.org/bibliography/50489&rft_val_fmt=info:ofi/fmt:kev:mtx:book&url_ver=z39.88-2004,NA,NA,NA,NA,NA,NA,NA,NA,NA,NA,NA,,NA,NA,NA,NA,NA,NA,NA,NA
Brachyotum_intermedium,Wurdack,Wurdack,,spec.,/n/35934-2,Melastomataceae,Brachyotum,intermedium,tax. nov.,"Amazonas (Brazil, Southern America)",FALSE,FALSE,TRUE,,Mem. New York Bot. Gard.,1953,NA,8: 367,719-2,citation,Mem. New York Bot. Gard. 8: 367. 1953 ,FALSE,TRUE,1.3,35934-2,urn:lsid:ipni.org:names:35934-2,wfo-0001082018,FALSE,TRUE,TRUE,FALSE,FALSE,http://www.biodiversitylibrary.org/openurl?ctx_ver=Z39.88-2004&rft.date=1953&rft.spage=367&rft.volume=8&rft_id=http://www.biodiversitylibrary.org/bibliography/50489&rft_val_fmt=info:ofi/fmt:kev:mtx:book&url_ver=z39.88-2004,NA,NA,NA,NA,NA,NA,NA,NA,NA,NA,NA,,NA,NA,NA,NA,NA,NA,NA,NA
Brachyotum_multinervium,Wurdack,Wurdack,,spec.,/n/35942-2,Melastomataceae,Brachyotum,multinervium,tax. nov.,"Amazonas (Brazil, Southern America)",FALSE,FALSE,TRUE,,Phytologia,1965,NA,11: 379,1034-2,citation,Phytologia 11: 379. 1965 ,FALSE,TRUE,1.3,35942-2,urn:lsid:ipni.org:names:35942-2,wfo-0001078721,FALSE,TRUE,TRUE,FALSE,FALSE,http://www.biodiversitylibrary.org/openurl?ctx_ver=Z39.88-2004&rft.date=1965&rft.spage=379&rft.volume=11&rft_id=http://www.biodiversitylibrary.org/bibliography/12678&rft_val_fmt=info:ofi/fmt:kev:mtx:book&url_ver=z39.88-2004,NA,NA,NA,NA,NA,NA,NA,NA,NA,NA,NA,,NA,NA,NA,NA,NA,NA,NA,NA
Brachyotum_multituberculatum,Wurdack,Wurdack,,spec.,/n/35943-2,Melastomataceae,Brachyotum,multituberculatum,tax. nov.,"Amazonas (Brazil, Southern America)",FALSE,FALSE,TRUE,,Mem. New York Bot. Gard.,1953,NA,8: 394,719-2,citation,Mem. New York Bot. Gard. 8: 394. 1953 ,FALSE,TRUE,1.3,35943-2,urn:lsid:ipni.org:names:35943-2,wfo-0001082010,FALSE,TRUE,TRUE,FALSE,FALSE,http://www.biodiversitylibrary.org/openurl?ctx_ver=Z39.88-2004&rft.date=1953&rft.spage=394&rft.volume=8&rft_id=http://www.biodiversitylibrary.org/bibliography/50489&rft_val_fmt=info:ofi/fmt:kev:mtx:book&url_ver=z39.88-2004,NA,NA,NA,NA,NA,NA,NA,NA,NA,NA,NA,,NA,NA,NA,NA,NA,NA,NA,NA
Calophysa_tococoidea,DC.,DC.,,spec.,/n/42769-2,Melastomataceae,Calophysa,tococoidea,tax. nov.,Brazil (Southern America),FALSE,FALSE,TRUE,,Prodr. [A. P. de Candolle],1828,mid-Mar 1828,3: 166,1051-2,citation,Prodr. [A. P. de Candolle] 3: 166. 1828 [mid-Mar 1828] ,FALSE,TRUE,1.2.2.1.1.1,42769-2,urn:lsid:ipni.org:names:42769-2,wfo-0001080970,FALSE,TRUE,TRUE,FALSE,FALSE,http://www.biodiversitylibrary.org/openurl?ctx_ver=Z39.88-2004&rft.date=1828&rft.spage=166&rft.volume=3&rft_id=http://www.biodiversitylibrary.org/bibliography/286&rft_val_fmt=info:ofi/fmt:kev:mtx:book&url_ver=z39.88-2004,NA,NA,NA,NA,NA,NA,NA,NA,NA,NA,NA,,NA,NA,NA,NA,NA,NA,NA,NA
Chaetostoma_aureum,Glaz.,Glaz.,,spec.,/n/54244-2,Melastomataceae,Chaetostoma,aureum,tax. nov.,Brazil (Southern America),FALSE,FALSE,TRUE,,Bull. Soc. Bot. France,1908,NA,54(Mém. 3c): 242,578-2,citation,Bull. Soc. Bot. France 54(Mém. 3c): 242. 1908 ,FALSE,TRUE,1.4,54244-2,urn:lsid:ipni.org:names:54244-2,wfo-0000158631,FALSE,TRUE,TRUE,FALSE,FALSE,NA,NA,NA,NA,NA,NA,NA,NA,NA,NA,NA,NA,,NA,NA,NA,NA,NA,NA,NA,NA
Chaetostoma_debile,Glaz.,Glaz.,,spec.,/n/54245-2,Melastomataceae,Chaetostoma,debile,tax. nov.,Brazil (Southern America),FALSE,FALSE,TRUE,,Bull. Soc. Bot. France,1908,NA,54(Mém. 3c): 242,578-2,citation,Bull. Soc. Bot. France 54(Mém. 3c): 242. 1908 ,FALSE,TRUE,1.4,54245-2,urn:lsid:ipni.org:names:54245-2,wfo-0000158632,FALSE,TRUE,TRUE,FALSE,FALSE,NA,NA,NA,NA,NA,NA,NA,NA,NA,NA,NA,NA,,NA,NA,NA,NA,NA,NA,NA,NA
Chaetostoma_gracile,Glaz.,Glaz.,,spec.,/n/54248-2,Melastomataceae,Chaetostoma,gracile,tax. nov.,Brazil (Southern America),FALSE,FALSE,TRUE,,Bull. Soc. Bot. France,1908,NA,54(Mém. 3c): 242,578-2,citation,Bull. Soc. Bot. France 54(Mém. 3c): 242. 1908 ,FALSE,TRUE,1.4,54248-2,urn:lsid:ipni.org:names:54248-2,wfo-0000158633,FALSE,TRUE,TRUE,FALSE,FALSE,NA,NA,NA,NA,NA,NA,NA,NA,NA,NA,NA,NA,,NA,NA,NA,NA,NA,NA,NA,NA
Chaetostoma_scoparia,Cogn.,Cogn.,,spec.,/n/54260-2,Melastomataceae,Chaetostoma,scoparia,tax. nov.,Brazil (Southern America),FALSE,FALSE,TRUE,,Bot. Jahrb. Syst.,1895,1895,21(4): 447,553-2,citation,Bot. Jahrb. Syst. 21(4): 447. 1895 [1895] ;  a preprint,FALSE,TRUE,1.7,54260-2,urn:lsid:ipni.org:names:54260-2,wfo-0001079107,TRUE,TRUE,TRUE,FALSE,FALSE,http://www.biodiversitylibrary.org/openurl?ctx_ver=Z39.88-2004&rft_id=http://www.biodiversitylibrary.org/page/206023&rft_val_fmt=info:ofi/fmt:kev:mtx:book&url_ver=z39.88-2004,NA,206023,NA,NA,NA,NA,NA,NA,NA,a preprint,NA,,NA,NA,NA,NA,NA,NA,NA,NA
Clidemia_amygdaloides,DC.,DC.,,spec.,/n/326245-2,Melastomataceae,Clidemia,amygdaloides,tax. nov.,Brazil (Southern America),FALSE,FALSE,TRUE,,Prodr. [A. P. de Candolle],1828,mid Mar 1828,3: 156,1051-2,citation,Prodr. [A. P. de Candolle] 3: 156. 1828 [mid Mar 1828] ,FALSE,TRUE,1.5,326245-2,urn:lsid:ipni.org:names:326245-2,wfo-0001276871,FALSE,TRUE,TRUE,FALSE,FALSE,http://www.biodiversitylibrary.org/openurl?ctx_ver=Z39.88-2004&rft_id=http://www.biodiversitylibrary.org/page/152958&rft_val_fmt=info:ofi/fmt:kev:mtx:book&url_ver=z39.88-2004,NA,152958,NA,NA,NA,NA,NA,NA,NA,NA,NA,,NA,NA,NA,NA,NA,NA,NA,NA
Clidemia_aurea,Cham.,Cham.,,spec.,/n/60846-2,Melastomataceae,Clidemia,aurea,tax. nov.,Brazil (Southern America),FALSE,FALSE,TRUE,,Linnaea,1835,13-19 Sep 1835,10(Heft 1): 47 (-48),703-2,citation,Linnaea 10(Heft 1): 47 (-48). 1835 [13-19 Sep 1835] ,FALSE,TRUE,1.2.2.1.1.2,60846-2,urn:lsid:ipni.org:names:60846-2,wfo-0001259192,FALSE,TRUE,TRUE,FALSE,FALSE,NA,NA,NA,NA,NA,NA,NA,NA,NA,NA,NA,NA,,NA,NA,NA,NA,NA,NA,NA,NA
Clidemia_brachystachya,DC.,DC.,,spec.,/n/274759-2,Melastomataceae,Clidemia,brachystachya,tax. nov.,Brazil (Southern America),FALSE,FALSE,TRUE,,Prodr. [A. P. de Candolle],1828,mid Mar 1828,3: 156,1051-2,citation,Prodr. [A. P. de Candolle] 3: 156. 1828 [mid Mar 1828] ,FALSE,TRUE,1.5,274759-2,urn:lsid:ipni.org:names:274759-2,wfo-0001250958,FALSE,TRUE,TRUE,FALSE,FALSE,http://www.biodiversitylibrary.org/openurl?ctx_ver=Z39.88-2004&rft_id=http://www.biodiversitylibrary.org/page/152958&rft_val_fmt=info:ofi/fmt:kev:mtx:book&url_ver=z39.88-2004,NA,152958,NA,NA,NA,NA,R. Goldenberg & R. M. Baldini (Taxon 51(4): 742. 2002) treated this species as a nom. syn. of C. amygdaloides DC. (1828),NA,NA,NA,NA,,NA,NA,NA,NA,NA,NA,NA,NA
Clidemia_confertiflora,DC.,DC.,,spec.,/n/274760-2,Melastomataceae,Clidemia,confertiflora,tax. nov.,Brazil (Southern America),FALSE,FALSE,TRUE,,Prodr. [A. P. de Candolle],1828,mid Mar 1828,3: 156,1051-2,citation,Prodr. [A. P. de Candolle] 3: 156. 1828 [mid Mar 1828] ,FALSE,TRUE,1.5,274760-2,urn:lsid:ipni.org:names:274760-2,wfo-0001250960,FALSE,TRUE,TRUE,FALSE,FALSE,http://www.biodiversitylibrary.org/openurl?ctx_ver=Z39.88-2004&rft_id=http://www.biodiversitylibrary.org/page/152958&rft_val_fmt=info:ofi/fmt:kev:mtx:book&url_ver=z39.88-2004,NA,152958,NA,NA,NA,NA,NA,NA,NA,NA,NA,,NA,NA,NA,NA,NA,NA,NA,NA
Clidemia_manoacensis,Kraenzl.,Kraenzl.,,spec.,/n/60996-2,Melastomataceae,Clidemia,manoacensis,tax. nov.,Brazil (Southern America),FALSE,FALSE,TRUE,,Vierteljahrsschr. Naturf. Ges. Zürich,1931,NA,76: 157,1090-2,citation,Vierteljahrsschr. Naturf. Ges. Zürich 76: 157. 1931 ,FALSE,TRUE,1.3,60996-2,urn:lsid:ipni.org:names:60996-2,wfo-0001224444,FALSE,TRUE,TRUE,FALSE,FALSE,http://www.biodiversitylibrary.org/openurl?ctx_ver=Z39.88-2004&rft.date=1931&rft.spage=157&rft.volume=76&rft_id=http://www.biodiversitylibrary.org/bibliography/8297&rft_val_fmt=info:ofi/fmt:kev:mtx:book&url_ver=z39.88-2004,NA,NA,NA,NA,NA,NA,NA,NA,NA,NA,NA,,NA,NA,NA,NA,NA,NA,NA,NA
Clidemia_martii,Naudin,Naudin,,spec.,/n/323238-2,Melastomataceae,Clidemia,martii,tax. nov.,Brazil (Southern America),FALSE,FALSE,TRUE,,"Ann. Sci. Nat., Bot.",1852,NA,"sér. 3, 17: 375",525-2,citation,"Ann. Sci. Nat., Bot. sér. 3, 17: 375. 1852 ",FALSE,TRUE,1.4,323238-2,urn:lsid:ipni.org:names:323238-2,wfo-0001277978,FALSE,TRUE,TRUE,FALSE,FALSE,NA,NA,NA,NA,NA,NA,NA,NA,NA,NA,NA,NA,,NA,NA,NA,NA,NA,NA,NA,NA
Clidemia_reversa,DC.,DC.,,spec.,/n/61073-2,Melastomataceae,Clidemia,reversa,tax. nov.,Brazil (Southern America),FALSE,FALSE,TRUE,,Prodr. [A. P. de Candolle],1828,mid Mar 1828,3: 161,1051-2,citation,Prodr. [A. P. de Candolle] 3: 161. 1828 [mid Mar 1828] ,FALSE,TRUE,1.6,61073-2,urn:lsid:ipni.org:names:61073-2,wfo-0001080754,FALSE,TRUE,TRUE,FALSE,FALSE,http://www.biodiversitylibrary.org/openurl?ctx_ver=Z39.88-2004&rft_id=http://www.biodiversitylibrary.org/page/152963&rft_val_fmt=info:ofi/fmt:kev:mtx:book&url_ver=z39.88-2004,NA,152963,NA,NA,NA,NA,NA,NA,NA,NA,NA,,NA,NA,NA,NA,NA,NA,NA,NA
Clidemia_rhodopogon,DC.,DC.,,spec.,/n/61076-2,Melastomataceae,Clidemia,rhodopogon,tax. nov.,Brazil (Southern America),FALSE,FALSE,TRUE,,Prodr. [A. P. de Candolle],1828,mid Mar 1828,3: 163,1051-2,citation,Prodr. [A. P. de Candolle] 3: 163. 1828 [mid Mar 1828] ,FALSE,TRUE,1.5,61076-2,urn:lsid:ipni.org:names:61076-2,wfo-0001082113,FALSE,TRUE,TRUE,FALSE,FALSE,http://www.biodiversitylibrary.org/openurl?ctx_ver=Z39.88-2004&rft_id=http://www.biodiversitylibrary.org/page/152965&rft_val_fmt=info:ofi/fmt:kev:mtx:book&url_ver=z39.88-2004,NA,152965,NA,NA,NA,NA,NA,NA,NA,NA,NA,,NA,NA,NA,NA,NA,NA,NA,NA
Clidemia_saltuensis,Wurdack,Wurdack,,spec.,/n/61094-2,Melastomataceae,Clidemia,saltuensis,tax. nov.,"Distrito Federal (Brazil, Southern America)",FALSE,FALSE,TRUE,,Phytologia,1971,NA,21: 367,1034-2,citation,Phytologia 21: 367. 1971 ,FALSE,TRUE,1.3,61094-2,urn:lsid:ipni.org:names:61094-2,wfo-0001253995,FALSE,TRUE,TRUE,FALSE,FALSE,http://www.biodiversitylibrary.org/openurl?ctx_ver=Z39.88-2004&rft.date=1971&rft.spage=367&rft.volume=21&rft_id=http://www.biodiversitylibrary.org/bibliography/12678&rft_val_fmt=info:ofi/fmt:kev:mtx:book&url_ver=z39.88-2004,NA,NA,NA,NA,NA,NA,NA,NA,NA,NA,NA,,NA,NA,NA,NA,NA,NA,NA,NA
Cremanium_elaeodendrum,DC.,DC.,,spec.,/n/294497-2,Melastomataceae,Cremanium,elaeodendrum,tax. nov.,Brazil (Southern America),FALSE,FALSE,TRUE,,Prodr. [A. P. de Candolle],1828,mid-Mar 1828,3: 191,1051-2,citation,Prodr. [A. P. de Candolle] 3: 191. 1828 [mid-Mar 1828] ,FALSE,TRUE,1.2.2.1.1.2,294497-2,urn:lsid:ipni.org:names:294497-2,wfo-0000158522,FALSE,TRUE,TRUE,FALSE,FALSE,http://www.biodiversitylibrary.org/openurl?ctx_ver=Z39.88-2004&rft_id=http://www.biodiversitylibrary.org/page/152993&rft_val_fmt=info:ofi/fmt:kev:mtx:book&url_ver=z39.88-2004,NA,152993,NA,NA,NA,NA,NA,NA,NA,NA,NA,,NA,NA,NA,NA,NA,NA,NA,NA
Diolena_amazonica,Pilg.,Pilg.,,spec.,/n/80626-2,Melastomataceae,Diolena,amazonica,tax. nov.,Brazil (Southern America),FALSE,FALSE,TRUE,,Verh. Bot. Vereins Prov. Brandenburg,1905,NA,47: 168,823-2,citation,Verh. Bot. Vereins Prov. Brandenburg 47: 168. 1905 ,FALSE,TRUE,1.3,80626-2,urn:lsid:ipni.org:names:80626-2,wfo-0001079185,FALSE,TRUE,TRUE,FALSE,FALSE,http://www.biodiversitylibrary.org/openurl?ctx_ver=Z39.88-2004&rft.date=1905&rft.spage=168&rft.volume=47&rft_id=http://www.biodiversitylibrary.org/bibliography/49731&rft_val_fmt=info:ofi/fmt:kev:mtx:book&url_ver=z39.88-2004,NA,NA,NA,NA,NA,NA,NA,NA,NA,NA,NA,,NA,NA,NA,NA,NA,NA,NA,NA
Diolena_obliqua,Triana,Triana,,spec.,/n/80633-2,Melastomataceae,Diolena,obliqua,tax. nov.,Brazil (Southern America),FALSE,FALSE,TRUE,,Trans. Linn. Soc. London,1871,NA,28: 81,815-2,citation,Trans. Linn. Soc. London 28: 81. 1871 ,FALSE,TRUE,1.3,80633-2,urn:lsid:ipni.org:names:80633-2,wfo-0001081902,FALSE,TRUE,TRUE,FALSE,FALSE,http://www.biodiversitylibrary.org/openurl?ctx_ver=Z39.88-2004&rft.date=1871&rft.spage=81&rft.volume=28&rft_id=http://www.biodiversitylibrary.org/bibliography/683&rft_val_fmt=info:ofi/fmt:kev:mtx:book&url_ver=z39.88-2004,NA,NA,NA,NA,NA,NA,NA,NA,NA,NA,NA,,NA,NA,NA,NA,NA,NA,NA,NA
Diplochita_serrulata,DC.,DC.,,spec.,/n/81686-2,Melastomataceae,Diplochita,serrulata,tax. nov.,Brazil (Southern America),FALSE,FALSE,TRUE,,Prodr. [A. P. de Candolle],1828,mid Mar 1828,3: 177,1051-2,citation,Prodr. [A. P. de Candolle] 3: 177. 1828 [mid Mar 1828] ,FALSE,TRUE,1.5,81686-2,urn:lsid:ipni.org:names:81686-2,wfo-0001080896,FALSE,TRUE,TRUE,FALSE,FALSE,http://www.biodiversitylibrary.org/openurl?ctx_ver=Z39.88-2004&rft_id=http://www.biodiversitylibrary.org/page/152979&rft_val_fmt=info:ofi/fmt:kev:mtx:book&url_ver=z39.88-2004,NA,152979,NA,NA,NA,NA,NA,NA,NA,NA,NA,,NA,NA,NA,NA,NA,NA,NA,NA
Fritzschia_recubans,Glaz.,Glaz.,,spec.,/n/106083-2,Melastomataceae,Fritzschia,recubans,tax. nov.,Brazil (Southern America),FALSE,FALSE,TRUE,,Bull. Soc. Bot. France,1908,NA,54(Mém. 3c): 270,578-2,citation,Bull. Soc. Bot. France 54(Mém. 3c): 270. 1908 ,FALSE,TRUE,1.4,106083-2,urn:lsid:ipni.org:names:106083-2,wfo-0000158060,FALSE,TRUE,TRUE,FALSE,FALSE,NA,NA,NA,NA,NA,NA,NA,NA,NA,NA,NA,NA,,NA,NA,NA,NA,NA,NA,NA,NA
Graffenrieda_brevicalcarata,Markgr.,Markgr.,,spec.,/n/112929-2,Melastomataceae,Graffenrieda,brevicalcarata,tax. nov.,Brazil (Southern America),FALSE,FALSE,TRUE,,Notizbl. Bot. Gart. Berlin-Dahlem,1927,NA,10: 53,1019-2,citation,Notizbl. Bot. Gart. Berlin-Dahlem 10: 53. 1927 ,FALSE,TRUE,1.3,112929-2,urn:lsid:ipni.org:names:112929-2,wfo-0001279904,FALSE,TRUE,TRUE,FALSE,FALSE,http://www.biodiversitylibrary.org/openurl?ctx_ver=Z39.88-2004&rft.date=1927&rft.spage=53&rft.volume=10&rft_id=http://www.biodiversitylibrary.org/bibliography/41365&rft_val_fmt=info:ofi/fmt:kev:mtx:book&url_ver=z39.88-2004,NA,NA,NA,NA,NA,NA,NA,NA,NA,NA,NA,,NA,NA,NA,NA,NA,NA,NA,NA
Graffenrieda_calyptrelloides,Wurdack,Wurdack,,spec.,/n/112930-2,Melastomataceae,Graffenrieda,calyptrelloides,tax. nov.,"Amazonas (Brazil, Southern America)",FALSE,FALSE,TRUE,,Phytologia,1964,NA,9: 412,1034-2,citation,Phytologia 9: 412. 1964 ,FALSE,TRUE,1.3,112930-2,urn:lsid:ipni.org:names:112930-2,wfo-0001082043,FALSE,TRUE,TRUE,FALSE,FALSE,http://www.biodiversitylibrary.org/openurl?ctx_ver=Z39.88-2004&rft.date=1964&rft.spage=412&rft.volume=9&rft_id=http://www.biodiversitylibrary.org/bibliography/12678&rft_val_fmt=info:ofi/fmt:kev:mtx:book&url_ver=z39.88-2004,NA,NA,NA,NA,NA,NA,NA,NA,NA,NA,NA,,NA,NA,NA,NA,NA,NA,NA,NA
Lasiandra_claussenii,Naudin,Naudin,,spec.,/n/569271-1,Melastomataceae,Lasiandra,claussenii,tax. nov.,"Minas Gerais (Brazil Southeast, Brazil, Southern America)",FALSE,FALSE,TRUE,,"Ann. Sci. Nat., Bot.",1850,Mar 1850,"sér. 3, 13: 152",525-2,citation,"Ann. Sci. Nat., Bot. sér. 3, 13: 152. 1850 [Mar 1850] ",FALSE,TRUE,1.4,569271-1,urn:lsid:ipni.org:names:569271-1,wfo-0001258108,FALSE,TRUE,TRUE,FALSE,FALSE,NA,NA,NA,s.n. [no. 42 or 1641],Claussen,lectotype P;isolectotype P,NA,NA,1841,NA,NA,NA,,NA,NA,NA,NA,NA,J. Bot. Soc. Bot. France 37: 21. 2007 ,C.V.Martin &amp; Cremers,NA
Lasiandra_cordiformis,Naudin,Naudin,,spec.,/n/569275-1,Melastomataceae,Lasiandra,cordiformis,tax. nov.,Brazil (Southern America),FALSE,FALSE,TRUE,,"Ann. Sci. Nat., Bot.",1850,Mar 1850,"sér. 3, 13: 143",525-2,citation,"Ann. Sci. Nat., Bot. sér. 3, 13: 143. 1850 [Mar 1850] ",FALSE,TRUE,1.4,569275-1,urn:lsid:ipni.org:names:569275-1,wfo-0000159736,FALSE,TRUE,TRUE,FALSE,FALSE,NA,NA,NA,Herb. Fl. Brasil 283,Martius,lectotype P,NA,NA,NA,NA,NA,NA,,NA,NA,NA,NA,NA,J. Bot. Soc. Bot. France 37: 21. 2007 ,C.V.Martin &amp; Cremers,NA
Lasiandra_dendroides,Naudin,Naudin,,spec.,/n/569277-1,Melastomataceae,Lasiandra,dendroides,tax. nov.,Brazil (Southern America),FALSE,FALSE,TRUE,,"Ann. Sci. Nat., Bot.",1850,Mar 1850,"sér. 3, 13: 132",525-2,citation,"Ann. Sci. Nat., Bot. sér. 3, 13: 132. 1850 [Mar 1850] ",FALSE,TRUE,1.4,569277-1,urn:lsid:ipni.org:names:569277-1,wfo-0001258078,FALSE,TRUE,TRUE,FALSE,FALSE,NA,NA,NA,Herb. Fl. Brasil 961,Martius,lectotype P,NA,NA,NA,Brasilia australi,NA,NA,,NA,NA,NA,NA,NA,J. Bot. Soc. Bot. France 37: 22. 2007 ,C.V.Martin &amp; Cremers,NA
Lasiandra_hygrophila,DC.,DC.,,spec.,/n/569300-1,Melastomataceae,Lasiandra,hygrophila,tax. nov.,"Sao Paulo (Brazil, Southern America)",FALSE,FALSE,TRUE,,Prodr. [A. P. de Candolle],1828,mid Mar 1828,3: 128,1051-2,citation,Prodr. [A. P. de Candolle] 3: 128. 1828 [mid Mar 1828] ,FALSE,TRUE,1.5.2.1,569300-1,urn:lsid:ipni.org:names:569300-1,wfo-0000159749,FALSE,TRUE,TRUE,FALSE,FALSE,http://www.biodiversitylibrary.org/openurl?ctx_ver=Z39.88-2004&rft_id=http://www.biodiversitylibrary.org/page/152930&rft_val_fmt=info:ofi/fmt:kev:mtx:book&url_ver=z39.88-2004,NA,152930,NA,NA,NA,NA,NA,NA,NA,NA,NA,,NA,NA,NA,NA,NA,NA,NA,NA
Lasiandra_lanceolata,Naudin,Naudin,,spec.,/n/569303-1,Melastomataceae,Lasiandra,lanceolata,tax. nov.,"Minas Gerais (Brazil Southeast, Brazil, Southern America)",FALSE,FALSE,TRUE,,"Ann. Sci. Nat., Bot.",1850,Mar 1850,"sér. 3, 13: 140",525-2,citation,"Ann. Sci. Nat., Bot. sér. 3, 13: 140. 1850 [Mar 1850] ",FALSE,TRUE,1.4,569303-1,urn:lsid:ipni.org:names:569303-1,wfo-0001258091,FALSE,TRUE,TRUE,FALSE,FALSE,NA,NA,NA,55,Vauthier,lectotype P;isolectotype P,NA,NA,1833,Tijuca,NA,NA,,NA,NA,NA,NA,NA,J. Bot. Soc. Bot. France 37: 22. 2007 ,C.V.Martin &amp; Cremers,NA
Lasiandra_longistyla,Naudin,Naudin,,spec.,/n/569309-1,Melastomataceae,Lasiandra,longistyla,tax. nov.,"Bahia (Brazil Northeast, Brazil, Southern America)",FALSE,FALSE,TRUE,,"Ann. Sci. Nat., Bot.",1850,Mar 1850,"sér. 3, 13: 143",525-2,citation,"Ann. Sci. Nat., Bot. sér. 3, 13: 143. 1850 [Mar 1850] ",FALSE,TRUE,1.4,569309-1,urn:lsid:ipni.org:names:569309-1,wfo-0001258095,FALSE,TRUE,TRUE,FALSE,FALSE,NA,NA,NA,s.n.,Salzmann,lectotype P;isolectotype P,NA,NA,NA,NA,NA,NA,,NA,NA,NA,NA,NA,J. Bot. Soc. Bot. France 37: 22. 2007 ,C.V.Martin &amp; Cremers,NA
Lasiandra_mucorifera,Naudin,Naudin,,spec.,/n/569328-1,Melastomataceae,Lasiandra,mucorifera,tax. nov.,"Minas Gerais (Brazil Southeast, Brazil, Southern America)",FALSE,FALSE,TRUE,,"Ann. Sci. Nat., Bot.",1850,Mar 1850,"sér. 3, 13: 141",525-2,citation,"Ann. Sci. Nat., Bot. sér. 3, 13: 141. 1850 [Mar 1850] ",FALSE,TRUE,1.4,569328-1,urn:lsid:ipni.org:names:569328-1,wfo-0001258092,FALSE,TRUE,TRUE,FALSE,FALSE,NA,NA,NA,35 [1606],Claussen,lectotype P;isolectotype P,NA,NA,1841,NA,NA,NA,,NA,NA,NA,NA,NA,J. Bot. Soc. Bot. France 37: 23. 2007 ,C.V.Martin &amp; Cremers,NA
Lasiandra_mutabilis,Riedel ex Naudin,Riedel ex Naudin,,spec.,/n/569332-1,Melastomataceae,Lasiandra,mutabilis,tax. nov.,"Bahia (Brazil Northeast, Brazil, Southern America)",FALSE,FALSE,TRUE,,"Ann. Sci. Nat., Bot.",1850,Mar 1850,"sér. 3, 13: 145",525-2,citation,"Ann. Sci. Nat., Bot. sér. 3, 13: 145. 1850 [Mar 1850] ",FALSE,TRUE,1.5,569332-1,urn:lsid:ipni.org:names:569332-1,wfo-0001258098,FALSE,TRUE,TRUE,FALSE,FALSE,NA,NA,NA,s.n.,St.-Hilaire,lectotype P;isolectotype P,NA,NA,NA,NA,NA,NA,,"Catal. C, no. 1185",NA,NA,NA,NA,J. Bot. Soc. Bot. France 37: 23. 2007 ,C.V.Martin &amp; Cremers,NA
Lasiandra_raddiana,DC.,DC.,,spec.,/n/326262-2,Melastomataceae,Lasiandra,raddiana,tax. nov.,Brazil (Southern America),FALSE,FALSE,TRUE,,Prodr. [A. P. de Candolle],1828,mid Mar 1828,3: 129,1051-2,citation,Prodr. [A. P. de Candolle] 3: 129. 1828 [mid Mar 1828] ,FALSE,TRUE,1.5,326262-2,urn:lsid:ipni.org:names:326262-2,wfo-0000158610,FALSE,TRUE,TRUE,FALSE,FALSE,http://www.biodiversitylibrary.org/openurl?ctx_ver=Z39.88-2004&rft_id=http://www.biodiversitylibrary.org/page/152931&rft_val_fmt=info:ofi/fmt:kev:mtx:book&url_ver=z39.88-2004,NA,152931,NA,NA,NA,NA,NA,NA,NA,NA,NA,,NA,NA,NA,NA,NA,NA,NA,NA
Lasiandra_rigidula,Naudin,Naudin,,spec.,/n/135739-2,Melastomataceae,Lasiandra,rigidula,tax. nov.,Brazil (Southern America),FALSE,FALSE,TRUE,,"Ann. Sci. Nat., Bot.",1850,NA,"sér. 3, 14: 13: 150",525-2,citation,"Ann. Sci. Nat., Bot. sér. 3, 14: 13: 150. 1850 ",FALSE,TRUE,1.4,135739-2,urn:lsid:ipni.org:names:135739-2,wfo-0001258105,FALSE,TRUE,TRUE,FALSE,FALSE,NA,NA,NA,NA,NA,NA,NA,NA,NA,NA,NA,NA,,NA,NA,NA,NA,NA,NA,NA,NA
Lavoisiera_campos-portoana,Barreto,Barreto,,spec.,/n/136363-2,Melastomataceae,Lavoisiera,campos-portoana,tax. nov.,"Minas Gerais (Brazil, Southern America)",FALSE,FALSE,TRUE,,Arq. Inst. Biol. Veg.,1935,Sep 1935,"2(1): 8, pl. 1",851-2,citation,"Arq. Inst. Biol. Veg. 2(1): 8, pl. 1. 1935 [Sep 1935] ",FALSE,TRUE,1.3,136363-2,urn:lsid:ipni.org:names:136363-2,wfo-0001280218,FALSE,TRUE,TRUE,FALSE,FALSE,NA,NA,NA,NA,NA,NA,NA,NA,NA,NA,NA,NA,,NA,NA,NA,NA,NA,NA,NA,NA
Lavoisiera_candolleana,Barreto,Barreto,,spec.,/n/136364-2,Melastomataceae,Lavoisiera,candolleana,tax. nov.,"Minas Gerais (Brazil, Southern America)",FALSE,FALSE,TRUE,,Bol. Mus. Nac. Rio de Janeiro,1936,NA,"12: 65, fig. 2",4149-2,citation,"Bol. Mus. Nac. Rio de Janeiro 12: 65, fig. 2. 1936 ",FALSE,TRUE,1.3,136364-2,urn:lsid:ipni.org:names:136364-2,wfo-0000159788,FALSE,TRUE,TRUE,FALSE,FALSE,NA,NA,NA,NA,NA,NA,NA,NA,NA,NA,NA,NA,,NA,NA,NA,NA,NA,NA,NA,NA
Lavoisiera_crassinervia,Cogn.,Cogn.,,spec.,/n/136378-2,Melastomataceae,Lavoisiera,crassinervia,tax. nov.,Brazil (Southern America),FALSE,FALSE,TRUE,,Bull. Soc. Bot. France,1908,NA,54(Mém. 3c): 253,578-2,citation,Bull. Soc. Bot. France 54(Mém. 3c): 253. 1908 ,FALSE,TRUE,1.4,136378-2,urn:lsid:ipni.org:names:136378-2,wfo-0001079259,FALSE,TRUE,TRUE,FALSE,FALSE,NA,NA,NA,NA,NA,NA,NA,NA,NA,NA,NA,NA,,NA,NA,NA,NA,NA,NA,NA,NA
Lavoisiera_dorifolia,Cogn.,Cogn.,,spec.,/n/136380-2,Melastomataceae,Lavoisiera,dorifolia,tax. nov.,Brazil (Southern America),FALSE,FALSE,TRUE,,Bull. Soc. Bot. France,1908,NA,54(Mém. 3c): 256,578-2,citation,Bull. Soc. Bot. France 54(Mém. 3c): 256. 1908 ,FALSE,TRUE,1.4,136380-2,urn:lsid:ipni.org:names:136380-2,wfo-0000158095,FALSE,TRUE,TRUE,FALSE,FALSE,NA,NA,NA,NA,NA,NA,NA,NA,NA,NA,NA,NA,,NA,NA,NA,NA,NA,NA,NA,NA
Lavoisiera_fragilis,Cogn. ex Munhoz & Proença,Cogn. ex Munhoz & Proença,,spec.,/n/136382-2,Melastomataceae,Lavoisiera,fragilis,tax. nov.,"Almocafre, Serra dos Cristais [Crystaes], 16°45'S, 47°37'W, Goiás (Brazil, Southern America)",FALSE,FALSE,TRUE,,Novon,2000,17 Apr 2000,10(1): 60 (-63; fig. 1),14256-2,citation,Novon 10(1): 60 (-63; fig. 1). 2000 [17 Apr 2000] nom. in: Bull. Soc. Bot. France 54(mem. 3c): 256. 1908),FALSE,TRUE,1.6,136382-2,urn:lsid:ipni.org:names:136382-2,wfo-0001079263,TRUE,TRUE,TRUE,FALSE,FALSE,http://www.biodiversitylibrary.org/openurl?ctx_ver=Z39.88-2004&rft_id=http://www.biodiversitylibrary.org/page/641384&rft_val_fmt=info:ofi/fmt:kev:mtx:book&url_ver=z39.88-2004,NA,641384,21312,A.F.M.Glaziou,holotype R;isotype K,NA,NA,NA,NA,nom. in: Bull. Soc. Bot. France 54(mem. 3c): 256. 1908),NA,,NA,NA,NA,NA,NA,NA,NA,NA
Lavoisiera_gouveana,Barreto,Barreto,,spec.,/n/136386-2,Melastomataceae,Lavoisiera,gouveana,tax. nov.,"Minas Gerais (Brazil, Southern America)",FALSE,FALSE,TRUE,,Anais Acad. Brasil. Ci.,1935,NA,"7: 10, fig",1610-2,citation,"Anais Acad. Brasil. Ci. 7: 10, fig. 1935 ",FALSE,TRUE,1.3,136386-2,urn:lsid:ipni.org:names:136386-2,wfo-0000158096,FALSE,TRUE,TRUE,FALSE,FALSE,NA,NA,NA,NA,NA,NA,NA,NA,NA,NA,NA,NA,,NA,NA,NA,NA,NA,NA,NA,NA
Lavoisiera_goyazensis,Cogn.,Cogn.,,spec.,/n/136387-2,Melastomataceae,Lavoisiera,goyazensis,tax. nov.,Brazil (Southern America),FALSE,FALSE,TRUE,,Bot. Jahrb. Syst.,1895,1895,21(4): 447,553-2,citation,Bot. Jahrb. Syst. 21(4): 447. 1895 [1895] ;  a preprint,FALSE,TRUE,1.6,136387-2,urn:lsid:ipni.org:names:136387-2,wfo-0000158097,TRUE,TRUE,TRUE,FALSE,FALSE,http://www.biodiversitylibrary.org/openurl?ctx_ver=Z39.88-2004&rft.date=1895&rft.issue=4&rft.spage=447&rft.volume=21&rft_id=http://www.biodiversitylibrary.org/bibliography/60&rft_val_fmt=info:ofi/fmt:kev:mtx:book&url_ver=z39.88-2004,NA,NA,NA,NA,NA,NA,NA,NA,NA,a preprint,NA,,NA,NA,NA,NA,NA,NA,NA,NA
Lavoisiera_itabirana,Hoehne,Hoehne,,spec.,/n/136391-2,Melastomataceae,Lavoisiera,itabirana,tax. nov.,Brazil (Southern America),FALSE,FALSE,TRUE,,"Anexos Mem. Inst. Butantan, Secc. Bot.",1922,NA,"1, fasc. 5: 33, pl. 2",3497-2,citation,"Anexos Mem. Inst. Butantan, Secc. Bot. 1, fasc. 5: 33, pl. 2. 1922 ",FALSE,TRUE,1.3,136391-2,urn:lsid:ipni.org:names:136391-2,wfo-0000158098,FALSE,TRUE,TRUE,FALSE,FALSE,NA,NA,NA,NA,NA,NA,NA,NA,NA,NA,NA,NA,,NA,NA,NA,NA,NA,NA,NA,NA
Lavoisiera_luetzelburgii,Markgr.,Markgr.,,spec.,/n/136392-2,Melastomataceae,Lavoisiera,luetzelburgii,tax. nov.,"Bahia (Brazil, Southern America)",FALSE,FALSE,TRUE,,Notizbl. Bot. Gart. Berlin-Dahlem,1927,NA,10: 47,1019-2,citation,Notizbl. Bot. Gart. Berlin-Dahlem 10: 47. 1927 ,FALSE,TRUE,1.3,136392-2,urn:lsid:ipni.org:names:136392-2,wfo-0001259094,FALSE,TRUE,TRUE,FALSE,FALSE,http://www.biodiversitylibrary.org/openurl?ctx_ver=Z39.88-2004&rft.date=1927&rft.spage=47&rft.volume=10&rft_id=http://www.biodiversitylibrary.org/bibliography/41365&rft_val_fmt=info:ofi/fmt:kev:mtx:book&url_ver=z39.88-2004,NA,NA,286,P.von Lützelburg,holotype M,NA,NA,NA,NA,NA,NA,,NA,NA,NA,NA,NA,NA,NA,NA
Lavoisiera_marques-lisboana,Barreto,Barreto,,spec.,/n/136394-2,Melastomataceae,Lavoisiera,marques-lisboana,tax. nov.,"Minas Gerais (Brazil, Southern America)",FALSE,FALSE,TRUE,,Arq. Inst. Biol. Veg.,1935,Sep 1935,"2(1): 9, pl. 2",851-2,citation,"Arq. Inst. Biol. Veg. 2(1): 9, pl. 2. 1935 [Sep 1935] ",FALSE,TRUE,1.3,136394-2,urn:lsid:ipni.org:names:136394-2,wfo-0000158099,FALSE,TRUE,TRUE,FALSE,FALSE,NA,NA,NA,NA,NA,NA,NA,NA,NA,NA,NA,NA,,NA,NA,NA,NA,NA,NA,NA,NA
Lavoisiera_mello-barretoi,Markgr.,Markgr.,,spec.,/n/136395-2,Melastomataceae,Lavoisiera,mello-barretoi,tax. nov.,"Minas Gerais (Brazil, Southern America)",FALSE,FALSE,TRUE,,Notizbl. Bot. Gart. Berlin-Dahlem,1940,NA,15: 220,1019-2,citation,Notizbl. Bot. Gart. Berlin-Dahlem 15: 220. 1940 ,FALSE,TRUE,1.3,136395-2,urn:lsid:ipni.org:names:136395-2,wfo-0001280220,FALSE,TRUE,TRUE,FALSE,FALSE,http://www.biodiversitylibrary.org/openurl?ctx_ver=Z39.88-2004&rft.date=1940&rft.spage=220&rft.volume=15&rft_id=http://www.biodiversitylibrary.org/bibliography/41365&rft_val_fmt=info:ofi/fmt:kev:mtx:book&url_ver=z39.88-2004,NA,NA,NA,NA,NA,NA,NA,NA,NA,NA,NA,,NA,NA,NA,NA,NA,NA,NA,NA
Lavoisiera_microphylla,Cogn.,Cogn.,,spec.,/n/136396-2,Melastomataceae,Lavoisiera,microphylla,tax. nov.,Brazil (Southern America),FALSE,FALSE,TRUE,,Bull. Soc. Bot. France,1908,NA,54(Mém. 3c): 254,578-2,citation,Bull. Soc. Bot. France 54(Mém. 3c): 254. 1908 ,FALSE,TRUE,1.4,136396-2,urn:lsid:ipni.org:names:136396-2,wfo-0000158100,FALSE,TRUE,TRUE,FALSE,FALSE,NA,NA,NA,NA,NA,NA,NA,NA,NA,NA,NA,NA,,NA,NA,NA,NA,NA,NA,NA,NA
Lavoisiera_mucugensis,Wurdack,Wurdack,,spec.,/n/279368-2,Melastomataceae,Lavoisiera,mucugensis,tax. nov.,"Bahia (Brazil, Southern America)",FALSE,FALSE,TRUE,,Phytologia,1988,NA,64: 294,1034-2,citation,Phytologia 64: 294. 1988 ,FALSE,TRUE,1.3,279368-2,urn:lsid:ipni.org:names:279368-2,wfo-0001253393,FALSE,TRUE,TRUE,FALSE,FALSE,http://www.biodiversitylibrary.org/openurl?ctx_ver=Z39.88-2004&rft.date=1988&rft.spage=294&rft.volume=64&rft_id=http://www.biodiversitylibrary.org/bibliography/12678&rft_val_fmt=info:ofi/fmt:kev:mtx:book&url_ver=z39.88-2004,NA,NA,47502,G.Hatschbach,holotype MBM,NA,NA,NA,NA,NA,NA,,NA,NA,NA,NA,NA,NA,NA,NA
Lavoisiera_noblickii,Wurdack,Wurdack,,spec.,/n/303853-2,Melastomataceae,Lavoisiera,noblickii,tax. nov.,"Mun. Palmeiras, Bahia (Brazil, Southern America)",FALSE,FALSE,TRUE,,Kew Bull.,1995,3 Nov 1995,50(4): 821,987-2,citation,Kew Bull. 50(4): 821. 1995 [3 Nov 1995] ,FALSE,TRUE,1.4,303853-2,urn:lsid:ipni.org:names:303853-2,wfo-0001249010,FALSE,TRUE,TRUE,FALSE,FALSE,NA,NA,NA,2769," A.Pinto,L.R.Noblick",holotype HUEFS;isotype US,NA,Endemic to the interior of central Bahia,NA,NA,NA,NA,,NA,NA,NA,NA,NA,NA,NA,NA
Lavoisiera_novemnervia,Cogn.,Cogn.,,spec.,/n/136399-2,Melastomataceae,Lavoisiera,novemnervia,tax. nov.,Brazil (Southern America),FALSE,FALSE,TRUE,,Bull. Soc. Bot. France,1908,NA,54(Mém. 3c): 253,578-2,citation,Bull. Soc. Bot. France 54(Mém. 3c): 253. 1908 ,FALSE,TRUE,1.4,136399-2,urn:lsid:ipni.org:names:136399-2,wfo-0001079273,FALSE,TRUE,TRUE,FALSE,FALSE,NA,NA,NA,NA,NA,NA,NA,NA,NA,NA,NA,NA,,NA,NA,NA,NA,NA,NA,NA,NA
Lavoisiera_ordinata,Wurdack,Wurdack,,spec.,/n/136400-2,Melastomataceae,Lavoisiera,ordinata,tax. nov.,"Goiás (Brazil, Southern America)",FALSE,FALSE,TRUE,,Phytologia,1974,NA,29: 135,1034-2,citation,Phytologia 29: 135. 1974 ,FALSE,TRUE,1.3,136400-2,urn:lsid:ipni.org:names:136400-2,wfo-0001248549,FALSE,TRUE,TRUE,FALSE,FALSE,http://www.biodiversitylibrary.org/openurl?ctx_ver=Z39.88-2004&rft.date=1974&rft.spage=135&rft.volume=29&rft_id=http://www.biodiversitylibrary.org/bibliography/12678&rft_val_fmt=info:ofi/fmt:kev:mtx:book&url_ver=z39.88-2004,NA,NA,12695," J.W.Grear, R.Reis dos Santos,H.S.Irwin, R.Souza, Jr.",holotype US,NA,NA,NA,NA,NA,NA,,NA,NA,NA,NA,NA,NA,NA,NA
Lavoisiera_parviflora,Cogn.,Cogn.,,spec.,/n/136401-2,Melastomataceae,Lavoisiera,parviflora,tax. nov.,Brazil (Southern America),FALSE,FALSE,TRUE,,Bull. Soc. Bot. France,1908,NA,54(Mém. 3c): 254,578-2,citation,Bull. Soc. Bot. France 54(Mém. 3c): 254. 1908 ,FALSE,TRUE,1.4,136401-2,urn:lsid:ipni.org:names:136401-2,wfo-0001079274,FALSE,TRUE,TRUE,FALSE,FALSE,NA,NA,NA,NA,NA,NA,NA,NA,NA,NA,NA,NA,,NA,NA,NA,NA,NA,NA,NA,NA
Lavoisiera_patulifera,Pilg.,Pilg.,,spec.,/n/136402-2,Melastomataceae,Lavoisiera,patulifera,tax. nov.,Brazil (Southern America),FALSE,FALSE,TRUE,,Bull. Soc. Bot. France,1908,NA,54(Mém. 3c): 252,578-2,citation,Bull. Soc. Bot. France 54(Mém. 3c): 252. 1908 ,FALSE,TRUE,1.4,136402-2,urn:lsid:ipni.org:names:136402-2,wfo-0000158101,FALSE,TRUE,TRUE,FALSE,FALSE,NA,NA,NA,NA,NA,NA,NA,NA,NA,NA,NA,NA,,NA,NA,NA,NA,NA,NA,NA,NA
Lavoisiera_robusta,Cogn.,Cogn.,,spec.,/n/136410-2,Melastomataceae,Lavoisiera,robusta,tax. nov.,Brazil (Southern America),FALSE,FALSE,TRUE,,Bull. Soc. Bot. France,1908,NA,54(Mém. 3c): 252,578-2,citation,Bull. Soc. Bot. France 54(Mém. 3c): 252. 1908 ,FALSE,TRUE,1.4,136410-2,urn:lsid:ipni.org:names:136410-2,wfo-0001079283,FALSE,TRUE,TRUE,FALSE,FALSE,NA,NA,NA,NA,NA,NA,NA,NA,NA,NA,NA,NA,,NA,NA,NA,NA,NA,NA,NA,NA
Lavoisiera_rugulosa,Cogn.,Cogn.,,spec.,/n/136411-2,Melastomataceae,Lavoisiera,rugulosa,tax. nov.,Brazil (Southern America),FALSE,FALSE,TRUE,,Bull. Soc. Bot. France,1908,NA,54(Mém. 3c): 254,578-2,citation,Bull. Soc. Bot. France 54(Mém. 3c): 254. 1908 ,FALSE,TRUE,1.4,136411-2,urn:lsid:ipni.org:names:136411-2,wfo-0001079284,FALSE,TRUE,TRUE,FALSE,FALSE,NA,NA,NA,NA,NA,NA,NA,NA,NA,NA,NA,NA,,NA,NA,NA,NA,NA,NA,NA,NA
Lavoisiera_senae,Schwacke,Schwacke,,spec.,/n/136415-2,Melastomataceae,Lavoisiera,senae,tax. nov.,Brazil (Southern America),FALSE,FALSE,TRUE,,Pl. Nov. Mineir.,1900,NA,"2: [3], tab. 2",11591-2,citation,"Pl. Nov. Mineir. 2: [3], tab. 2. 1900 ",FALSE,TRUE,1.4,136415-2,urn:lsid:ipni.org:names:136415-2,wfo-0001079287,FALSE,TRUE,TRUE,FALSE,FALSE,NA,NA,NA,NA,NA,NA,NA,NA,NA,NA,NA,NA,,NA,NA,NA,NA,NA,NA,NA,NA
Lavoisiera_suberosa,Cogn.,Cogn.,,spec.,/n/136416-2,Melastomataceae,Lavoisiera,suberosa,tax. nov.,Brazil (Southern America),FALSE,FALSE,TRUE,,Bot. Jahrb. Syst.,1895,1895,21(4): 447,553-2,citation,Bot. Jahrb. Syst. 21(4): 447. 1895 [1895] ;  a preprint,FALSE,TRUE,1.6,136416-2,urn:lsid:ipni.org:names:136416-2,wfo-0001079288,TRUE,TRUE,TRUE,FALSE,FALSE,http://www.biodiversitylibrary.org/openurl?ctx_ver=Z39.88-2004&rft.date=1895&rft.issue=4&rft.spage=447&rft.volume=21&rft_id=http://www.biodiversitylibrary.org/bibliography/60&rft_val_fmt=info:ofi/fmt:kev:mtx:book&url_ver=z39.88-2004,NA,NA,NA,NA,NA,NA,NA,NA,NA,a preprint,NA,,NA,NA,NA,NA,NA,NA,NA,NA
Lavoisiera_vernicosa,Pedersoli,Pedersoli,,spec.,/n/136418-2,Melastomataceae,Lavoisiera,vernicosa,tax. nov.,"Minas Gerais (Brazil, Southern America)",FALSE,FALSE,TRUE,,Oreades,1980,NA,7(12/13): 25 (-26; fig.),11294-2,citation,Oreades 7(12/13): 25 (-26; fig.). 1980 ,FALSE,TRUE,1.3,136418-2,urn:lsid:ipni.org:names:136418-2,wfo-0001259100,FALSE,TRUE,TRUE,FALSE,FALSE,NA,NA,NA,325,H.L.de Mello Barreto,holotype BHMH,NA,NA,NA,NA,NA,NA,,NA,NA,NA,NA,NA,NA,NA,NA
Leandra_corrugata,Krasser & Rech.,Krasser & Rech.,,spec.,/n/136527-2,Melastomataceae,Leandra,corrugata,tax. nov.,Brazil (Southern America),FALSE,FALSE,TRUE,,Oesterr. Bot. Z.,1906,NA,56: 193,768-2,citation,Oesterr. Bot. Z. 56: 193. 1906 ,FALSE,TRUE,1.4,136527-2,urn:lsid:ipni.org:names:136527-2,wfo-0000158111,FALSE,TRUE,TRUE,FALSE,FALSE,http://www.biodiversitylibrary.org/openurl?ctx_ver=Z39.88-2004&rft.date=1906&rft.spage=193&rft.volume=56&rft_id=http://www.biodiversitylibrary.org/bibliography/40988&rft_val_fmt=info:ofi/fmt:kev:mtx:book&url_ver=z39.88-2004,NA,NA,NA,NA,NA,NA,NA,NA,NA,NA,NA,,NA,NA,NA,NA,NA,NA,NA,NA
Leandra_douradensis,Glaz.,Glaz.,,spec.,/n/136555-2,Melastomataceae,Leandra,douradensis,tax. nov.,Brazil (Southern America),FALSE,FALSE,FALSE,,Bull. Soc. Bot. France,1908,NA,54(Mém. 3c): 276,578-2,citation,Bull. Soc. Bot. France 54(Mém. 3c): 276. 1908 ,FALSE,TRUE,1.4,136555-2,urn:lsid:ipni.org:names:136555-2,wfo-0000158113,FALSE,TRUE,TRUE,FALSE,FALSE,NA,NA,NA,NA,NA,NA,NA,NA,NA,NA,NA,NA,,NA,NA,NA,NA,NA,NA,NA,NA
Leandra_hirsutissima,Raddi,Raddi,,spec.,/n/326234-2,Melastomataceae,Leandra,hirsutissima,tax. nov.,"Rio de Janeiro (Brazil, Southern America)",FALSE,FALSE,TRUE,,Melast. Bras.,1828,NA,"44 (t. V, fig. 1)",15781-2,citation,"Melast. Bras. 44 (t. V, fig. 1). 1828 Mem. Mat. Fis. Soc. Ital. Sci. Modena, Pt. Mem. Fis. 20(1): 152. 1829",FALSE,TRUE,1.2,326234-2,urn:lsid:ipni.org:names:326234-2,wfo-0000159812,TRUE,TRUE,TRUE,FALSE,FALSE,NA,NA,NA,s.n.,G.Raddi,null PI,NA,NA,NA,NA,"Mem. Mat. Fis. Soc. Ital. Sci. Modena, Pt. Mem. Fis. 20(1): 152. 1829",NA,,NA,NA,NA,NA,NA,NA,NA,NA
Leandra_hohnelii,Krasser & Rech.,Krasser & Rech.,,spec.,/n/136604-2,Melastomataceae,Leandra,hohnelii,tax. nov.,Brazil (Southern America),FALSE,FALSE,TRUE,,Oesterr. Bot. Z.,1906,NA,56: 193,768-2,citation,Oesterr. Bot. Z. 56: 193. 1906 ,FALSE,TRUE,1.3,136604-2,urn:lsid:ipni.org:names:136604-2,wfo-0000158122,FALSE,TRUE,TRUE,FALSE,FALSE,http://www.biodiversitylibrary.org/openurl?ctx_ver=Z39.88-2004&rft.date=1906&rft.spage=193&rft.volume=56&rft_id=http://www.biodiversitylibrary.org/bibliography/40988&rft_val_fmt=info:ofi/fmt:kev:mtx:book&url_ver=z39.88-2004,NA,NA,NA,NA,NA,NA,NA,NA,NA,NA,NA,,NA,NA,NA,NA,NA,NA,NA,NA
Leandra_markgravii,Brade,Brade,,spec.,/n/136642-2,Melastomataceae,Leandra,markgravii,tax. nov.,"Rio de Janeiro (Brazil, Southern America)",FALSE,FALSE,TRUE,,Arch. Jard. Bot. Rio de Janeiro,1956,NA,"14: 248, tab. 5",848-2,citation,"Arch. Jard. Bot. Rio de Janeiro 14: 248, tab. 5. 1956 ",FALSE,TRUE,1.2,136642-2,urn:lsid:ipni.org:names:136642-2,wfo-0000158126,FALSE,TRUE,TRUE,FALSE,FALSE,NA,NA,NA,NA,NA,NA,NA,NA,NA,NA,NA,NA,,NA,NA,NA,NA,NA,NA,NA,NA
Leandra_nana,Cogn.,Cogn.,,spec.,/n/136661-2,Melastomataceae,Leandra,nana,tax. nov.,Brazil (Southern America),FALSE,FALSE,TRUE,,Bull. Soc. Bot. France,1908,NA,54(Mém. 3c): 279,578-2,citation,Bull. Soc. Bot. France 54(Mém. 3c): 279. 1908 ,FALSE,TRUE,1.4,136661-2,urn:lsid:ipni.org:names:136661-2,wfo-0001079363,FALSE,TRUE,TRUE,FALSE,FALSE,NA,NA,NA,NA,NA,NA,NA,NA,NA,NA,NA,NA,,NA,NA,NA,NA,NA,NA,NA,NA
Leandra_pachyrrhiza,Cogn.,Cogn.,,spec.,/n/136684-2,Melastomataceae,Leandra,pachyrrhiza,tax. nov.,Brazil (Southern America),FALSE,FALSE,TRUE,,Bull. Soc. Bot. France,1908,NA,54(Mém. 3c): 279,578-2,citation,Bull. Soc. Bot. France 54(Mém. 3c): 279. 1908 ,FALSE,TRUE,1.4,136684-2,urn:lsid:ipni.org:names:136684-2,wfo-0001079373,FALSE,TRUE,TRUE,FALSE,FALSE,NA,NA,NA,NA,NA,NA,NA,NA,NA,NA,NA,NA,,NA,NA,NA,NA,NA,NA,NA,NA
Leandra_peltata,Wurdack,Wurdack,,spec.,/n/136696-2,Melastomataceae,Leandra,peltata,tax. nov.,"Amazonas (Brazil, Southern America)",FALSE,FALSE,TRUE,,Phytologia,1965,NA,11: 384,1034-2,citation,Phytologia 11: 384. 1965 ,FALSE,TRUE,1.3,136696-2,urn:lsid:ipni.org:names:136696-2,wfo-0001082021,FALSE,TRUE,TRUE,FALSE,FALSE,http://www.biodiversitylibrary.org/openurl?ctx_ver=Z39.88-2004&rft.date=1965&rft.spage=384&rft.volume=11&rft_id=http://www.biodiversitylibrary.org/bibliography/12678&rft_val_fmt=info:ofi/fmt:kev:mtx:book&url_ver=z39.88-2004,NA,NA,NA,NA,NA,NA,NA,NA,NA,NA,NA,,NA,NA,NA,NA,NA,NA,NA,NA
Leandra_punicea,Raddi,Raddi,,spec.,/n/326237-2,Melastomataceae,Leandra,punicea,tax. nov.,"Rio de Janeiro (Brazil, Southern America)",FALSE,FALSE,TRUE,,Melast. Bras.,1828,NA,"48 (t. II, fig. 3)",15781-2,citation,"Melast. Bras. 48 (t. II, fig. 3). 1828 Mem. Mat. Fis. Soc. Ital. Sci. Modena, Pt. Mem. Fis. 20(1): 156. 1829",FALSE,TRUE,1.2,326237-2,urn:lsid:ipni.org:names:326237-2,wfo-0000159815,TRUE,TRUE,TRUE,FALSE,FALSE,NA,NA,NA,s.n.,G.Raddi,null PI,NA,NA,NA,NA,"Mem. Mat. Fis. Soc. Ital. Sci. Modena, Pt. Mem. Fis. 20(1): 156. 1829",NA,,NA,NA,NA,NA,NA,NA,NA,NA
Leandra_rubella,Raddi,Raddi,,spec.,/n/326239-2,Melastomataceae,Leandra,rubella,tax. nov.,"Rio de Janeiro (Brazil, Southern America)",FALSE,FALSE,TRUE,,Melast. Bras.,1828,NA,"39 (t. IV, fig. 1)",15781-2,citation,"Melast. Bras. 39 (t. IV, fig. 1). 1828 Mem. Mat. Fis. Soc. Ital. Sci. Modena, Pt. Mem. Fis. 20(1): 147. 1829",FALSE,TRUE,1.2,326239-2,urn:lsid:ipni.org:names:326239-2,wfo-0000159818,TRUE,TRUE,TRUE,FALSE,FALSE,NA,NA,NA,s.n.,G.Raddi,null PI,NA,NA,NA,NA,"Mem. Mat. Fis. Soc. Ital. Sci. Modena, Pt. Mem. Fis. 20(1): 147. 1829",NA,,NA,NA,NA,NA,NA,NA,NA,NA
Leandra_salicifolia,Raddi,Raddi,,spec.,/n/326244-2,Melastomataceae,Leandra,salicifolia,tax. nov.,"Rio de Janeiro (Brazil, Southern America)",FALSE,FALSE,TRUE,,Melast. Bras.,1828,NA,"34 (t. III, fig. 2)",15781-2,citation,"Melast. Bras. 34 (t. III, fig. 2). 1828 Mem. Mat. Fis. Soc. Ital. Sci. Modena, Pt. Mem. Fis. 20(1): 142. 1829",FALSE,TRUE,1.2,326244-2,urn:lsid:ipni.org:names:326244-2,wfo-0000159819,TRUE,TRUE,TRUE,FALSE,FALSE,NA,NA,NA,s.n.,G.Raddi,null PI,NA,NA,NA,NA,"Mem. Mat. Fis. Soc. Ital. Sci. Modena, Pt. Mem. Fis. 20(1): 142. 1829",NA,,NA,NA,NA,NA,NA,NA,NA,NA
Leandra_steyermarkii,Wurdack,Wurdack,,spec.,/n/136771-2,Melastomataceae,Leandra,steyermarkii,tax. nov.,"Amazonas (Brazil, Southern America)",FALSE,FALSE,TRUE,,Phytologia,1971,NA,21: 355,1034-2,citation,Phytologia 21: 355. 1971 ,FALSE,TRUE,1.3,136771-2,urn:lsid:ipni.org:names:136771-2,wfo-0001253992,FALSE,TRUE,TRUE,FALSE,FALSE,http://www.biodiversitylibrary.org/openurl?ctx_ver=Z39.88-2004&rft.date=1971&rft.spage=355&rft.volume=21&rft_id=http://www.biodiversitylibrary.org/bibliography/12678&rft_val_fmt=info:ofi/fmt:kev:mtx:book&url_ver=z39.88-2004,NA,NA,NA,NA,NA,NA,NA,NA,NA,NA,NA,,NA,NA,NA,NA,NA,NA,NA,NA
Leandra_ulei,Cogn.,Cogn.,,spec.,/n/136797-2,Melastomataceae,Leandra,ulei,tax. nov.,Brazil (Southern America),FALSE,FALSE,TRUE,,Monogr. Phan. [A.DC. & C.DC.],1891,Jun 1891,7: 1186,3279-2,citation,"Monogr. Phan. [A.DC. & C.DC.] 7: 1186. 1891 [Jun 1891] , as 'ulaei'",FALSE,TRUE,1.3.1.4,136797-2,urn:lsid:ipni.org:names:136797-2,wfo-0001079415,TRUE,TRUE,TRUE,FALSE,FALSE,http://www.biodiversitylibrary.org/openurl?ctx_ver=Z39.88-2004&rft.date=1891&rft.spage=1186&rft.volume=7&rft_id=http://www.biodiversitylibrary.org/bibliography/45961&rft_val_fmt=info:ofi/fmt:kev:mtx:book&url_ver=z39.88-2004,NA,NA,NA,NA,NA,NA,NA,NA,NA,as 'ulaei',NA,,NA,NA,NA,NA,NA,NA,NA,NA
Maieta_robusta,Rusby,Rusby,,spec.,/n/149448-2,Melastomataceae,Maieta,robusta,tax. nov.,Brazil (Southern America),FALSE,FALSE,TRUE,,Descr. S. Amer. Pl.,1920,NA,72,1382-2,citation,Descr. S. Amer. Pl. 72. 1920 ,FALSE,TRUE,1.4,149448-2,urn:lsid:ipni.org:names:149448-2,wfo-0001281769,FALSE,TRUE,TRUE,FALSE,FALSE,http://www.biodiversitylibrary.org/openurl?ctx_ver=Z39.88-2004&rft.date=1920&rft.spage=72&rft_id=http://www.biodiversitylibrary.org/bibliography/56802&rft_val_fmt=info:ofi/fmt:kev:mtx:book&url_ver=z39.88-2004,NA,NA,NA,NA,NA,NA,NA,NA,NA,NA,NA,,NA,NA,NA,NA,NA,NA,NA,NA
Melastoma_akermanii,Mure,Mure,,spec.,/n/60459104-2,Melastomataceae,Melastoma,akermanii,tax. nov.,Brazil (Southern America),FALSE,FALSE,TRUE,,Doctrine Ecole Rio de Janeiro Pathog. Brésil.,1849,NA,"270, fig.",20013524-2,citation,"Doctrine Ecole Rio de Janeiro Pathog. Brésil. 270, fig. 1849 (as  akermani)",FALSE,TRUE,1.2,60459104-2,urn:lsid:ipni.org:names:60459104-2,wfo-0001329390,TRUE,TRUE,TRUE,FALSE,FALSE,NA,NA,NA,NA,NA,NA,NA,NA,NA,NA,(as  akermani),NA,,NA,NA,NA,NA,NA,NA,NA,NA
Melastoma_brasiliense,Spreng.,Spreng.,,spec.,/n/156370-2,Melastomataceae,Melastoma,brasiliense,tax. nov.,Brazil (Southern America),FALSE,FALSE,TRUE,,"Syst. Veg., ed. 16 [Sprengel]",1825,Jan-May 1825,2: 297,14620-2,citation,"Syst. Veg., ed. 16 [Sprengel] 2: 297. 1825 [Jan-May 1825] ",FALSE,TRUE,1.1.2.3.1.2,156370-2,urn:lsid:ipni.org:names:156370-2,wfo-0001284253,FALSE,TRUE,TRUE,FALSE,FALSE,http://www.biodiversitylibrary.org/openurl?ctx_ver=Z39.88-2004&rft.date=1825&rft.spage=297&rft.volume=2&rft_id=http://www.biodiversitylibrary.org/bibliography/822&rft_val_fmt=info:ofi/fmt:kev:mtx:book&url_ver=z39.88-2004,NA,NA,743,F. Sellow,lectotype P,NA,NA,NA,NA,NA,NA,,NA,NA,NA,NA,NA,Harvard Pap. Bot. 13(2): 224. 2008 [Dec 2008] ,Goldenb. &amp; C.V.Martin,NA
Melastoma_bullosum,Spreng.,Spreng.,,spec.,/n/156371-2,Melastomataceae,Melastoma,bullosum,tax. nov.,Brazil (Southern America),FALSE,FALSE,TRUE,,Neue Entdeck. Pflanzenk.,1821,NA,2: 172,1457-2,citation,Neue Entdeck. Pflanzenk. 2: 172. 1821 ,FALSE,TRUE,1.1.2.1.1.2,156371-2,urn:lsid:ipni.org:names:156371-2,wfo-0000160290,FALSE,TRUE,TRUE,FALSE,FALSE,http://www.biodiversitylibrary.org/openurl?ctx_ver=Z39.88-2004&rft.date=1821&rft.spage=172&rft.volume=2&rft_id=http://www.biodiversitylibrary.org/bibliography/14299&rft_val_fmt=info:ofi/fmt:kev:mtx:book&url_ver=z39.88-2004,NA,NA,NA,NA,NA,NA,NA,NA,NA,NA,NA,,NA,NA,NA,NA,NA,NA,NA,NA
Melastoma_granulosum,Desr.,Desr.,,spec.,/n/326252-2,Melastomataceae,Melastoma,granulosum,tax. nov.,Brazil (Southern America),FALSE,FALSE,TRUE,,Encycl. [J. Lamarck & al.],1797,NA,4(1): 44,906-2,citation,Encycl. [J. Lamarck & al.] 4(1): 44. 1797 ,FALSE,TRUE,1.3,326252-2,urn:lsid:ipni.org:names:326252-2,wfo-0001265834,FALSE,TRUE,TRUE,FALSE,FALSE,http://www.biodiversitylibrary.org/openurl?ctx_ver=Z39.88-2004&rft.date=1797&rft.issue=1&rft.spage=44&rft.volume=4&rft_id=http://www.biodiversitylibrary.org/bibliography/824&rft_val_fmt=info:ofi/fmt:kev:mtx:book&url_ver=z39.88-2004,NA,NA,NA,NA,NA,NA,NA,NA,NA,NA,NA,,NA,NA,NA,NA,NA,NA,NA,NA
Melastoma_hymenonervium,Raddi,Raddi,,spec.,/n/156417-2,Melastomataceae,Melastoma,hymenonervium,tax. nov.,"Rio de Janeiro (Brazil, Southern America)",FALSE,FALSE,TRUE,,Melast. Bras.,1828,NA,"27 (t. IV, fig. 3)",15781-2,citation,"Melast. Bras. 27 (t. IV, fig. 3). 1828 Mem. Mat. Fis. Soc. Ital. Sci. Modena, Pt. Mem. Fis. 20(1): 135. 1829",FALSE,TRUE,1.2,156417-2,urn:lsid:ipni.org:names:156417-2,wfo-0000158185,TRUE,TRUE,TRUE,FALSE,FALSE,NA,NA,NA,s.n.,G.Raddi,null PI,NA,NA,NA,NA,"Mem. Mat. Fis. Soc. Ital. Sci. Modena, Pt. Mem. Fis. 20(1): 135. 1829",NA,,NA,NA,NA,NA,NA,NA,NA,NA
Melastoma_mandioccanum,Raddi,Raddi,,spec.,/n/326248-2,Melastomataceae,Melastoma,mandioccanum,tax. nov.,"Rio de Janeiro (Brazil, Southern America)",FALSE,FALSE,TRUE,,Melast. Bras.,1828,NA,"24 (t. VI, fig. 1)",15781-2,citation,"Melast. Bras. 24 (t. VI, fig. 1). 1828 Mem. Mat. Fis. Soc. Ital. Sci. Modena, Pt. Mem. Fis. 20(1): 132. 1829",FALSE,TRUE,1.3,326248-2,urn:lsid:ipni.org:names:326248-2,wfo-0000158604,TRUE,TRUE,TRUE,FALSE,FALSE,NA,NA,NA,s.n.,G.Raddi,null PI,NA,NA,NA,NA,"Mem. Mat. Fis. Soc. Ital. Sci. Modena, Pt. Mem. Fis. 20(1): 132. 1829",NA,,NA,NA,NA,NA,NA,NA,NA,NA
Melastoma_marginatum,Desr.,Desr.,,spec.,/n/280733-2,Melastomataceae,Melastoma,marginatum,tax. nov.,Brazil (Southern America),FALSE,FALSE,TRUE,,Encycl. [J. Lamarck & al.],1797,9 Feb 1797,4(1): 32,906-2,citation,Encycl. [J. Lamarck & al.] 4(1): 32. 1797 [9 Feb 1797] ,FALSE,TRUE,1.7,280733-2,urn:lsid:ipni.org:names:280733-2,wfo-0001079474,FALSE,TRUE,TRUE,FALSE,FALSE,http://www.biodiversitylibrary.org/openurl?ctx_ver=Z39.88-2004&rft.date=1797&rft.issue=1&rft.spage=32&rft.volume=4&rft_id=http://www.biodiversitylibrary.org/bibliography/824&rft_val_fmt=info:ofi/fmt:kev:mtx:book&url_ver=z39.88-2004,NA,NA,NA,NA,NA,NA,NA,NA,NA,NA,NA,,NA,NA,NA,NA,NA,NA,NA,NA
Melastoma_nervosum,Sm.,Sm.,,spec.,/n/156437-2,Melastomataceae,Melastoma,nervosum,tax. nov.,Brazil (Southern America),FALSE,FALSE,TRUE,,"Cycl. [A. Rees], (London ed.)",1812,NA,23: Miconia no. 31,1430-2,citation,"Cycl. [A. Rees], (London ed.) 23: Miconia no. 31. 1812 ",FALSE,TRUE,1.3,156437-2,urn:lsid:ipni.org:names:156437-2,wfo-0001080857,FALSE,TRUE,TRUE,FALSE,FALSE,NA,NA,NA,NA,NA,NA,NA,NA,NA,NA,NA,NA,,NA,NA,NA,NA,NA,NA,NA,NA
Melastoma_strangulatum,Raddi,Raddi,,spec.,/n/326249-2,Melastomataceae,Melastoma,strangulatum,tax. nov.,"Rio de Janeiro (Brazil, Southern America)",FALSE,FALSE,TRUE,,Melast. Bras.,1828,NA,"31 (t. II, fig. 2)",15781-2,citation,"Melast. Bras. 31 (t. II, fig. 2). 1828 Mem. Mat. Fis. Soc. Ital. Sci. Modena, Pt. Mem. Fis. 20(1): 139. 1829",FALSE,TRUE,1.3,326249-2,urn:lsid:ipni.org:names:326249-2,wfo-0000160619,TRUE,TRUE,TRUE,FALSE,FALSE,NA,NA,NA,s.n.,G.Raddi,null PI,NA,NA,NA,NA,"Mem. Mat. Fis. Soc. Ital. Sci. Modena, Pt. Mem. Fis. 20(1): 139. 1829",NA,,NA,NA,NA,NA,NA,NA,NA,NA
Melastoma_suaveolens,Raddi,Raddi,,spec.,/n/326250-2,Melastomataceae,Melastoma,suaveolens,tax. nov.,"Rio de Janeiro (Brazil, Southern America)",FALSE,FALSE,TRUE,,Melast. Bras.,1828,NA,"25 (t. IV, fig. 4)",15781-2,citation,"Melast. Bras. 25 (t. IV, fig. 4). 1828 Mem. Mat. Fis. Soc. Ital. Sci. Modena, Pt. Mem. Fis. 20(1): 133. 1829",FALSE,TRUE,1.2,326250-2,urn:lsid:ipni.org:names:326250-2,wfo-0001273814,TRUE,TRUE,TRUE,FALSE,FALSE,NA,NA,NA,s.n.,G.Raddi,null PI,NA,NA,NA,NA,"Mem. Mat. Fis. Soc. Ital. Sci. Modena, Pt. Mem. Fis. 20(1): 133. 1829",NA,,NA,NA,NA,NA,NA,NA,NA,NA
Melastoma_villosum,Aubl.,Aubl.,,spec.,/n/323215-2,Melastomataceae,Melastoma,villosum,tax. nov.,Brazil (Southern America),FALSE,FALSE,TRUE,,Pl. Guian.,1775,NA,1: 428 (t. 168),3862-2,citation,Pl. Guian. 1: 428 (t. 168). 1775 ,FALSE,TRUE,1.3,323215-2,urn:lsid:ipni.org:names:323215-2,wfo-0001080602,FALSE,TRUE,TRUE,FALSE,FALSE,NA,NA,NA,NA,NA,NA,NA,NA,NA,NA,NA,NA,,NA,NA,NA,NA,NA,NA,NA,NA
Meriania_ferruginea,Suess.,Suess.,,spec.,/n/157590-2,Melastomataceae,Meriania,ferruginea,tax. nov.,Brazil (Southern America),FALSE,FALSE,TRUE,,Repert. Spec. Nov. Regni Veg.,1937,NA,42: 46,788-2,citation,Repert. Spec. Nov. Regni Veg. 42: 46. 1937 ,FALSE,TRUE,1.3,157590-2,urn:lsid:ipni.org:names:157590-2,wfo-0001278060,FALSE,TRUE,TRUE,FALSE,FALSE,http://www.biodiversitylibrary.org/openurl?ctx_ver=Z39.88-2004&rft.date=1937&rft.spage=46&rft.volume=42&rft_id=http://www.biodiversitylibrary.org/bibliography/276&rft_val_fmt=info:ofi/fmt:kev:mtx:book&url_ver=z39.88-2004,NA,NA,NA,NA,NA,NA,NA,NA,NA,NA,NA,,NA,NA,NA,NA,NA,NA,NA,NA
Merianthera_calyptrata,"R.Goldenb., Bochorny & Fraga","R.Goldenb., Bochorny & Fraga",,spec.,/n/77324801-1,Melastomataceae,Merianthera,calyptrata,tax. nov.,"Minas Gerais (Brazil Southeast, Brazil, Southern America)",FALSE,FALSE,FALSE,,Eur. J. Taxon.,2023,9 Aug 2023,888: 67,20016745-1,citation,Eur. J. Taxon. 888: 67. 2023 [9 Aug 2023] [epublished],FALSE,TRUE,1.4,77324801-1,urn:lsid:ipni.org:names:77324801-1,NA,TRUE,FALSE,TRUE,FALSE,FALSE,NA,NA,NA,4144,Claudio N.de Fraga &amp; Dayvid R.Couto,holotype RB RB01463285;isotype BHCB;isotype K;isotype MBML;isotype NY;isotype UPCB,NA,"doi:10.5852/ejt.2023.888.2209 Etymology: The epithet refers to the flowers with a calyptrate calyx, a unique feature of M. calyptrata sp. nov., and otherwise unknown in the genus and tribe.",30 Mar 2022,"Jacinto, Comunidade de Medeiros, 'acesso a esquerda na MG-405 sentido Jacinto - Jaguarão, propriedade do Sr. Augusto Chavier de Souza'",[epublished],NA,,NA,NA,NA,NA,NA,NA,NA,NA
Miconia_clivorum,Wurdack,Wurdack,,spec.,/n/158918-2,Melastomataceae,Miconia,clivorum,tax. nov.,"Amazonas (Brazil, Southern America)",FALSE,FALSE,TRUE,,Phytologia,1965,NA,11: 388,1034-2,citation,Phytologia 11: 388. 1965 ,FALSE,TRUE,1.3,158918-2,urn:lsid:ipni.org:names:158918-2,wfo-0001081818,FALSE,TRUE,TRUE,FALSE,FALSE,http://www.biodiversitylibrary.org/openurl?ctx_ver=Z39.88-2004&rft.date=1965&rft.spage=388&rft.volume=11&rft_id=http://www.biodiversitylibrary.org/bibliography/12678&rft_val_fmt=info:ofi/fmt:kev:mtx:book&url_ver=z39.88-2004,NA,NA,NA,NA,NA,NA,NA,NA,NA,NA,NA,,NA,NA,NA,NA,NA,NA,NA,NA
Miconia_eriantha,Cogn.,Cogn.,,spec.,/n/159044-2,Melastomataceae,Miconia,eriantha,tax. nov.,Brazil (Southern America),FALSE,FALSE,TRUE,,Monogr. Phan. [A.DC. & C.DC.],1891,Jun 1891,7: 845,3279-2,citation,Monogr. Phan. [A.DC. & C.DC.] 7: 845. 1891 [Jun 1891] ,FALSE,TRUE,1.3.1.5,159044-2,urn:lsid:ipni.org:names:159044-2,wfo-0001079616,FALSE,TRUE,TRUE,FALSE,FALSE,http://www.biodiversitylibrary.org/openurl?ctx_ver=Z39.88-2004&rft.date=1891&rft.spage=845&rft.volume=7&rft_id=http://www.biodiversitylibrary.org/bibliography/45961&rft_val_fmt=info:ofi/fmt:kev:mtx:book&url_ver=z39.88-2004,NA,NA,NA,NA,NA,NA,NA,NA,NA,NA,NA,,NA,NA,NA,NA,NA,NA,NA,NA
Miconia_hypargyraea,Miq.,Miq.,,spec.,/n/323249-2,Melastomataceae,Miconia,hypargyraea,tax. nov.,Brazil (Southern America),FALSE,FALSE,TRUE,,Linnaea,1845,prob. Aug 1845,18(5): 622,703-2,citation,Linnaea 18(5): 622. 1845 [prob. Aug 1845] ,FALSE,TRUE,1.5,323249-2,urn:lsid:ipni.org:names:323249-2,wfo-0001262613,FALSE,TRUE,TRUE,FALSE,FALSE,http://www.biodiversitylibrary.org/openurl?ctx_ver=Z39.88-2004&rft_id=http://www.biodiversitylibrary.org/page/108208&rft_val_fmt=info:ofi/fmt:kev:mtx:book&url_ver=z39.88-2004,NA,108208,NA,NA,NA,NA,NA,NA,NA,NA,NA,,NA,NA,NA,NA,NA,NA,NA,NA
Miconia_impetiginosa,DC.,DC.,,spec.,/n/323235-2,Melastomataceae,Miconia,impetiginosa,tax. nov.,Brazil (Southern America),FALSE,FALSE,TRUE,,Prodr. [A. P. de Candolle],1828,mid Mar 1828,3: 183,1051-2,citation,Prodr. [A. P. de Candolle] 3: 183. 1828 [mid Mar 1828] ,FALSE,TRUE,1.5,323235-2,urn:lsid:ipni.org:names:323235-2,wfo-0001278079,FALSE,TRUE,TRUE,FALSE,FALSE,http://www.biodiversitylibrary.org/openurl?ctx_ver=Z39.88-2004&rft_id=http://www.biodiversitylibrary.org/page/152985&rft_val_fmt=info:ofi/fmt:kev:mtx:book&url_ver=z39.88-2004,NA,152985,NA,NA,NA,NA,NA,NA,NA,NA,NA,,NA,NA,NA,NA,NA,NA,NA,NA
Miconia_japurensis,Cogn.,Cogn.,,spec.,/n/159214-2,Melastomataceae,Miconia,japurensis,tax. nov.,Brazil (Southern America),FALSE,FALSE,TRUE,,Bol. Mus. Goeldi Hist. Nat. Ethnogr.,1909,NA,5: 253,4221-2,citation,Bol. Mus. Goeldi Hist. Nat. Ethnogr. 5: 253. 1909 ,FALSE,TRUE,1.3,159214-2,urn:lsid:ipni.org:names:159214-2,wfo-0000158239,FALSE,TRUE,TRUE,FALSE,FALSE,NA,NA,NA,NA,NA,NA,NA,NA,NA,NA,NA,NA,,NA,NA,NA,NA,NA,NA,NA,NA
Miconia_kleinii,Brade,Brade,,spec.,/n/159226-2,Melastomataceae,Miconia,kleinii,tax. nov.,"Santa Catarina &amp; Parana, Brazil (Southern America)",FALSE,FALSE,TRUE,,Sellowia,1960,NA,no. 12: 144,1217-2,citation,Sellowia no. 12: 144. 1960 ,FALSE,TRUE,1.4,159226-2,urn:lsid:ipni.org:names:159226-2,wfo-0001235317,FALSE,TRUE,TRUE,FALSE,FALSE,NA,NA,NA,NA,NA,NA,NA,NA,NA,NA,NA,NA,,NA,NA,NA,NA,NA,NA,NA,NA
Miconia_mendoncaei,Cogn.,Cogn.,,spec.,/n/159353-2,Melastomataceae,Miconia,mendoncaei,tax. nov.,Brazil (Southern America),FALSE,FALSE,TRUE,,Monogr. Phan. [A.DC. & C.DC.],1891,Jun 1891,7: 772,3279-2,citation,Monogr. Phan. [A.DC. & C.DC.] 7: 772. 1891 [Jun 1891] ,FALSE,TRUE,1.3.1.4,159353-2,urn:lsid:ipni.org:names:159353-2,wfo-0001079730,FALSE,TRUE,TRUE,FALSE,FALSE,http://www.biodiversitylibrary.org/openurl?ctx_ver=Z39.88-2004&rft.date=1891&rft.spage=772&rft.volume=7&rft_id=http://www.biodiversitylibrary.org/bibliography/45961&rft_val_fmt=info:ofi/fmt:kev:mtx:book&url_ver=z39.88-2004,NA,NA,NA,NA,NA,NA,NA,NA,NA,NA,NA,,NA,NA,NA,NA,NA,NA,NA,NA
Miconia_micrantha,Pilg.,Pilg.,,spec.,/n/159362-2,Melastomataceae,Miconia,micrantha,tax. nov.,Brazil (Southern America),FALSE,FALSE,TRUE,,Verh. Bot. Vereins Prov. Brandenburg,1905,NA,47: 173,823-2,citation,Verh. Bot. Vereins Prov. Brandenburg 47: 173. 1905 ,FALSE,TRUE,1.4,159362-2,urn:lsid:ipni.org:names:159362-2,wfo-1000042087,FALSE,TRUE,TRUE,FALSE,FALSE,http://www.biodiversitylibrary.org/openurl?ctx_ver=Z39.88-2004&rft.date=1905&rft.spage=173&rft.volume=47&rft_id=http://www.biodiversitylibrary.org/bibliography/49731&rft_val_fmt=info:ofi/fmt:kev:mtx:book&url_ver=z39.88-2004,NA,NA,NA,NA,NA,NA,NA,NA,NA,NA,NA,,NA,NA,NA,NA,NA,NA,NA,NA
Miconia_molinopampana,Wurdack,Wurdack,,spec.,/n/159379-2,Melastomataceae,Miconia,molinopampana,tax. nov.,"Amazonas (Brazil, Southern America)",FALSE,FALSE,TRUE,,Phytologia,1966,NA,13: 78,1034-2,citation,Phytologia 13: 78. 1966 ,FALSE,TRUE,1.4,159379-2,urn:lsid:ipni.org:names:159379-2,wfo-0001081841,FALSE,TRUE,TRUE,FALSE,FALSE,http://www.biodiversitylibrary.org/openurl?ctx_ver=Z39.88-2004&rft.date=1966&rft.spage=78&rft.volume=13&rft_id=http://www.biodiversitylibrary.org/bibliography/12678&rft_val_fmt=info:ofi/fmt:kev:mtx:book&url_ver=z39.88-2004,NA,NA,NA,NA,NA,NA,NA,NA,NA,NA,NA,,NA,NA,NA,NA,NA,NA,NA,NA
Miconia_paludigena,Wurdack,Wurdack,,spec.,/n/159463-2,Melastomataceae,Miconia,paludigena,tax. nov.,"Amazonas (Brazil, Southern America)",FALSE,FALSE,TRUE,,Phytologia,1965,NA,11: 394,1034-2,citation,Phytologia 11: 394. 1965 ,FALSE,TRUE,1.3,159463-2,urn:lsid:ipni.org:names:159463-2,wfo-0001081844,FALSE,TRUE,TRUE,FALSE,FALSE,http://www.biodiversitylibrary.org/openurl?ctx_ver=Z39.88-2004&rft.date=1965&rft.spage=394&rft.volume=11&rft_id=http://www.biodiversitylibrary.org/bibliography/12678&rft_val_fmt=info:ofi/fmt:kev:mtx:book&url_ver=z39.88-2004,NA,NA,NA,NA,NA,NA,NA,NA,NA,NA,NA,,NA,NA,NA,NA,NA,NA,NA,NA
Miconia_paradisica,Wurdack,Wurdack,,spec.,/n/159468-2,Melastomataceae,Miconia,paradisica,tax. nov.,"Amazonas (Brazil, Southern America)",FALSE,FALSE,TRUE,,Phytologia,1965,NA,11: 391,1034-2,citation,Phytologia 11: 391. 1965 ,FALSE,TRUE,1.4,159468-2,urn:lsid:ipni.org:names:159468-2,wfo-0001081845,FALSE,TRUE,TRUE,FALSE,FALSE,http://www.biodiversitylibrary.org/openurl?ctx_ver=Z39.88-2004&rft.date=1965&rft.spage=391&rft.volume=11&rft_id=http://www.biodiversitylibrary.org/bibliography/12678&rft_val_fmt=info:ofi/fmt:kev:mtx:book&url_ver=z39.88-2004,NA,NA,NA,NA,NA,NA,NA,NA,NA,NA,NA,,NA,NA,NA,NA,NA,NA,NA,NA
Miconia_phlebodes,Wurdack,Wurdack,,spec.,/n/159510-2,Melastomataceae,Miconia,phlebodes,tax. nov.,"Amazonas (Brazil, Southern America)",FALSE,FALSE,TRUE,,Phytologia,1964,NA,9: 419,1034-2,citation,Phytologia 9: 419. 1964 ,FALSE,TRUE,1.4,159510-2,urn:lsid:ipni.org:names:159510-2,wfo-0001082038,FALSE,TRUE,TRUE,FALSE,FALSE,http://www.biodiversitylibrary.org/openurl?ctx_ver=Z39.88-2004&rft.date=1964&rft.spage=419&rft.volume=9&rft_id=http://www.biodiversitylibrary.org/bibliography/12678&rft_val_fmt=info:ofi/fmt:kev:mtx:book&url_ver=z39.88-2004,NA,NA,NA,NA,NA,NA,NA,NA,NA,NA,NA,,NA,NA,NA,NA,NA,NA,NA,NA
Miconia_setoso-ciliata,Cogn.,Cogn.,,spec.,/n/159726-2,Melastomataceae,Miconia,setoso-ciliata,tax. nov.,Brazil (Southern America),FALSE,FALSE,TRUE,,Monogr. Phan. [A.DC. & C.DC.],1891,Jun 1891,7: 843,3279-2,citation,Monogr. Phan. [A.DC. & C.DC.] 7: 843. 1891 [Jun 1891] ,FALSE,TRUE,1.3.1.5,159726-2,urn:lsid:ipni.org:names:159726-2,wfo-0001079853,FALSE,TRUE,TRUE,FALSE,FALSE,http://www.biodiversitylibrary.org/openurl?ctx_ver=Z39.88-2004&rft.date=1891&rft.spage=843&rft.volume=7&rft_id=http://www.biodiversitylibrary.org/bibliography/45961&rft_val_fmt=info:ofi/fmt:kev:mtx:book&url_ver=z39.88-2004,NA,NA,NA,NA,NA,NA,NA,NA,NA,NA,NA,,NA,NA,NA,NA,NA,NA,NA,NA
Miconia_velutina,L.Linden & Rodigas,L.Linden & Rodigas,,spec.,/n/159913-2,Melastomataceae,Miconia,velutina,tax. nov.,Brazil (Southern America),FALSE,FALSE,TRUE,,Ill. Hort.,1894,NA,"41: 331, pl. 21",1202-2,citation,"Ill. Hort. 41: 331, pl. 21. 1894 ",FALSE,TRUE,1.5,159913-2,urn:lsid:ipni.org:names:159913-2,wfo-0001082488,FALSE,TRUE,TRUE,FALSE,FALSE,http://www.biodiversitylibrary.org/openurl?ctx_ver=Z39.88-2004&rft.date=1894&rft.spage=331&rft.volume=41&rft_id=http://www.biodiversitylibrary.org/bibliography/131&rft_val_fmt=info:ofi/fmt:kev:mtx:book&url_ver=z39.88-2004,NA,NA,NA,NA,NA,NA,NA,NA,NA,NA,NA,,NA,NA,NA,NA,NA,NA,NA,NA
Miconia_venulosa,Wurdack,Wurdack,,spec.,/n/159914-2,Melastomataceae,Miconia,venulosa,tax. nov.,"Amazonas (Brazil, Southern America)",FALSE,FALSE,TRUE,,Phytologia,1964,NA,9: 420,1034-2,citation,Phytologia 9: 420. 1964 ,FALSE,TRUE,1.4,159914-2,urn:lsid:ipni.org:names:159914-2,wfo-0001081867,FALSE,TRUE,TRUE,FALSE,FALSE,http://www.biodiversitylibrary.org/openurl?ctx_ver=Z39.88-2004&rft.date=1964&rft.spage=420&rft.volume=9&rft_id=http://www.biodiversitylibrary.org/bibliography/12678&rft_val_fmt=info:ofi/fmt:kev:mtx:book&url_ver=z39.88-2004,NA,NA,NA,NA,NA,NA,NA,NA,NA,NA,NA,,NA,NA,NA,NA,NA,NA,NA,NA
Microlicia_alsinefolia,DC.,DC.,,spec.,/n/573431-1,Melastomataceae,Microlicia,alsinefolia,tax. nov.,"Minas Gerais (Brazil, Southern America)",FALSE,FALSE,TRUE,,Prodr. [A. P. de Candolle],1828,mid Mar 1828,3: 117,1051-2,citation,Prodr. [A. P. de Candolle] 3: 117. 1828 [mid Mar 1828] ,FALSE,TRUE,1.5.2.1.1.1,573431-1,urn:lsid:ipni.org:names:573431-1,wfo-0001259911,FALSE,TRUE,TRUE,FALSE,FALSE,http://www.biodiversitylibrary.org/openurl?ctx_ver=Z39.88-2004&rft_id=http://www.biodiversitylibrary.org/page/152919&rft_val_fmt=info:ofi/fmt:kev:mtx:book&url_ver=z39.88-2004,NA,152919,NA,NA,NA,NA,NA,NA,NA,NA,NA,,NA,NA,NA,NA,NA,NA,NA,NA
Microlicia_barretoana,"R.B.Pacifico, Almeda & Fidanza","R.B.Pacifico, Almeda & Fidanza",,spec.,/n/77219753-1,Melastomataceae,Microlicia,barretoana,tax. nov.,"Minas Gerais (Brazil Southeast, Brazil, Southern America)",FALSE,FALSE,TRUE,,Brittonia,2021,22 Jan 2021,73(1): 107,561-2,citation,Brittonia 73(1): 107. 2021 [22 Jan 2021] [epublished],FALSE,TRUE,1.2,77219753-1,urn:lsid:ipni.org:names:77219753-1,wfo-1000027989,TRUE,TRUE,TRUE,FALSE,FALSE,NA,NA,NA,7037,M. Barreto,holotype BHCB 54585;isotype BHCB ex BHMH 20566,NA,"doi:10.1007/s12228-020-09649-2 The epithet honours Henrique Lahmeyer de Mello Barreto (1892–1962), an eminent Brazilian botanist and landscape architect of the twentieth century and collector of the type of M. barretoana.",7 Aug 1933,"Santa Luzia [Mun. Santana do Riacho], Serra do Cipó",[epublished],NA,,NA,NA,NA,NA,NA,NA,NA,NA
Microlicia_bradeana,Hoehne,Hoehne,,spec.,/n/160178-2,Melastomataceae,Microlicia,bradeana,tax. nov.,Brazil (Southern America),FALSE,FALSE,TRUE,,"Anexos Mem. Inst. Butantan, Secc. Bot.",1922,NA,"1, fasc. 5: 28",3497-2,citation,"Anexos Mem. Inst. Butantan, Secc. Bot. 1, fasc. 5: 28. 1922 ",FALSE,TRUE,1.3,160178-2,urn:lsid:ipni.org:names:160178-2,wfo-0001079926,FALSE,TRUE,TRUE,FALSE,FALSE,NA,NA,NA,NA,NA,NA,NA,NA,NA,NA,NA,NA,,NA,NA,NA,NA,NA,NA,NA,NA
Microlicia_cearensis,Ducke,Ducke,,spec.,/n/160182-2,Melastomataceae,Microlicia,cearensis,tax. nov.,Brazil (Southern America),FALSE,FALSE,TRUE,,"Anexos Mem. Inst. Butantan, Secc. Bot.",1922,NA,"1, fasc. 5: 19",3497-2,citation,"Anexos Mem. Inst. Butantan, Secc. Bot. 1, fasc. 5: 19. 1922 ",FALSE,TRUE,1.3,160182-2,urn:lsid:ipni.org:names:160182-2,wfo-0000158336,FALSE,TRUE,TRUE,FALSE,FALSE,NA,NA,NA,NA,NA,NA,NA,NA,NA,NA,NA,NA,,NA,NA,NA,NA,NA,NA,NA,NA
Microlicia_ciliata,Cogn.,Cogn.,,spec.,/n/160184-2,Melastomataceae,Microlicia,ciliata,tax. nov.,Brazil (Southern America),FALSE,FALSE,TRUE,,Bull. Soc. Bot. France,1908,NA,54(Mém. 3c): 247,578-2,citation,Bull. Soc. Bot. France 54(Mém. 3c): 247. 1908 ,FALSE,TRUE,1.5,160184-2,urn:lsid:ipni.org:names:160184-2,wfo-0000158337,FALSE,TRUE,TRUE,FALSE,FALSE,NA,NA,NA,NA,NA,NA,NA,NA,NA,NA,NA,NA,,NA,NA,NA,NA,NA,NA,NA,NA
Microlicia_cogniauxii,Glaz.,Glaz.,,spec.,/n/160189-2,Melastomataceae,Microlicia,cogniauxii,tax. nov.,Brazil (Southern America),FALSE,FALSE,TRUE,,Bull. Soc. Bot. France,1908,NA,54(Mém. 3c): 249,578-2,citation,Bull. Soc. Bot. France 54(Mém. 3c): 249. 1908 ,FALSE,TRUE,1.5,160189-2,urn:lsid:ipni.org:names:160189-2,wfo-0001079932,FALSE,TRUE,TRUE,FALSE,FALSE,NA,NA,NA,NA,NA,NA,NA,NA,NA,NA,NA,NA,,NA,NA,NA,NA,NA,NA,NA,NA
Microlicia_formosana,Glaz.,Glaz.,,spec.,/n/160217-2,Melastomataceae,Microlicia,formosana,tax. nov.,Brazil (Southern America),FALSE,FALSE,TRUE,,Bull. Soc. Bot. France,1908,NA,54(Mém. 3c): 249,578-2,citation,Bull. Soc. Bot. France 54(Mém. 3c): 249. 1908 ,FALSE,TRUE,1.5,160217-2,urn:lsid:ipni.org:names:160217-2,wfo-0000158342,FALSE,TRUE,TRUE,FALSE,FALSE,NA,NA,NA,NA,NA,NA,NA,NA,NA,NA,NA,NA,,NA,NA,NA,NA,NA,NA,NA,NA
