name,authors,publishingAuthor,authorTeam,rank,url,family,genus,species,citationType,distribution,hybrid,hybridGenus,infraspecies,inPowo,pageAsText,linkedPublication,publication,publicationYear,publicationYearNote,referenceCollation,publicationId,recordType,reference,suppressed,topCopy,version,id,fqId,wfoId,hasNomenclaturalNotes,hasExternalLinks,hasTypeData,hasOriginalData,hasLinks,bhlLink,collectionNumber,collectorTeam,typeLocations,speciesAuthor,referenceRemarks,originalTaxonDistribution,collectionDate1,locality,remarks,typeCoordinates,originalRemarks,basionymStr,basionymAuthorStr,basionymId,nameStatus,nameStatusType,bibliographicReference,typeChosenBy
Ottonia_albopunctata,Trel.,Trel.,,spec.,/n/177398-2,Piperaceae,Ottonia,albopunctata,tax. nov.,"Minas Gerais (Brazil, Southern America)",FALSE,FALSE,NA,TRUE,NA,,Proc. Amer. Philos. Soc.,1935,NA,75: 696,8208-2,citation,Proc. Amer. Philos. Soc. 75: 696. 1935 ,FALSE,TRUE,1.4,177398-2,urn:lsid:ipni.org:names:177398-2,wfo-0000386969,FALSE,TRUE,TRUE,FALSE,FALSE,http://www.biodiversitylibrary.org/openurl?ctx_ver=Z39.88-2004&rft.date=1935&rft.spage=696&rft.volume=75&rft_id=http://www.biodiversitylibrary.org/bibliography/7023&rft_val_fmt=info:ofi/fmt:kev:mtx:book&url_ver=z39.88-2004,NA,NA,NA,NA,NA,NA,NA,NA,NA,,NA,NA,NA,NA,NA,NA,NA,NA
Ottonia_armondi,Trel.,Trel.,,spec.,/n/177402-2,Piperaceae,Ottonia,armondi,tax. nov.,"Rio de Janeiro (Brazil, Southern America)",FALSE,FALSE,NA,FALSE,NA,,Proc. Amer. Philos. Soc.,1935,NA,75: 697,8208-2,citation,Proc. Amer. Philos. Soc. 75: 697. 1935 ,FALSE,TRUE,1.2,177402-2,urn:lsid:ipni.org:names:177402-2,wfo-0000386965,FALSE,TRUE,TRUE,FALSE,FALSE,http://www.biodiversitylibrary.org/openurl?ctx_ver=Z39.88-2004&rft.date=1935&rft.spage=697&rft.volume=75&rft_id=http://www.biodiversitylibrary.org/bibliography/7023&rft_val_fmt=info:ofi/fmt:kev:mtx:book&url_ver=z39.88-2004,NA,NA,NA,NA,NA,NA,NA,NA,NA,,NA,NA,NA,NA,NA,NA,NA,NA
Ottonia_douglasii,Trel.,Trel.,,spec.,/n/177417-2,Piperaceae,Ottonia,douglasii,tax. nov.,"Rio de Janeiro (Brazil, Southern America)",FALSE,FALSE,NA,TRUE,NA,,Proc. Amer. Philos. Soc.,1935,NA,75: 701,8208-2,citation,Proc. Amer. Philos. Soc. 75: 701. 1935 ,FALSE,TRUE,1.3,177417-2,urn:lsid:ipni.org:names:177417-2,wfo-0000386897,FALSE,TRUE,TRUE,FALSE,FALSE,http://www.biodiversitylibrary.org/openurl?ctx_ver=Z39.88-2004&rft.date=1935&rft.spage=701&rft.volume=75&rft_id=http://www.biodiversitylibrary.org/bibliography/7023&rft_val_fmt=info:ofi/fmt:kev:mtx:book&url_ver=z39.88-2004,NA,NA,NA,NA,NA,NA,NA,NA,NA,,NA,NA,NA,NA,NA,NA,NA,NA
Ottonia_grandifolia,Trel.,Trel.,,spec.,/n/177430-2,Piperaceae,Ottonia,grandifolia,tax. nov.,"Minas Gerais (Brazil, Southern America)",FALSE,FALSE,NA,TRUE,NA,,Proc. Amer. Philos. Soc.,1935,NA,75: 705,8208-2,citation,Proc. Amer. Philos. Soc. 75: 705. 1935 ,FALSE,TRUE,1.3,177430-2,urn:lsid:ipni.org:names:177430-2,wfo-0000386889,FALSE,TRUE,TRUE,FALSE,FALSE,http://www.biodiversitylibrary.org/openurl?ctx_ver=Z39.88-2004&rft.date=1935&rft.spage=705&rft.volume=75&rft_id=http://www.biodiversitylibrary.org/bibliography/7023&rft_val_fmt=info:ofi/fmt:kev:mtx:book&url_ver=z39.88-2004,NA,NA,NA,NA,NA,NA,NA,NA,NA,,NA,NA,NA,NA,NA,NA,NA,NA
Ottonia_hammarii,Trel.,Trel.,,spec.,/n/177431-2,Piperaceae,Ottonia,hammarii,tax. nov.,"Sao Paulo (Brazil, Southern America)",FALSE,FALSE,NA,FALSE,NA,,Proc. Amer. Philos. Soc.,1935,NA,75: 705,8208-2,citation,Proc. Amer. Philos. Soc. 75: 705. 1935 ,FALSE,TRUE,1.3,177431-2,urn:lsid:ipni.org:names:177431-2,wfo-0001266333,FALSE,TRUE,TRUE,FALSE,FALSE,http://www.biodiversitylibrary.org/openurl?ctx_ver=Z39.88-2004&rft.date=1935&rft.spage=705&rft.volume=75&rft_id=http://www.biodiversitylibrary.org/bibliography/7023&rft_val_fmt=info:ofi/fmt:kev:mtx:book&url_ver=z39.88-2004,NA,NA,NA,NA,NA,NA,NA,NA,NA,,NA,NA,NA,NA,NA,NA,NA,NA
Ottonia_mendoncae,Trel.,Trel.,,spec.,/n/177445-2,Piperaceae,Ottonia,mendoncae,tax. nov.,"Rio de Janeiro (Brazil, Southern America)",FALSE,FALSE,NA,TRUE,NA,,Proc. Amer. Philos. Soc.,1935,NA,75: 708,8208-2,citation,Proc. Amer. Philos. Soc. 75: 708. 1935 ,FALSE,TRUE,1.3,177445-2,urn:lsid:ipni.org:names:177445-2,wfo-0000386922,FALSE,TRUE,TRUE,FALSE,FALSE,http://www.biodiversitylibrary.org/openurl?ctx_ver=Z39.88-2004&rft.date=1935&rft.spage=708&rft.volume=75&rft_id=http://www.biodiversitylibrary.org/bibliography/7023&rft_val_fmt=info:ofi/fmt:kev:mtx:book&url_ver=z39.88-2004,NA,NA,NA,NA,NA,NA,NA,NA,NA,,NA,NA,NA,NA,NA,NA,NA,NA
Ottonia_santa-annae,Trel.,Trel.,,spec.,/n/177465-2,Piperaceae,Ottonia,santa-annae,tax. nov.,"Sao Paulo (Brazil, Southern America)",FALSE,FALSE,NA,FALSE,NA,,Proc. Amer. Philos. Soc.,1935,NA,75: 713,8208-2,citation,Proc. Amer. Philos. Soc. 75: 713. 1935 ,FALSE,TRUE,1.2,177465-2,urn:lsid:ipni.org:names:177465-2,wfo-0001266336,FALSE,TRUE,TRUE,FALSE,FALSE,http://www.biodiversitylibrary.org/openurl?ctx_ver=Z39.88-2004&rft.date=1935&rft.spage=713&rft.volume=75&rft_id=http://www.biodiversitylibrary.org/bibliography/7023&rft_val_fmt=info:ofi/fmt:kev:mtx:book&url_ver=z39.88-2004,NA,NA,NA,NA,NA,NA,NA,NA,NA,,NA,NA,NA,NA,NA,NA,NA,NA
Ottonia_santa-ludoviciana,Trel.,Trel.,,spec.,/n/177466-2,Piperaceae,Ottonia,santa-ludoviciana,tax. nov.,Brazil (Southern America),FALSE,FALSE,NA,TRUE,NA,,Proc. Amer. Philos. Soc.,1935,NA,75: 714,8208-2,citation,Proc. Amer. Philos. Soc. 75: 714. 1935 ,FALSE,TRUE,1.3,177466-2,urn:lsid:ipni.org:names:177466-2,wfo-0000386902,FALSE,TRUE,TRUE,FALSE,FALSE,http://www.biodiversitylibrary.org/openurl?ctx_ver=Z39.88-2004&rft.date=1935&rft.spage=714&rft.volume=75&rft_id=http://www.biodiversitylibrary.org/bibliography/7023&rft_val_fmt=info:ofi/fmt:kev:mtx:book&url_ver=z39.88-2004,NA,NA,NA,NA,NA,NA,NA,NA,NA,,NA,NA,NA,NA,NA,NA,NA,NA
Ottonia_santa-ritana,Trel.,Trel.,,spec.,/n/177467-2,Piperaceae,Ottonia,santa-ritana,tax. nov.,"Minas Gerais (Brazil, Southern America)",FALSE,FALSE,NA,TRUE,NA,,Proc. Amer. Philos. Soc.,1935,NA,75: 714,8208-2,citation,Proc. Amer. Philos. Soc. 75: 714. 1935 ,FALSE,TRUE,1.3,177467-2,urn:lsid:ipni.org:names:177467-2,wfo-0000386901,FALSE,TRUE,TRUE,FALSE,FALSE,http://www.biodiversitylibrary.org/openurl?ctx_ver=Z39.88-2004&rft.date=1935&rft.spage=714&rft.volume=75&rft_id=http://www.biodiversitylibrary.org/bibliography/7023&rft_val_fmt=info:ofi/fmt:kev:mtx:book&url_ver=z39.88-2004,NA,NA,NA,NA,NA,NA,NA,NA,NA,,NA,NA,NA,NA,NA,NA,NA,NA
Ottonia_stationis,Trel.,Trel.,,spec.,/n/177469-2,Piperaceae,Ottonia,stationis,tax. nov.,"Bahia (Brazil, Southern America)",FALSE,FALSE,NA,TRUE,NA,,Proc. Amer. Philos. Soc.,1935,NA,75: 714,8208-2,citation,Proc. Amer. Philos. Soc. 75: 714. 1935 ,FALSE,TRUE,1.3,177469-2,urn:lsid:ipni.org:names:177469-2,wfo-0000386946,FALSE,TRUE,TRUE,FALSE,FALSE,http://www.biodiversitylibrary.org/openurl?ctx_ver=Z39.88-2004&rft.date=1935&rft.spage=714&rft.volume=75&rft_id=http://www.biodiversitylibrary.org/bibliography/7023&rft_val_fmt=info:ofi/fmt:kev:mtx:book&url_ver=z39.88-2004,NA,NA,NA,NA,NA,NA,NA,NA,NA,,NA,NA,NA,NA,NA,NA,NA,NA
Ottonia_striaticaulis,Trel.,Trel.,,spec.,/n/177471-2,Piperaceae,Ottonia,striaticaulis,tax. nov.,Brazil (Southern America),FALSE,FALSE,NA,TRUE,NA,,Proc. Amer. Philos. Soc.,1935,NA,75: 715,8208-2,citation,Proc. Amer. Philos. Soc. 75: 715. 1935 ,FALSE,TRUE,1.3,177471-2,urn:lsid:ipni.org:names:177471-2,wfo-0000387031,FALSE,TRUE,TRUE,FALSE,FALSE,http://www.biodiversitylibrary.org/openurl?ctx_ver=Z39.88-2004&rft.date=1935&rft.spage=715&rft.volume=75&rft_id=http://www.biodiversitylibrary.org/bibliography/7023&rft_val_fmt=info:ofi/fmt:kev:mtx:book&url_ver=z39.88-2004,NA,NA,NA,NA,NA,NA,NA,NA,NA,,NA,NA,NA,NA,NA,NA,NA,NA
Peperomia_beckeri,E.F.Guim. & R.J.V.Alves,E.F.Guim. & R.J.V.Alves,,spec.,/n/1004804-1,Piperaceae,Peperomia,beckeri,tax. nov.,Brazil Southeast (Trinidade).,FALSE,FALSE,NA,TRUE,NA,,Bradea,1998,1998,8(17): 98 (1998),1276-2,citation,Bradea 8(17): 98 (1998). ,FALSE,TRUE,1.1.2.2.1.2,1004804-1,urn:lsid:ipni.org:names:1004804-1,wfo-0000478274,FALSE,TRUE,TRUE,TRUE,FALSE,NA,520,J. Becker,holotype Herbario de Museu Nacional,NA,NA,Brazil Southeast (Trinidade).,13 Dec 1965,NA,NA,,NA,NA,NA,NA,NA,NA,NA,NA
Peperomia_beckeri,E.F.Guim. & R.J.V.Alves,E.F.Guim. & R.J.V.Alves,,spec.,/n/317016-2,Piperaceae,Peperomia,beckeri,tax. nov.,"Ilha de Trindade, escarpa do noroeste, Brazil (Southern America)",FALSE,FALSE,NA,FALSE,NA,,Bradea,1998,NA,"8: 98 (98-100, fig. 1)",1276-2,citation,"Bradea 8: 98 (98-100, fig. 1). 1998 ",FALSE,TRUE,1.3,317016-2,urn:lsid:ipni.org:names:317016-2,NA,FALSE,FALSE,TRUE,FALSE,FALSE,NA,520,Johann Becker,holotype R,NA,NA,NA,NA,NA,[Gandhi 30 Dec 1998],,NA,NA,NA,NA,NA,NA,NA,NA
Peperomia_callophylla,Yunck.,Yunck.,,spec.,/n/188406-2,Piperaceae,Peperomia,callophylla,tax. nov.,"Paraná (Brazil, Southern America)",FALSE,FALSE,NA,TRUE,NA,,Bol. Inst. Bot. (São Paulo),1966,NA,"no. 3: 140, fig. 124",5530-2,citation,"Bol. Inst. Bot. (São Paulo) no. 3: 140, fig. 124. 1966 ",FALSE,TRUE,1.3,188406-2,urn:lsid:ipni.org:names:188406-2,wfo-0000490342,FALSE,TRUE,TRUE,FALSE,FALSE,NA,NA,NA,NA,NA,NA,NA,NA,NA,NA,,NA,NA,NA,NA,NA,NA,NA,NA
Peperomia_catharinensis,Dahlst.,Dahlst.,,spec.,/n/188441-2,Piperaceae,Peperomia,catharinensis,tax. nov.,Brazil (Southern America),FALSE,FALSE,NA,TRUE,NA,,Kongl. Svenska Vetensk.-Akad. Handl.,1900,NA,33(2): 116,20010256-1,citation,Kongl. Svenska Vetensk.-Akad. Handl. 33(2): 116. 1900 ,FALSE,TRUE,1.4,188441-2,urn:lsid:ipni.org:names:188441-2,wfo-0000482245,FALSE,TRUE,TRUE,FALSE,FALSE,http://www.biodiversitylibrary.org/openurl?ctx_ver=Z39.88-2004&rft.date=1900&rft.issue=2&rft.spage=116&rft.volume=33&rft_id=http://www.biodiversitylibrary.org/bibliography/50688&rft_val_fmt=info:ofi/fmt:kev:mtx:book&url_ver=z39.88-2004,NA,NA,NA,NA,NA,NA,NA,NA,NA,,NA,NA,NA,NA,NA,NA,NA,NA
Peperomia_ciliatocaespitosa,Carv.-Silva,Carv.-Silva,,spec.,/n/77098687-1,Piperaceae,Peperomia,ciliatocaespitosa,tax. nov.,"Espírito Santo (Brazil Southeast, Brazil, Southern America)",FALSE,FALSE,NA,TRUE,NA,,Acta Bot. Brasil.,2008,NA,22(2): 559 (-561; fig. 1-17),1225-2,citation,Acta Bot. Brasil. 22(2): 559 (-561; fig. 1-17). 2008 ,FALSE,TRUE,1.2,77098687-1,urn:lsid:ipni.org:names:77098687-1,wfo-0000744406,FALSE,TRUE,TRUE,FALSE,FALSE,NA,1342,V.Demurer et al.,holotype MBML;isotype RB,NA,NA,NA,3 Aug 2000,"Mun. Santa Teresa, São João de Petrópolis, cachoeira do Struts",as ciliato-caespitosa,,NA,NA,NA,NA,NA,NA,NA,NA
Peperomia_cilifolia,C.DC.,C.DC.,,spec.,/n/188485-2,Piperaceae,Peperomia,cilifolia,tax. nov.,Brazil (Southern America),FALSE,FALSE,NA,TRUE,NA,,Vierteljahrsschr. Naturf. Ges. Zürich,1915,NA,60: 431,1090-2,citation,Vierteljahrsschr. Naturf. Ges. Zürich 60: 431. 1915 ,FALSE,TRUE,1.1.2.1.1.1,188485-2,urn:lsid:ipni.org:names:188485-2,wfo-0000482417,FALSE,TRUE,TRUE,FALSE,FALSE,http://www.biodiversitylibrary.org/openurl?ctx_ver=Z39.88-2004&rft.date=1915&rft.spage=431&rft.volume=60&rft_id=http://www.biodiversitylibrary.org/bibliography/8297&rft_val_fmt=info:ofi/fmt:kev:mtx:book&url_ver=z39.88-2004,NA,NA,NA,NA,NA,NA,NA,NA,NA,,NA,NA,NA,NA,NA,NA,NA,NA
Peperomia_clausenii,Yunck.,Yunck.,,spec.,/n/188498-2,Piperaceae,Peperomia,clausenii,tax. nov.,"Minas Gerais (Brazil, Southern America)",FALSE,FALSE,NA,FALSE,NA,,Bol. Inst. Bot. (São Paulo),1966,NA,no. 3: 141,5530-2,citation,Bol. Inst. Bot. (São Paulo) no. 3: 141. 1966 ,FALSE,TRUE,1.3,188498-2,urn:lsid:ipni.org:names:188498-2,NA,FALSE,FALSE,TRUE,FALSE,FALSE,NA,NA,NA,NA,NA,NA,NA,NA,NA,NA,,NA,NA,NA,NA,NA,NA,NA,NA
Peperomia_heterophylla,Dahlst.,Dahlst.,,spec.,/n/188881-2,Piperaceae,Peperomia,heterophylla,tax. nov.,Brazil (Southern America),FALSE,FALSE,NA,TRUE,NA,,Kongl. Svenska Vetensk.-Akad. Handl.,1900,NA,"33(2): 192, pl. 9, fig. 3",20010256-1,citation,"Kongl. Svenska Vetensk.-Akad. Handl. 33(2): 192, pl. 9, fig. 3. 1900 ",FALSE,TRUE,1.4,188881-2,urn:lsid:ipni.org:names:188881-2,NA,FALSE,TRUE,TRUE,FALSE,FALSE,http://www.biodiversitylibrary.org/openurl?ctx_ver=Z39.88-2004&rft.date=1900&rft.issue=2&rft.spage=192&rft.volume=33&rft_id=http://www.biodiversitylibrary.org/bibliography/50688&rft_val_fmt=info:ofi/fmt:kev:mtx:book&url_ver=z39.88-2004,NA,NA,NA,NA,NA,NA,NA,NA,NA,,NA,NA,NA,NA,NA,NA,NA,NA
Peperomia_lindmanniana,Dahlst.,Dahlst.,,spec.,/n/189044-2,Piperaceae,Peperomia,lindmanniana,tax. nov.,Brazil (Southern America),FALSE,FALSE,NA,FALSE,NA,,Kongl. Svenska Vetensk.-Akad. Handl.,1900,NA,"33(2): 44, pl. 8, fig. 7",20010256-1,citation,"Kongl. Svenska Vetensk.-Akad. Handl. 33(2): 44, pl. 8, fig. 7. 1900 ",FALSE,TRUE,1.3,189044-2,urn:lsid:ipni.org:names:189044-2,wfo-0000490478,FALSE,TRUE,TRUE,FALSE,FALSE,http://www.biodiversitylibrary.org/openurl?ctx_ver=Z39.88-2004&rft.date=1900&rft.issue=2&rft.spage=44&rft.volume=33&rft_id=http://www.biodiversitylibrary.org/bibliography/50688&rft_val_fmt=info:ofi/fmt:kev:mtx:book&url_ver=z39.88-2004,NA,NA,NA,NA,NA,NA,NA,NA,NA,,NA,NA,NA,NA,NA,NA,NA,NA
Peperomia_prolifera,Yunck.,Yunck.,,spec.,/n/189433-2,Piperaceae,Peperomia,prolifera,tax. nov.,"Amazonas (Brazil, Southern America)",FALSE,FALSE,NA,TRUE,NA,,Brittonia,1961,NA,"13: 62, fig. 5",561-2,citation,"Brittonia 13: 62, fig. 5. 1961 ",FALSE,TRUE,1.3,189433-2,urn:lsid:ipni.org:names:189433-2,wfo-0001093927,FALSE,TRUE,TRUE,FALSE,FALSE,NA,NA,NA,NA,NA,NA,NA,NA,NA,NA,,NA,NA,NA,NA,NA,NA,NA,NA
Peperomia_rosulatiformis,Yunck.,Yunck.,,spec.,/n/189585-2,Piperaceae,Peperomia,rosulatiformis,tax. nov.,"Southeastern Brazil, Brazil (Southern America)",FALSE,FALSE,NA,TRUE,NA,,Bol. Inst. Bot. (São Paulo),1966,NA,"no. 3: 150, fig. 134",5530-2,citation,"Bol. Inst. Bot. (São Paulo) no. 3: 150, fig. 134. 1966 ",FALSE,TRUE,1.3,189585-2,urn:lsid:ipni.org:names:189585-2,NA,FALSE,TRUE,TRUE,FALSE,FALSE,NA,NA,NA,NA,NA,NA,NA,NA,NA,NA,,NA,NA,NA,NA,NA,NA,NA,NA
Peperomia_schenckeana,Dahlst.,Dahlst.,,spec.,/n/189669-2,Piperaceae,Peperomia,schenckeana,tax. nov.,Brazil (Southern America),FALSE,FALSE,NA,FALSE,NA,,Kongl. Svenska Vetensk.-Akad. Handl.,1900,NA,33(2): 91,20010256-1,citation,Kongl. Svenska Vetensk.-Akad. Handl. 33(2): 91. 1900 ,FALSE,TRUE,1.3,189669-2,urn:lsid:ipni.org:names:189669-2,wfo-0000490441,FALSE,TRUE,TRUE,FALSE,FALSE,http://www.biodiversitylibrary.org/openurl?ctx_ver=Z39.88-2004&rft.date=1900&rft.issue=2&rft.spage=91&rft.volume=33&rft_id=http://www.biodiversitylibrary.org/bibliography/50688&rft_val_fmt=info:ofi/fmt:kev:mtx:book&url_ver=z39.88-2004,NA,NA,NA,NA,NA,NA,NA,NA,NA,,NA,NA,NA,NA,NA,NA,NA,NA
Piper_aromaticum,C.DC.,C.DC.,,spec.,/n/197307-2,Piperaceae,Piper,aromaticum,tax. nov.,Brazil (Southern America),FALSE,FALSE,NA,TRUE,NA,,Bull. Herb. Boissier,1901,NA,"ser. 2, 1: 355",573-2,citation,"Bull. Herb. Boissier ser. 2, 1: 355. 1901 ",FALSE,TRUE,1.1.2.1.1.1,197307-2,urn:lsid:ipni.org:names:197307-2,NA,FALSE,TRUE,TRUE,FALSE,FALSE,NA,NA,NA,NA,NA,NA,NA,NA,NA,NA,,NA,NA,NA,NA,NA,NA,NA,NA
Piper_brumadinense,Carv.-Silva & E.F.Guim.,Carv.-Silva & E.F.Guim.,,spec.,/n/77312891-1,Piperaceae,Piper,brumadinense,tax. nov.,"Minas Gerais (Brazil Southeast, Brazil, Southern America)",FALSE,FALSE,NA,FALSE,NA,,Acta Bot. Brasil.,2022,4 Nov 2022,36-e20210360: 7,1225-2,citation,Acta Bot. Brasil. 36-e20210360: 7. 2022 [4 Nov 2022] [epublished],FALSE,TRUE,1.1,77312891-1,urn:lsid:ipni.org:names:77312891-1,wfo-1000043582,TRUE,TRUE,TRUE,FALSE,FALSE,NA,106,H.E.S.Costa &amp; R.C.Mota,holotype BHCB 052556;isotype UB 0312466,NA,[epublished],NA,5 Dec 2009,"Brumadinho, Inhotim, 870 m",doi:10.1590/1677-941X-ABB-2021-0360,,NA,NA,NA,NA,NA,NA,NA,NA
Piper_cariacicaense,Carv.-Silva & E.F.Guim.,Carv.-Silva & E.F.Guim.,,spec.,/n/77312892-1,Piperaceae,Piper,cariacicaense,tax. nov.,"Espírito Santo (Brazil Southeast, Brazil, Southern America)",FALSE,FALSE,NA,FALSE,NA,,Acta Bot. Brasil.,2022,4 Nov 2022,36-e20210360: 7,1225-2,citation,Acta Bot. Brasil. 36-e20210360: 7. 2022 [4 Nov 2022] [epublished],FALSE,TRUE,1.1,77312892-1,urn:lsid:ipni.org:names:77312892-1,wfo-1000043583,TRUE,TRUE,TRUE,FALSE,FALSE,NA,10626,L.Kollmann et al.,holotype RB 00522000;isotype MBML,NA,[epublished],NA,15 Feb 2008,"Cariacica, Reserva Biológica Duas Bocas, localidade de Alegre, trilha do Pau Oco, 608 m",doi:10.1590/1677-941X-ABB-2021-0360,,NA,NA,NA,NA,NA,NA,NA,NA
Piper_corintoananum,Yunck.,Yunck.,,spec.,/n/197670-2,Piperaceae,Piper,corintoananum,tax. nov.,"Minas Gerais (Brazil, Southern America)",FALSE,FALSE,NA,TRUE,NA,,Bol. Inst. Bot. (São Paulo),1966,NA,"no. 3: 33, fig. 27",5530-2,citation,"Bol. Inst. Bot. (São Paulo) no. 3: 33, fig. 27. 1966 ",FALSE,TRUE,1.4,197670-2,urn:lsid:ipni.org:names:197670-2,wfo-0000478600,FALSE,TRUE,TRUE,FALSE,FALSE,NA,NA,NA,NA,NA,NA,NA,NA,NA,NA,,NA,NA,NA,NA,NA,NA,NA,NA
Piper_franciscanum,Trel. in J.F.Macbr.,Trel. in J.F.Macbr.,,spec.,/n/197959-2,Piperaceae,Piper,franciscanum,tax. nov.,Brazil (Southern America),FALSE,FALSE,NA,TRUE,NA,,"Publ. Field Mus. Nat. Hist., Bot. Ser.",1936,NA,"13, no. 357: 166",1054-2,citation,"Publ. Field Mus. Nat. Hist., Bot. Ser. 13, no. 357: 166. 1936 ",FALSE,TRUE,1.5,197959-2,urn:lsid:ipni.org:names:197959-2,wfo-0001092786,FALSE,TRUE,TRUE,FALSE,FALSE,NA,NA,NA,NA,NA,NA,NA,NA,NA,NA,,NA,NA,NA,NA,NA,NA,NA,NA
Piper_glaziovii,C.DC.,C.DC.,,spec.,/n/198023-2,Piperaceae,Piper,glaziovii,tax. nov.,Brazil (Southern America),FALSE,FALSE,NA,TRUE,NA,,Annuaire Conserv. Jard. Bot. Genève,1898,NA,2: 265,1145-2,citation,Annuaire Conserv. Jard. Bot. Genève 2: 265. 1898 ,FALSE,TRUE,1.1.2.1.1.1,198023-2,urn:lsid:ipni.org:names:198023-2,wfo-0000478904,FALSE,TRUE,TRUE,FALSE,FALSE,http://www.biodiversitylibrary.org/openurl?ctx_ver=Z39.88-2004&rft.date=1898&rft.spage=265&rft.volume=2&rft_id=http://www.biodiversitylibrary.org/bibliography/52147&rft_val_fmt=info:ofi/fmt:kev:mtx:book&url_ver=z39.88-2004,NA,NA,NA,NA,NA,NA,NA,NA,NA,,NA,NA,NA,NA,NA,NA,NA,NA
Piper_hispidonervum,C.DC.,C.DC.,,spec.,/n/198128-2,Piperaceae,Piper,hispidonervum,tax. nov.,Brazil (Southern America),FALSE,FALSE,NA,TRUE,NA,,Candollea,1923,NA,"1: 114, 252",885-2,citation,"Candollea 1: 114, 252. 1923 ",FALSE,TRUE,1.1.2.1,198128-2,urn:lsid:ipni.org:names:198128-2,NA,FALSE,TRUE,TRUE,FALSE,FALSE,NA,NA,NA,NA,NA,NA,NA,NA,NA,NA,,NA,NA,NA,NA,NA,NA,NA,NA
Piper_itacolumianum,C.DC.,C.DC.,,spec.,/n/198206-2,Piperaceae,Piper,itacolumianum,tax. nov.,Brazil (Southern America),FALSE,FALSE,NA,TRUE,NA,,Notizbl. Königl. Bot. Gart. Berlin,1917,NA,6: 438,3558-2,citation,Notizbl. Königl. Bot. Gart. Berlin 6: 438. 1917 ,FALSE,TRUE,1.1.2.1.1.1,198206-2,urn:lsid:ipni.org:names:198206-2,wfo-0000486199,FALSE,TRUE,TRUE,FALSE,FALSE,http://www.biodiversitylibrary.org/openurl?ctx_ver=Z39.88-2004&rft.date=1917&rft.spage=438&rft.volume=6&rft_id=http://www.biodiversitylibrary.org/bibliography/41384&rft_val_fmt=info:ofi/fmt:kev:mtx:book&url_ver=z39.88-2004,NA,NA,NA,NA,NA,NA,NA,NA,NA,,NA,NA,NA,NA,NA,NA,NA,NA
Piper_limae,Yunck.,Yunck.,,spec.,/n/198310-2,Piperaceae,Piper,limae,tax. nov.,"Alagoas (Brazil, Southern America)",FALSE,FALSE,NA,TRUE,NA,,Bol. Inst. Bot. (São Paulo),1966,NA,"no. 3: 49, fig. 42",5530-2,citation,"Bol. Inst. Bot. (São Paulo) no. 3: 49, fig. 42. 1966 ",FALSE,TRUE,1.3,198310-2,urn:lsid:ipni.org:names:198310-2,wfo-0000485882,FALSE,TRUE,TRUE,FALSE,FALSE,NA,NA,NA,NA,NA,NA,NA,NA,NA,NA,,NA,NA,NA,NA,NA,NA,NA,NA
Piper_longovarium,C.DC.,C.DC.,,spec.,/n/198344-2,Piperaceae,Piper,longovarium,tax. nov.,Brazil (Southern America),FALSE,FALSE,NA,TRUE,NA,,Notizbl. Königl. Bot. Gart. Berlin,1917,NA,6: 439,3558-2,citation,Notizbl. Königl. Bot. Gart. Berlin 6: 439. 1917 ,FALSE,TRUE,1.1.2.1.1.1,198344-2,urn:lsid:ipni.org:names:198344-2,NA,FALSE,TRUE,TRUE,FALSE,FALSE,http://www.biodiversitylibrary.org/openurl?ctx_ver=Z39.88-2004&rft.date=1917&rft.spage=439&rft.volume=6&rft_id=http://www.biodiversitylibrary.org/bibliography/41384&rft_val_fmt=info:ofi/fmt:kev:mtx:book&url_ver=z39.88-2004,NA,NA,NA,NA,NA,NA,NA,NA,NA,,NA,NA,NA,NA,NA,NA,NA,NA
Piper_marquetei,"G.A.Queiroz, E.F.Guim. & Sarnaglia","G.A.Queiroz, E.F.Guim. & Sarnaglia",,spec.,/n/77323699-1,Piperaceae,Piper,marquetei,tax. nov.,"Bahia (Brazil Northeast, Brazil, Southern America)",FALSE,FALSE,NA,FALSE,NA,,Feddes Repert.,2022,30 Aug 2022,134(1): 21,914-2,citation,"Feddes Repert. 134(1): 21. 2022 [30 Aug 2022] , as 'marquetii' [epublished]",FALSE,TRUE,1.1,77323699-1,urn:lsid:ipni.org:names:77323699-1,NA,TRUE,FALSE,TRUE,FALSE,FALSE,NA,944,A.M.de Carvalho &amp; G.P.Lewis,holotype CEPEC;isotype RB,NA,as 'marquetii' [epublished],NA,13 Dec 1981,"Uruçuca, 14km on the road Uruçuca/Serra Grande, Santo Antônio Farm, 120–140m","doi:10.1002/fedr.202200004 Etymology: the specific epithet honours Dr. Ronaldo Marquete, a researcher at the Instituto Brasileiro de Geografia e Estatísticas (IBGE).",,NA,NA,NA,NA,NA,NA,NA,NA
Piper_mourae,Yunck.,Yunck.,,spec.,/n/198489-2,Piperaceae,Piper,mourae,tax. nov.,"Rio de Janeiro (Brazil, Southern America)",FALSE,FALSE,NA,TRUE,NA,,Bol. Inst. Bot. (São Paulo),1966,NA,"no. 3: 57, fig. 48",5530-2,citation,"Bol. Inst. Bot. (São Paulo) no. 3: 57, fig. 48. 1966 as mourai",FALSE,TRUE,1.3,198489-2,urn:lsid:ipni.org:names:198489-2,wfo-0000490787,TRUE,TRUE,TRUE,FALSE,FALSE,NA,NA,NA,NA,NA,as mourai,NA,NA,NA,NA,,NA,NA,NA,NA,NA,NA,NA,NA
Piper_peraromaticum,C.DC.,C.DC.,,spec.,/n/198733-2,Piperaceae,Piper,peraromaticum,tax. nov.,Brazil (Southern America),FALSE,FALSE,NA,TRUE,NA,,Notizbl. Königl. Bot. Gart. Berlin,1917,NA,6: 437,3558-2,citation,Notizbl. Königl. Bot. Gart. Berlin 6: 437. 1917 ,FALSE,TRUE,1.1.2.1.1.1,198733-2,urn:lsid:ipni.org:names:198733-2,wfo-0000486371,FALSE,TRUE,TRUE,FALSE,FALSE,http://www.biodiversitylibrary.org/openurl?ctx_ver=Z39.88-2004&rft.date=1917&rft.spage=437&rft.volume=6&rft_id=http://www.biodiversitylibrary.org/bibliography/41384&rft_val_fmt=info:ofi/fmt:kev:mtx:book&url_ver=z39.88-2004,NA,NA,NA,NA,NA,NA,NA,NA,NA,,NA,NA,NA,NA,NA,NA,NA,NA
Piper_perobumbratum,Trel. in Standl.,Trel. in Standl.,,spec.,/n/198759-2,Piperaceae,Piper,perobumbratum,tax. nov.,"Rio de Janeiro (Brazil, Southern America)",FALSE,FALSE,NA,TRUE,NA,,"Publ. Field Mus. Nat. Hist., Bot. Ser.",1940,NA,"22, no. 1: 11",1054-2,citation,"Publ. Field Mus. Nat. Hist., Bot. Ser. 22, no. 1: 11. 1940 ",FALSE,TRUE,1.4,198759-2,urn:lsid:ipni.org:names:198759-2,wfo-0001094463,FALSE,TRUE,TRUE,FALSE,FALSE,NA,NA,NA,NA,NA,NA,NA,NA,NA,NA,,NA,NA,NA,NA,NA,NA,NA,NA
Piper_perpilibracteum,Yunck.,Yunck.,,spec.,/n/198761-2,Piperaceae,Piper,perpilibracteum,tax. nov.,"Amazonas (Brazil, Southern America)",FALSE,FALSE,NA,TRUE,NA,,Amer. J. Bot.,1956,NA,"43: 161, fig. 1",835-2,citation,"Amer. J. Bot. 43: 161, fig. 1. 1956 ",FALSE,TRUE,1.3,198761-2,urn:lsid:ipni.org:names:198761-2,wfo-0001093829,FALSE,TRUE,TRUE,FALSE,FALSE,NA,NA,NA,NA,NA,NA,NA,NA,NA,NA,,NA,NA,NA,NA,NA,NA,NA,NA
Piper_praecox,C.DC.,C.DC.,,spec.,/n/198859-2,Piperaceae,Piper,praecox,tax. nov.,Brazil (Southern America),FALSE,FALSE,NA,TRUE,NA,,Annuaire Conserv. Jard. Bot. Genève,1898,NA,2: 254,1145-2,citation,Annuaire Conserv. Jard. Bot. Genève 2: 254. 1898 ,FALSE,TRUE,1.1.2.1.1.1,198859-2,urn:lsid:ipni.org:names:198859-2,wfo-0000485536,FALSE,TRUE,TRUE,FALSE,FALSE,http://www.biodiversitylibrary.org/openurl?ctx_ver=Z39.88-2004&rft.date=1898&rft.spage=254&rft.volume=2&rft_id=http://www.biodiversitylibrary.org/bibliography/52147&rft_val_fmt=info:ofi/fmt:kev:mtx:book&url_ver=z39.88-2004,NA,NA,NA,NA,NA,NA,NA,NA,NA,,NA,NA,NA,NA,NA,NA,NA,NA
Piper_redactum,Trel. in J.F.Macbr.,Trel. in J.F.Macbr.,,spec.,/n/198970-2,Piperaceae,Piper,redactum,tax. nov.,"Amazonas (Brazil, Southern America)",FALSE,FALSE,NA,TRUE,NA,,"Publ. Field Mus. Nat. Hist., Bot. Ser.",1936,NA,"13, no. 357: 221",1054-2,citation,"Publ. Field Mus. Nat. Hist., Bot. Ser. 13, no. 357: 221. 1936 ",FALSE,TRUE,1.5,198970-2,urn:lsid:ipni.org:names:198970-2,wfo-0001092940,FALSE,TRUE,TRUE,FALSE,FALSE,NA,NA,NA,NA,NA,NA,NA,NA,NA,NA,,NA,NA,NA,NA,NA,NA,NA,NA
Piper_retinervulum,C.DC.,C.DC.,,spec.,/n/198990-2,Piperaceae,Piper,retinervulum,tax. nov.,Brazil (Southern America),FALSE,FALSE,NA,FALSE,NA,,Candollea,1923,NA,"1: 121, 273",885-2,citation,"Candollea 1: 121, 273. 1923 ",FALSE,TRUE,1.1.2.1.1.1,198990-2,urn:lsid:ipni.org:names:198990-2,NA,FALSE,FALSE,TRUE,FALSE,FALSE,NA,NA,NA,NA,NA,NA,NA,NA,NA,NA,,NA,NA,NA,NA,NA,NA,NA,NA
Piper_riojanum,Trel. in J.F.Macbr.,Trel. in J.F.Macbr.,,spec.,/n/199005-2,Piperaceae,Piper,riojanum,tax. nov.,"Amazonas (Brazil, Southern America)",FALSE,FALSE,NA,TRUE,NA,,"Publ. Field Mus. Nat. Hist., Bot. Ser.",1936,NA,"13, no. 357: 224",1054-2,citation,"Publ. Field Mus. Nat. Hist., Bot. Ser. 13, no. 357: 224. 1936 ",FALSE,TRUE,1.5,199005-2,urn:lsid:ipni.org:names:199005-2,wfo-0001092267,FALSE,TRUE,TRUE,FALSE,FALSE,NA,NA,NA,NA,NA,NA,NA,NA,NA,NA,,NA,NA,NA,NA,NA,NA,NA,NA
Piper_ripagaudens,Yunck.,Yunck.,,spec.,/n/199010-2,Piperaceae,Piper,ripagaudens,tax. nov.,"Amazonas (Brazil, Southern America)",FALSE,FALSE,NA,TRUE,NA,,Caldasia,1953,NA,"6, no. 27: [19], fig. 1",883-2,citation,"Caldasia 6, no. 27: [19], fig. 1. 1953 ",FALSE,TRUE,1.3,199010-2,urn:lsid:ipni.org:names:199010-2,wfo-0000485382,FALSE,TRUE,TRUE,FALSE,FALSE,NA,NA,NA,NA,NA,NA,NA,NA,NA,NA,,NA,NA,NA,NA,NA,NA,NA,NA
Piper_saldanhae,Yunck.,Yunck.,,spec.,/n/199058-2,Piperaceae,Piper,saldanhae,tax. nov.,"Rio de Janeiro (Brazil, Southern America)",FALSE,FALSE,NA,TRUE,NA,,Bol. Inst. Bot. (São Paulo),1966,NA,"no. 3: 66, fig. 55",5530-2,citation,"Bol. Inst. Bot. (São Paulo) no. 3: 66, fig. 55. 1966 as Saldanhai",FALSE,TRUE,1.3,199058-2,urn:lsid:ipni.org:names:199058-2,wfo-0000485365,TRUE,TRUE,TRUE,FALSE,FALSE,NA,NA,NA,NA,NA,as Saldanhai,NA,NA,NA,NA,,NA,NA,NA,NA,NA,NA,NA,NA
Piper_sangabrielanum,Trel. ex Gleason,Trel. ex Gleason,,spec.,/n/199081-2,Piperaceae,Piper,sangabrielanum,tax. nov.,Brazil (Southern America),FALSE,FALSE,NA,FALSE,NA,,Bull. Torrey Bot. Club,1931,NA,58: 354,586-2,citation,Bull. Torrey Bot. Club 58: 354. 1931 ,FALSE,TRUE,1.4,199081-2,urn:lsid:ipni.org:names:199081-2,NA,FALSE,FALSE,TRUE,FALSE,FALSE,http://www.biodiversitylibrary.org/openurl?ctx_ver=Z39.88-2004&rft.date=1931&rft.spage=354&rft.volume=58&rft_id=http://www.biodiversitylibrary.org/bibliography/340&rft_val_fmt=info:ofi/fmt:kev:mtx:book&url_ver=z39.88-2004,NA,NA,NA,NA,NA,NA,NA,NA,NA,,NA,NA,NA,NA,NA,NA,NA,NA
Piper_santa-barbaranum,Trel. in Standl.,Trel. in Standl.,,spec.,/n/199101-2,Piperaceae,Piper,santa-barbaranum,tax. nov.,"Minas Gerais (Brazil, Southern America)",FALSE,FALSE,NA,TRUE,NA,,"Publ. Field Mus. Nat. Hist., Bot. Ser.",1940,NA,"22, no. 1: 11",1054-2,citation,"Publ. Field Mus. Nat. Hist., Bot. Ser. 22, no. 1: 11. 1940 ",FALSE,TRUE,1.4,199101-2,urn:lsid:ipni.org:names:199101-2,wfo-0001094465,FALSE,TRUE,TRUE,FALSE,FALSE,NA,NA,NA,NA,NA,NA,NA,NA,NA,NA,,NA,NA,NA,NA,NA,NA,NA,NA
Piper_santiaganum,Trel. in J.F.Macbr.,Trel. in J.F.Macbr.,,spec.,/n/199106-2,Piperaceae,Piper,santiaganum,tax. nov.,Peru (Loreto) &amp; Brazil,FALSE,FALSE,NA,TRUE,NA,,"Publ. Field Mus. Nat. Hist., Bot. Ser.",1936,NA,"13, no. 357: 228",1054-2,citation,"Publ. Field Mus. Nat. Hist., Bot. Ser. 13, no. 357: 228. 1936 ",FALSE,TRUE,1.5,199106-2,urn:lsid:ipni.org:names:199106-2,wfo-0001092958,FALSE,TRUE,TRUE,FALSE,FALSE,NA,NA,NA,NA,NA,NA,NA,NA,NA,NA,,NA,NA,NA,NA,NA,NA,NA,NA
Piper_santosanum,C.DC.,C.DC.,,spec.,/n/199108-2,Piperaceae,Piper,santosanum,tax. nov.,Brazil (Southern America),FALSE,FALSE,NA,TRUE,NA,,Notizbl. Königl. Bot. Gart. Berlin,1917,NA,6: 437,3558-2,citation,Notizbl. Königl. Bot. Gart. Berlin 6: 437. 1917 ,FALSE,TRUE,1.1.2.1.1.1,199108-2,urn:lsid:ipni.org:names:199108-2,wfo-0000485785,FALSE,TRUE,TRUE,FALSE,FALSE,http://www.biodiversitylibrary.org/openurl?ctx_ver=Z39.88-2004&rft.date=1917&rft.spage=437&rft.volume=6&rft_id=http://www.biodiversitylibrary.org/bibliography/41384&rft_val_fmt=info:ofi/fmt:kev:mtx:book&url_ver=z39.88-2004,NA,NA,NA,NA,NA,NA,NA,NA,NA,,NA,NA,NA,NA,NA,NA,NA,NA
Piper_serpavillanum,Trel. in J.F.Macbr.,Trel. in J.F.Macbr.,,spec.,/n/199172-2,Piperaceae,Piper,serpavillanum,tax. nov.,Brazil (Para) &amp; Peru (Loreto),FALSE,FALSE,NA,TRUE,NA,,"Publ. Field Mus. Nat. Hist., Bot. Ser.",1936,NA,"13, no. 357: 233",1054-2,citation,"Publ. Field Mus. Nat. Hist., Bot. Ser. 13, no. 357: 233. 1936 ",FALSE,TRUE,1.5,199172-2,urn:lsid:ipni.org:names:199172-2,wfo-0001092975,FALSE,TRUE,TRUE,FALSE,FALSE,NA,NA,NA,NA,NA,NA,NA,NA,NA,NA,,NA,NA,NA,NA,NA,NA,NA,NA
Piper_sievekingii,C.DC.,C.DC.,,spec.,/n/199181-2,Piperaceae,Piper,sievekingii,tax. nov.,Brazil (Southern America),FALSE,FALSE,NA,TRUE,NA,,Notizbl. Königl. Bot. Gart. Berlin,1917,NA,6: 435,3558-2,citation,Notizbl. Königl. Bot. Gart. Berlin 6: 435. 1917 ,FALSE,TRUE,1.1.2.1.1.1,199181-2,urn:lsid:ipni.org:names:199181-2,wfo-0000485875,FALSE,TRUE,TRUE,FALSE,FALSE,http://www.biodiversitylibrary.org/openurl?ctx_ver=Z39.88-2004&rft.date=1917&rft.spage=435&rft.volume=6&rft_id=http://www.biodiversitylibrary.org/bibliography/41384&rft_val_fmt=info:ofi/fmt:kev:mtx:book&url_ver=z39.88-2004,NA,NA,NA,NA,NA,NA,NA,NA,NA,,NA,NA,NA,NA,NA,NA,NA,NA
