name,authors,publishingAuthor,authorTeam,rank,url,family,genus,species,citationType,distribution,hybrid,hybridGenus,inPowo,pageAsText,linkedPublication,publication,publicationYear,referenceCollation,publicationId,recordType,reference,referenceRemarks,suppressed,topCopy,version,id,fqId,hasNomenclaturalNotes,hasExternalLinks,hasTypeData,hasOriginalData,hasLinks,bhlLink,infraspecies,publicationYearNote,wfoId,speciesAuthor,collectionNumber,collectorTeam,collectionDate1,locality,remarks,typeLocations,typeCoordinates,originalTaxonDistribution,nameStatus,nameStatusType,typeNote,typeRemarks,originalRemarks,bibliographicReference,typeChosenBy,collectionDate2
Athenaea_altoserranae,I.M.C.Rodrigues & Stehmann,I.M.C.Rodrigues & Stehmann,,spec.,/n/77217158-1,Solanaceae,Athenaea,altoserranae,tax. nov.,"Sao Paulo (Brazil, Southern America)",FALSE,FALSE,TRUE,NA,,PhytoKeys,2021,"178: 3, figs. 1-3",20011997-1,citation,"PhytoKeys 178: 3, figs. 1-3. 2021 [18 May 2021] [epublished]",[epublished],FALSE,TRUE,1.3,77217158-1,urn:lsid:ipni.org:names:77217158-1,TRUE,TRUE,TRUE,FALSE,FALSE,NA,NA,18 May 2021,wfo-1000025654,NA,15078,J.Mattos &amp; N.Mattos,18 Oct 1967,"Santo André, Distrito de Paranapiacaba, mais ou menos no km 3 da rodovia Estação de Campo Grande – Paranapiacaba","doi:10.3897/phytokeys.178.64609 Etymology: 'The specific epithet is a reference to 'Alto da Serra', located in the District of Paranapiacaba'.",holotype SP 106084,,NA,NA,NA,NA,NA,NA,NA,NA,NA
Athenaea_hunzikeriana,I.M.C.Rodrigues & Stehmann,I.M.C.Rodrigues & Stehmann,,spec.,/n/77217159-1,Solanaceae,Athenaea,hunzikeriana,tax. nov.,"Minas Gerais (Brazil, Southern America)",FALSE,FALSE,TRUE,NA,,PhytoKeys,2021,"178: 8, figs. 3-5",20011997-1,citation,"PhytoKeys 178: 8, figs. 3-5. 2021 [18 May 2021] [epublished]",[epublished],FALSE,TRUE,1.4,77217159-1,urn:lsid:ipni.org:names:77217159-1,TRUE,TRUE,TRUE,FALSE,FALSE,NA,NA,18 May 2021,wfo-1000025655,NA,6328,"J.R.Stehmann, L.L.Giacomin, S.Knapp &amp; L.Bohs",1 Nov 2013,"Santa Maria do Salto, Fazenda Duas Barras, 817 m","doi:10.3897/phytokeys.178.64609 Etymology: 'The specific epithet honours Ing. Armando Teodoro Hunziker (1919–2001), who dedicated his life to the study of the family Solanaceae in the Neotropics and whose mentorship formed a whole generation of Solanaceae workers.'",holotype BHCB 182684;isotype BM (to be distributed);isotype RB (to be distributed),,NA,NA,NA,NA,NA,NA,NA,NA,NA
Atropa_hirtella,Spreng.,Spreng.,,spec.,/n/26508-2,Solanaceae,Atropa,hirtella,tax. nov.,Brazil (Southern America),FALSE,FALSE,TRUE,NA,,"Syst. Veg., ed. 16 [Sprengel]",1824,1: 699,14620-2,citation,"Syst. Veg., ed. 16 [Sprengel] 1: 699. 1824 [dated 1825; publ. in late 1824] ",NA,FALSE,TRUE,1.2.2.1.1.3,26508-2,urn:lsid:ipni.org:names:26508-2,FALSE,TRUE,TRUE,FALSE,FALSE,http://www.biodiversitylibrary.org/openurl?ctx_ver=Z39.88-2004&rft.date=1824&rft.spage=699&rft.volume=1&rft_id=http://www.biodiversitylibrary.org/bibliography/822&rft_val_fmt=info:ofi/fmt:kev:mtx:book&url_ver=z39.88-2004,NA,dated 1825; publ. in late 1824,NA,NA,NA,NA,NA,NA,NA,NA,,NA,NA,NA,NA,NA,NA,NA,NA,NA
Brunfelsia_capitata,Benth.,Benth.,,spec.,/n/316464-2,Solanaceae,Brunfelsia,capitata,tax. nov.,"Rio de Janeiro (Brazil, Southern America)",FALSE,FALSE,TRUE,161879,,Prodr. [A. P. de Candolle],1846,10: 198,1051-2,citation,Prodr. [A. P. de Candolle] 10: 198. 1846 [8 Apr 1846] ,NA,FALSE,TRUE,1.6,316464-2,urn:lsid:ipni.org:names:316464-2,FALSE,TRUE,TRUE,FALSE,FALSE,http://www.biodiversitylibrary.org/openurl?ctx_ver=Z39.88-2004&rft_id=http://www.biodiversitylibrary.org/page/161879&rft_val_fmt=info:ofi/fmt:kev:mtx:book&url_ver=z39.88-2004,NA,8 Apr 1846,NA,NA,563,George Gardner,NA,NA,[Gandhi 30 Sep 1998; Fieldiana Bot. 39: 86],holotype K,,NA,NA,NA,NA,NA,NA,NA,NA,NA
Brunfelsia_tastevini,Benoist,Benoist,,spec.,/n/37568-2,Solanaceae,Brunfelsia,tastevini,tax. nov.,Brazil (Southern America),FALSE,FALSE,TRUE,NA,,Bull. Soc. Bot. France,1928,75: 295,578-2,citation,Bull. Soc. Bot. France 75: 295. 1928 ,NA,FALSE,TRUE,1.4,37568-2,urn:lsid:ipni.org:names:37568-2,FALSE,TRUE,TRUE,FALSE,FALSE,http://www.biodiversitylibrary.org/openurl?ctx_ver=Z39.88-2004&rft.date=1928&rft.spage=295&rft.volume=75&rft_id=http://www.biodiversitylibrary.org/bibliography/359&rft_val_fmt=info:ofi/fmt:kev:mtx:book&url_ver=z39.88-2004,NA,NA,NA,NA,NA,NA,NA,NA,NA,NA,,NA,NA,NA,NA,NA,NA,NA,NA,NA
Capsicum_mirum,Barboza,Barboza,,spec.,/n/77299337-1,Solanaceae,Capsicum,mirum,tax. nov.,"Sao Paulo (Brazil, Southern America)",FALSE,FALSE,TRUE,NA,,PhytoKeys,2022,"200: 245, figs. 91-92",20011997-1,citation,"PhytoKeys 200: 245, figs. 91-92. 2022 [14 Jun 2022] [epublished]",[epublished],FALSE,TRUE,1.3,77299337-1,urn:lsid:ipni.org:names:77299337-1,TRUE,TRUE,TRUE,FALSE,FALSE,NA,NA,14 Jun 2022,wfo-1000029585,NA,1648,"G.E.Barboza, E.M.Filippa, A.Gutierrez &amp; G.Bertone",26 Feb 2006,"Mun. Bananal, a unos 17 km al sur de Bananal, por ruta SP 247, rumbo a Sertão do Bocaina, 1150 m","Etymology: 'The specific epithet comes from the Latin mirus (wonderful, extraordinary), referring to the remarkable beauty of this species given by the colourful corolla and the showy calyx' doi:10.3897/phytokeys.200.71667",holotype CORD [CORD 00101760];isotype BHCB [BHCB 195615];isotype CORD [CORD00101760],,NA,NA,NA,NA,NA,NA,NA,NA,NA
Cestrum_brasiliense,Larrañaga,Larrañaga,,spec.,/n/53505-2,Solanaceae,Cestrum,brasiliense,tax. nov.,Brazil (Southern America),FALSE,FALSE,TRUE,NA,,Escritos Damaso Antonio Larranaga,1922,1: 412,1322-2,citation,Escritos Damaso Antonio Larranaga 1: 412. 1922 Pub. Inst. Hist. Geog. Uruguay,Pub. Inst. Hist. Geog. Uruguay,FALSE,TRUE,1.1.1.3,53505-2,urn:lsid:ipni.org:names:53505-2,TRUE,TRUE,TRUE,FALSE,FALSE,NA,NA,NA,wfo-0001020363,NA,NA,NA,NA,NA,NA,NA,,NA,NA,NA,NA,NA,NA,NA,NA,NA
Cestrum_bupleurifolium,Dunal,Dunal,,spec.,/n/330726-2,Solanaceae,Cestrum,bupleurifolium,tax. nov.,Brazil (Southern America),FALSE,FALSE,TRUE,160108,,Prodr. [A. P. de Candolle],1852,13(1): 628,1051-2,citation,Prodr. [A. P. de Candolle] 13(1): 628. 1852 [10 May 1852] ,NA,FALSE,TRUE,1.7,330726-2,urn:lsid:ipni.org:names:330726-2,FALSE,TRUE,TRUE,FALSE,FALSE,http://www.biodiversitylibrary.org/openurl?ctx_ver=Z39.88-2004&rft_id=http://www.biodiversitylibrary.org/page/160108&rft_val_fmt=info:ofi/fmt:kev:mtx:book&url_ver=z39.88-2004,NA,10 May 1852,NA,NA,NA,NA,NA,NA,NA,NA,,NA,NA,NA,NA,NA,NA,NA,NA,NA
Cestrum_claussenii,Dunal,Dunal,,spec.,/n/316384-2,Solanaceae,Cestrum,claussenii,tax. nov.,"Minas Gerais (Brazil, Southern America)",FALSE,FALSE,TRUE,160117,,Prodr. [A. P. de Candolle],1852,13(1): 637,1051-2,citation,Prodr. [A. P. de Candolle] 13(1): 637. 1852 [10 May 1852] ,NA,FALSE,TRUE,1.7,316384-2,urn:lsid:ipni.org:names:316384-2,FALSE,TRUE,TRUE,FALSE,FALSE,http://www.biodiversitylibrary.org/openurl?ctx_ver=Z39.88-2004&rft_id=http://www.biodiversitylibrary.org/page/160117&rft_val_fmt=info:ofi/fmt:kev:mtx:book&url_ver=z39.88-2004,NA,10 May 1852,NA,NA,446,P.Claussen,NA,NA,[Gandhi 16 Sep 1998] As clausseni,lectotype MPU;isotype G;isotype P,,NA,NA,NA,NA,NA,NA,NA,NA,NA
Cestrum_raimondianum,Francey,Francey,,spec.,/n/53728-2,Solanaceae,Cestrum,raimondianum,tax. nov.,"Amazonas (Brazil, Southern America)",FALSE,FALSE,TRUE,NA,,Candollea,1935,6: 382,885-2,citation,Candollea 6: 382. 1935 ,NA,FALSE,TRUE,1.4,53728-2,urn:lsid:ipni.org:names:53728-2,FALSE,TRUE,TRUE,FALSE,FALSE,NA,NA,NA,wfo-0001020839,NA,NA,NA,NA,NA,NA,NA,,NA,NA,NA,NA,NA,NA,NA,NA,NA
Cestrum_ramulosum,Francey,Francey,,spec.,/n/53729-2,Solanaceae,Cestrum,ramulosum,tax. nov.,"Pernambuco (Brazil, Southern America)",FALSE,FALSE,TRUE,NA,,Candollea,1935,6: 163,885-2,citation,Candollea 6: 163. 1935 ,NA,FALSE,TRUE,1.4,53729-2,urn:lsid:ipni.org:names:53729-2,FALSE,TRUE,TRUE,FALSE,FALSE,NA,NA,NA,wfo-0001020841,NA,NA,NA,NA,NA,NA,NA,,NA,NA,NA,NA,NA,NA,NA,NA,NA
Chaetochilus_lateriflorus,Vahl,Vahl,,spec.,/n/54076-2,Solanaceae,Chaetochilus,lateriflorus,tax. nov.,Brazil (Southern America),FALSE,FALSE,TRUE,NA,,Enum. Pl. [Vahl],1804,1: 101,5500-2,citation,Enum. Pl. [Vahl] 1: 101. 1804 ,NA,FALSE,TRUE,1.4,54076-2,urn:lsid:ipni.org:names:54076-2,FALSE,TRUE,TRUE,FALSE,FALSE,NA,NA,NA,wfo-0001021016,NA,NA,NA,NA,NA,NA,NA,,NA,NA,NA,NA,NA,NA,NA,NA,NA
Cyphomandra_kuhlmanniana,J.Guaranha & Mattos,J.Guaranha & Mattos,,spec.,/n/897530-1,Solanaceae,Cyphomandra,kuhlmanniana,tax. nov.,Brazil.,FALSE,FALSE,TRUE,NA,,Loefgrenia,1981,75: 1 (1981),994-2,citation,Loefgrenia 75: 1 (1981). ,NA,FALSE,TRUE,1.3,897530-1,urn:lsid:ipni.org:names:897530-1,FALSE,TRUE,TRUE,TRUE,FALSE,NA,NA,1981,NA,NA,NA,NA,NA,NA,NA,NA,,Brazil.,NA,NA,NA,NA,NA,NA,NA,NA
Datura_insignis,Barb.Rodr.,Barb.Rodr.,,spec.,/n/76941-2,Solanaceae,Datura,insignis,tax. nov.,Brazil (Southern America),FALSE,FALSE,TRUE,NA,,Vellosia,1891,"ed. 2, 1: 62",3884-2,citation,"Vellosia ed. 2, 1: 62. 1891 ",NA,FALSE,TRUE,1.5,76941-2,urn:lsid:ipni.org:names:76941-2,FALSE,TRUE,TRUE,FALSE,FALSE,NA,NA,NA,wfo-0001021315,NA,NA,NA,NA,NA,NA,NA,,NA,NA,NA,NA,NA,NA,NA,NA,NA
Franciscea_eximia,Scheidw. ex Moore & Ayres,Scheidw. ex Moore & Ayres,,spec.,/n/105584-2,Solanaceae,Franciscea,eximia,tax. nov.,Brazil (Southern America),FALSE,FALSE,TRUE,NA,,Gard. Mag. Bot.,1850,1: 16,11468-2,citation,Gard. Mag. Bot. 1: 16. 1850 ,NA,FALSE,TRUE,1.6,105584-2,urn:lsid:ipni.org:names:105584-2,FALSE,TRUE,TRUE,FALSE,FALSE,http://www.biodiversitylibrary.org/openurl?ctx_ver=Z39.88-2004&rft.date=1850&rft.spage=16&rft.volume=1&rft_id=http://www.biodiversitylibrary.org/bibliography/120787&rft_val_fmt=info:ofi/fmt:kev:mtx:book&url_ver=z39.88-2004,NA,NA,NA,NA,NA,NA,NA,NA,[Gandhi; LT],NA,,NA,NA,NA,"Moore & Ayres, Gard. Mag. Bot. 2: 177, t. 1850. 1850.",NA,NA,NA,NA,NA
Franciscea_lindeniana,Planch.,Planch.,,spec.,/n/316466-2,Solanaceae,Franciscea,lindeniana,tax. nov.,Brazil (Southern America),FALSE,FALSE,TRUE,NA,,Belgique Hort.,1865,"15: 100, t. 16",4831-2,citation,"Belgique Hort. 15: 100, t. 16. 1865 ",NA,FALSE,TRUE,1.4,316466-2,urn:lsid:ipni.org:names:316466-2,FALSE,TRUE,TRUE,FALSE,FALSE,http://www.biodiversitylibrary.org/openurl?ctx_ver=Z39.88-2004&rft.date=1865&rft.spage=100&rft.volume=15&rft_id=http://www.biodiversitylibrary.org/bibliography/5932&rft_val_fmt=info:ofi/fmt:kev:mtx:book&url_ver=z39.88-2004,NA,NA,wfo-0001021667,NA,NA,NA,NA,NA,[Gandhi 30 Sep 1998],NA,,NA,NA,NA,NA,NA,NA,NA,NA,NA
Franciscea_macrantha,Lem.,Lem.,,spec.,/n/105585-2,Solanaceae,Franciscea,macrantha,tax. nov.,Brazil (Southern America),FALSE,FALSE,TRUE,NA,,Jard. Fleur.,1853,"3: 349, t. 249",3674-2,citation,"Jard. Fleur. 3: 349, t. 249. 1853 ",NA,FALSE,TRUE,1.4,105585-2,urn:lsid:ipni.org:names:105585-2,FALSE,TRUE,TRUE,FALSE,FALSE,http://www.biodiversitylibrary.org/openurl?ctx_ver=Z39.88-2004&rft.date=1853&rft.spage=349&rft.volume=3&rft_id=http://www.biodiversitylibrary.org/bibliography/164946&rft_val_fmt=info:ofi/fmt:kev:mtx:book&url_ver=z39.88-2004,NA,NA,wfo-0001021668,NA,NA,NA,NA,NA,[Gandhi; LT],NA,,NA,NA,NA,"Lem., Jard. Fleur. 3: t. 249. 1853.",NA,NA,NA,NA,NA
Lycianthes_amazonica,Costa-Silva & Agra,Costa-Silva & Agra,,spec.,/n/77233911-1,Solanaceae,Lycianthes,amazonica,tax. nov.,"Pará (Brazil North, Brazil, Southern America)",FALSE,FALSE,TRUE,NA,,Phytotaxa,2021,527(1): 53,20011462-1,citation,Phytotaxa 527(1): 53. 2021 [26 Nov 2021] [epublished],[epublished],FALSE,TRUE,1.1,77233911-1,urn:lsid:ipni.org:names:77233911-1,TRUE,TRUE,TRUE,FALSE,FALSE,NA,NA,26 Nov 2021,wfo-1000027755,NA,348,M.N.Silva et al.,15 May 1983,"Municipality of Itaituba, Estrada Santarém-Cuiabá, BR 163, km 1007 a 1012","doi:10.11646/phytotaxa.527.1.5 The specific epithet refers to the area of its distribution, as it was only found in the Amazon.",holotype RB 851548;isotype INPA 113470;isotype K 1071890;isotype MG 11859;isotype NY 1291273;isotype US 01936228,,NA,NA,NA,NA,NA,NA,NA,NA,NA
Markea_parviflora,Ducke,Ducke,,spec.,/n/153419-2,Solanaceae,Markea,parviflora,tax. nov.,"Amazonas (Brazil, Southern America)",FALSE,FALSE,TRUE,NA,,Bull. Mus. Hist. Nat. (Paris),1932,(ser. 2) 4: 747,576-2,citation,Bull. Mus. Hist. Nat. (Paris) (ser. 2) 4: 747. 1932 as Marcka,as Marcka,FALSE,TRUE,1.4,153419-2,urn:lsid:ipni.org:names:153419-2,TRUE,TRUE,TRUE,FALSE,FALSE,NA,NA,NA,wfo-0001023551,NA,NA,NA,NA,NA,"[Gandhi; Hunziker, Kurtziana 25: 110. 1997]",NA,,NA,NA,NA,NA,NA,NA,NA,NA,NA
Markea_peckoltiorum,Gilg,Gilg,,spec.,/n/153420-2,Solanaceae,Markea,peckoltiorum,tax. nov.,Brazil (Southern America),FALSE,FALSE,TRUE,NA,,Bot. Jahrb. Syst.,1910,"44(2-3, Beibl. 101): 17",553-2,citation,"Bot. Jahrb. Syst. 44(2-3, Beibl. 101): 17. 1910 [22 Mar 1910] ",NA,FALSE,TRUE,1.5,153420-2,urn:lsid:ipni.org:names:153420-2,FALSE,TRUE,TRUE,FALSE,FALSE,NA,NA,22 Mar 1910,wfo-0001023553,NA,NA,NA,NA,NA,"[Gandhi; Hunziker, Kurtziana 25: 111. 1997]",NA,,NA,NA,NA,NA,NA,NA,NA,NA,NA
Markea_uniflora,Lundell,Lundell,,spec.,/n/153429-2,Solanaceae,Markea,uniflora,tax. nov.,Brazil (Southern America),FALSE,FALSE,TRUE,NA,,Phytologia,1939,1: 340,1034-2,citation,Phytologia 1: 340. 1939 ,NA,FALSE,TRUE,1.5,153429-2,urn:lsid:ipni.org:names:153429-2,FALSE,TRUE,TRUE,FALSE,FALSE,http://www.biodiversitylibrary.org/openurl?ctx_ver=Z39.88-2004&rft.date=1939&rft.spage=340&rft.volume=1&rft_id=http://www.biodiversitylibrary.org/bibliography/12678&rft_val_fmt=info:ofi/fmt:kev:mtx:book&url_ver=z39.88-2004,NA,NA,NA,NA,NA,NA,NA,NA,"[Gandhi; Hunziker, Kurtziana 25: 87. 1997]",NA,,NA,NA,NA,NA,NA,NA,NA,NA,NA
Markea_verrucosa,Rusby,Rusby,,spec.,/n/280427-2,Solanaceae,Markea,verrucosa,tax. nov.,"Espirito Santo (Brazil, Southern America)",FALSE,FALSE,TRUE,NA,,Mem. Torrey Bot. Club,1896,6: 92,1007-2,citation,Mem. Torrey Bot. Club 6: 92. 1896 ,NA,FALSE,TRUE,1.5,280427-2,urn:lsid:ipni.org:names:280427-2,FALSE,TRUE,TRUE,FALSE,FALSE,http://www.biodiversitylibrary.org/openurl?ctx_ver=Z39.88-2004&rft.date=1896&rft.spage=92&rft.volume=6&rft_id=http://www.biodiversitylibrary.org/bibliography/45469&rft_val_fmt=info:ofi/fmt:kev:mtx:book&url_ver=z39.88-2004,NA,NA,NA,NA,1294,M.Bang,NA,NA,NA,holotype NY,,NA,NA,NA,NA,NA,NA,NA,NA,NA
Matthissonia_paniculata,Raddi,Raddi,,spec.,/n/154785-2,Solanaceae,Matthissonia,paniculata,tax. nov.,Brazil (Southern America),FALSE,FALSE,TRUE,NA,,"Mem. Mat. Fis. Soc. Ital. Sci. Modena, Pt. Mem. Fis.",1820,"18: 390, fig. 7",3885-2,citation,"Mem. Mat. Fis. Soc. Ital. Sci. Modena, Pt. Mem. Fis. 18: 390, fig. 7. 1820 Repr. as: Quaranta Piante Nuove del Brasile.... [p. 11]",Repr. as: Quaranta Piante Nuove del Brasile.... [p. 11],FALSE,TRUE,1.4,154785-2,urn:lsid:ipni.org:names:154785-2,TRUE,TRUE,TRUE,FALSE,FALSE,NA,NA,NA,wfo-0001023575,NA,NA,NA,NA,NA,NA,NA,,NA,NA,NA,NA,NA,NA,NA,NA,NA
Melananthus_luetzelburgii,Suess. & Beyerle,Suess. & Beyerle,,spec.,/n/156234-2,Solanaceae,Melananthus,luetzelburgii,tax. nov.,"Paraíba (Brazil, Southern America)",FALSE,FALSE,TRUE,NA,,Repert. Spec. Nov. Regni Veg.,1938,44: 34,788-2,citation,Repert. Spec. Nov. Regni Veg. 44: 34. 1938 ,NA,FALSE,TRUE,1.5,156234-2,urn:lsid:ipni.org:names:156234-2,FALSE,TRUE,TRUE,FALSE,FALSE,http://www.biodiversitylibrary.org/openurl?ctx_ver=Z39.88-2004&rft.date=1938&rft.spage=34&rft.volume=44&rft_id=http://www.biodiversitylibrary.org/bibliography/276&rft_val_fmt=info:ofi/fmt:kev:mtx:book&url_ver=z39.88-2004,NA,NA,NA,NA,NA,NA,NA,NA,NA,NA,,NA,NA,NA,NA,NA,NA,NA,NA,NA
Nicotiana_colossea,André,André,,spec.,/n/169764-2,Solanaceae,Nicotiana,colossea,tax. nov.,Brazil (Southern America),FALSE,FALSE,FALSE,NA,,Rev. Hort. (Paris),1888,60: 511,1212-2,citation,Rev. Hort. (Paris) 60: 511. 1888 ,NA,FALSE,TRUE,1.4,169764-2,urn:lsid:ipni.org:names:169764-2,FALSE,TRUE,TRUE,FALSE,FALSE,http://www.biodiversitylibrary.org/openurl?ctx_ver=Z39.88-2004&rft.date=1888&rft.spage=511&rft.volume=60&rft_id=http://www.biodiversitylibrary.org/bibliography/109772&rft_val_fmt=info:ofi/fmt:kev:mtx:book&url_ver=z39.88-2004,NA,NA,wfo-0001023726,NA,NA,NA,NA,NA,NA,NA,,NA,NA,NA,NA,NA,NA,NA,NA,NA
Nicotiana_setchellii,Goodsp.,Goodsp.,,spec.,/n/169845-2,Solanaceae,Nicotiana,setchellii,tax. nov.,"Described from cultivated material, Amazonas (Brazil, Southern America)",FALSE,FALSE,FALSE,NA,,Univ. Calif. Publ. Bot.,1941,"18: 195, tab. 14, 15",1087-2,citation,"Univ. Calif. Publ. Bot. 18: 195, tab. 14, 15. 1941 ",NA,FALSE,TRUE,1.4,169845-2,urn:lsid:ipni.org:names:169845-2,FALSE,TRUE,TRUE,FALSE,FALSE,http://www.biodiversitylibrary.org/openurl?ctx_ver=Z39.88-2004&rft.date=1941&rft.spage=195&rft.volume=18&rft_id=http://www.biodiversitylibrary.org/bibliography/4268&rft_val_fmt=info:ofi/fmt:kev:mtx:book&url_ver=z39.88-2004,NA,NA,wfo-0001023959,NA,NA,NA,NA,NA,NA,NA,,NA,NA,NA,NA,NA,NA,NA,NA,NA
Parabouchetia_brasiliensis,Baill.,Baill.,,spec.,/n/182880-2,Solanaceae,Parabouchetia,brasiliensis,tax. nov.,Brazil (Southern America),FALSE,FALSE,FALSE,NA,,Hist. Pl. (Baillon),1888,"9[3]: 357, adnot. 8",14339-2,citation,"Hist. Pl. (Baillon) 9[3]: 357, adnot. 8. 1888 [Feb-Mar 1888] ",NA,FALSE,TRUE,1.3.2.1,182880-2,urn:lsid:ipni.org:names:182880-2,FALSE,FALSE,TRUE,FALSE,FALSE,NA,NA,Feb-Mar 1888,NA,NA,NA,NA,NA,NA,NA,NA,,NA,NA,NA,NA,NA,NA,NA,NA,NA
Pionandra_floribunda,Miers,Miers,,spec.,/n/306503-2,Solanaceae,Pionandra,floribunda,tax. nov.,"Rio de Janeiro (Brazil, Southern America)",FALSE,FALSE,TRUE,NA,,London J. Bot.,1845,4: 354,704-2,citation,London J. Bot. 4: 354. 1845 ,NA,FALSE,TRUE,1.5,306503-2,urn:lsid:ipni.org:names:306503-2,FALSE,TRUE,TRUE,FALSE,FALSE,http://www.biodiversitylibrary.org/openurl?ctx_ver=Z39.88-2004&rft.date=1845&rft.spage=354&rft.volume=4&rft_id=http://www.biodiversitylibrary.org/bibliography/235&rft_val_fmt=info:ofi/fmt:kev:mtx:book&url_ver=z39.88-2004,NA,NA,NA,NA,NA,J.Miers,NA,NA,NA,lectotype BM;isotype A;isotype K;isotype NY;isotype P;isotype US,,NA,NA,NA,NA,NA,NA,NA,NA,NA
Pionandra_gardneri,Miers,Miers,,spec.,/n/304763-2,Solanaceae,Pionandra,gardneri,tax. nov.,"Minas Gerais (Brazil, Southern America)",FALSE,FALSE,TRUE,NA,,London J. Bot.,1845,4: 358,704-2,citation,London J. Bot. 4: 358. 1845 ,NA,FALSE,TRUE,1.5,304763-2,urn:lsid:ipni.org:names:304763-2,FALSE,TRUE,TRUE,FALSE,FALSE,http://www.biodiversitylibrary.org/openurl?ctx_ver=Z39.88-2004&rft.date=1845&rft.spage=358&rft.volume=4&rft_id=http://www.biodiversitylibrary.org/bibliography/235&rft_val_fmt=info:ofi/fmt:kev:mtx:book&url_ver=z39.88-2004,NA,NA,NA,NA,5041,G.Gardner,NA,NA,NA,lectotype BM;isotype K,,NA,NA,NA,NA,NA,NA,NA,NA,NA
Pionandra_premnifolia,Miers,Miers,,spec.,/n/312409-2,Solanaceae,Pionandra,premnifolia,tax. nov.,"Sao Paulo (Brazil, Southern America)",FALSE,FALSE,TRUE,NA,,London J. Bot.,1845,4: 360,704-2,citation,London J. Bot. 4: 360. 1845 ,NA,FALSE,TRUE,1.6,312409-2,urn:lsid:ipni.org:names:312409-2,FALSE,TRUE,TRUE,FALSE,FALSE,http://www.biodiversitylibrary.org/openurl?ctx_ver=Z39.88-2004&rft.date=1845&rft.spage=360&rft.volume=4&rft_id=http://www.biodiversitylibrary.org/bibliography/235&rft_val_fmt=info:ofi/fmt:kev:mtx:book&url_ver=z39.88-2004,NA,NA,NA,NA,NA," A.Cunningham,J.Bowie",NA,NA,NA,lectotype BM,,NA,NA,NA,NA,NA,NA,NA,NA,NA
Pionandra_pubescens,Miers,Miers,,spec.,/n/305997-2,Solanaceae,Pionandra,pubescens,tax. nov.,"Rio de Janeiro (Brazil, Southern America)",FALSE,FALSE,TRUE,NA,,London J. Bot.,1845,4: 356,704-2,citation,London J. Bot. 4: 356. 1845 ,NA,FALSE,TRUE,1.5,305997-2,urn:lsid:ipni.org:names:305997-2,FALSE,TRUE,TRUE,FALSE,FALSE,http://www.biodiversitylibrary.org/openurl?ctx_ver=Z39.88-2004&rft.date=1845&rft.spage=356&rft.volume=4&rft_id=http://www.biodiversitylibrary.org/bibliography/235&rft_val_fmt=info:ofi/fmt:kev:mtx:book&url_ver=z39.88-2004,NA,NA,NA,NA,4538,J.Miers,NA,NA,NA,lectotype BM;isotype K,,NA,NA,NA,NA,NA,NA,NA,NA,NA
Schwenckia_aurantiaca,Paucar & Stehmann,Paucar & Stehmann,,spec.,/n/77219968-1,Solanaceae,Schwenckia,aurantiaca,tax. nov.,"Minas Gerais (Brazil Southeast, Brazil, Southern America)",FALSE,FALSE,TRUE,NA,,Phytotaxa,2021,508(2): 167,20011462-1,citation,Phytotaxa 508(2): 167. 2021 [21 Jun 2021] [epublished],[epublished],FALSE,TRUE,1.1,77219968-1,urn:lsid:ipni.org:names:77219968-1,TRUE,TRUE,TRUE,FALSE,FALSE,NA,NA,21 Jun 2021,wfo-1000028926,NA,203,J.O.A.Paucar &amp; J.R.Stehmann,15 Apr 2019,"Município de Jaíba, Reserva Biológica Serra Azul, Furados, 480 m","doi:10.11646/phytotaxa.508.2.5 The specific epithet aurantiaca is from the Latin for orange, with reference to the colour of the corolla appendages during anthesis.",holotype BHCB BHCB195125;isotype RB,,NA,NA,NA,NA,NA,NA,NA,NA,NA
Schwenckia_novaveneciana,Carvalho,Carvalho,,spec.,/n/230093-2,Solanaceae,Schwenckia,novaveneciana,tax. nov.,Brazil (Southern America),FALSE,FALSE,TRUE,NA,,Arch. Jard. Bot. Rio de Janeiro,1978,"22: 147, fig",848-2,citation,"Arch. Jard. Bot. Rio de Janeiro 22: 147, fig. 1978 ",NA,FALSE,TRUE,1.4,230093-2,urn:lsid:ipni.org:names:230093-2,FALSE,TRUE,TRUE,FALSE,FALSE,NA,NA,NA,wfo-0001025473,NA,8976,A.P.Duarte,NA,NA,NA,holotype RB,,NA,NA,NA,NA,NA,NA,NA,NA,NA
Schwenckia_ulei,Dammer,Dammer,,spec.,/n/230097-2,Solanaceae,Schwenckia,ulei,tax. nov.,Brazil (Southern America),FALSE,FALSE,TRUE,NA,,Notizbl. Königl. Bot. Gart. Berlin,1914,6: 187,3558-2,citation,Notizbl. Königl. Bot. Gart. Berlin 6: 187. 1914 ,NA,FALSE,TRUE,1.5,230097-2,urn:lsid:ipni.org:names:230097-2,FALSE,TRUE,TRUE,FALSE,FALSE,http://www.biodiversitylibrary.org/openurl?ctx_ver=Z39.88-2004&rft.date=1914&rft.spage=187&rft.volume=6&rft_id=http://www.biodiversitylibrary.org/bibliography/41384&rft_val_fmt=info:ofi/fmt:kev:mtx:book&url_ver=z39.88-2004,NA,NA,NA,NA,NA,NA,NA,NA,NA,NA,,NA,NA,NA,NA,NA,NA,NA,NA,NA
Solanum_banks,Vand.,Vand.,,spec.,/n/60468937-2,Solanaceae,Solanum,banks,tax. nov.,Brazil (Southern America),FALSE,FALSE,TRUE,NA,,Fasc. Pl.,1771,10,18920-2,citation,Fasc. Pl. 10. 1771 [Sep 1771] (as Bäncks),(as Bäncks),FALSE,TRUE,1.1.2.1.1.1,60468937-2,urn:lsid:ipni.org:names:60468937-2,TRUE,TRUE,TRUE,FALSE,FALSE,NA,NA,Sep 1771,NA,NA,NA,NA,NA,"Habitat, in Brasilia, et vulgo Rebentabois vocatur",Presumed eponymy: Joseph Banks (1743-1820),NA,,NA,NA,NA,NA,NA,NA,NA,NA,NA
Solanum_caelicola,Giacomin & Stehmann,Giacomin & Stehmann,,spec.,/n/77139517-1,Solanaceae,Solanum,caelicola,tax. nov.,"Espírito Santo (Brazil Southeast, Brazil, Southern America)",FALSE,FALSE,TRUE,NA,,J. Bot. Res. Inst. Texas,2013,7(1): 102,20007714-1,citation,"J. Bot. Res. Inst. Texas 7(1): 102. 2013 [27 Aug 2013] , as caelicolum",as caelicolum,FALSE,TRUE,1.2,77139517-1,urn:lsid:ipni.org:names:77139517-1,TRUE,TRUE,TRUE,FALSE,FALSE,http://www.biodiversitylibrary.org/openurl?ctx_ver=Z39.88-2004&rft.date=2013&rft.issue=1&rft.spage=102&rft.volume=7&rft_id=http://www.biodiversitylibrary.org/bibliography/63883&rft_val_fmt=info:ofi/fmt:kev:mtx:book&url_ver=z39.88-2004,NA,27 Aug 2013,NA,NA,3273,V.Demuner et al.,20 Mar 2007,"Colatina, Alto Moacir, Prop.: Lalau (property of Sr. Landislau), 200 m",NA,holotype MBML;isotype BHCB 002734,,NA,NA,NA,NA,NA,NA,NA,NA,NA
Solanum_delicatum,L.B.Sm. & Downs,L.B.Sm. & Downs,,spec.,/n/238698-2,Solanaceae,Solanum,delicatum,tax. nov.,"Santa Catarina (Brazil, Southern America)",FALSE,FALSE,FALSE,NA,,Phytologia,1964,10: 424,1034-2,citation,Phytologia 10: 424. 1964 ,NA,FALSE,TRUE,1.2.2.2.1.3,238698-2,urn:lsid:ipni.org:names:238698-2,FALSE,FALSE,TRUE,FALSE,FALSE,http://www.biodiversitylibrary.org/openurl?ctx_ver=Z39.88-2004&rft.date=1964&rft.spage=424&rft.volume=10&rft_id=http://www.biodiversitylibrary.org/bibliography/12678&rft_val_fmt=info:ofi/fmt:kev:mtx:book&url_ver=z39.88-2004,NA,NA,NA,NA,NA,NA,NA,NA,NA,NA,,NA,NA,NA,NA,NA,NA,NA,NA,NA
Solanum_helix,Giacomin & Stehmann,Giacomin & Stehmann,,spec.,/n/77322646-1,Solanaceae,Solanum,helix,tax. nov.,"Bahia (Brazil Northeast, Brazil, Southern America);Alagoas (Brazil Northeast, Brazil, Southern America);Pernambuco (Brazil Northeast, Brazil, Southern America);Sergipe (Brazil Northeast, Brazil, Southern America);",FALSE,FALSE,FALSE,NA,,Acta Bot. Brasil.,2023,37-e20230026: 2,1225-2,citation,Acta Bot. Brasil. 37-e20230026: 2. [24 Jul 2023] [epublished],[epublished],FALSE,TRUE,1.3,77322646-1,urn:lsid:ipni.org:names:77322646-1,TRUE,FALSE,TRUE,FALSE,FALSE,NA,NA,24 Jul 2023,NA,NA,2000,"L.L.Giacomin, L.Bohs, S.Knapp &amp; L.C.Marinho",6 Nov 2013,"Bahia: Santa Teresinha, Serra da Jibóia, 700 m","doi:10.1590/1677-941X-ABB-2023-0026 Etymology: The epithet helix is applied as a noun in apposition and represents a Latin and English word for spiral or coil. Its usage in English also applies to a propeller of a boat or plane, to which the fruiting calyx is similar, with its spreading lobes.",holotype BHCB BHCB019123; BHCB019124;isotype BM;isotype UT;isotype HUEFS HUEFS000109618;isotype NY NY02240756,,NA,NA,NA,NA,NA,NA,NA,NA,NA
Solanum_kuhlmannianum,Mattos,Mattos,,spec.,/n/239097-2,Solanaceae,Solanum,kuhlmannianum,tax. nov.,"Sao Paulo (Brazil, Southern America)",FALSE,FALSE,TRUE,NA,,Loefgrenia,1969,"32: [1], fig",994-2,citation,"Loefgrenia 32: [1], fig. 1969 ",NA,FALSE,TRUE,1.2.2.2.1.3,239097-2,urn:lsid:ipni.org:names:239097-2,FALSE,TRUE,TRUE,FALSE,FALSE,NA,NA,NA,NA,NA,s/n,Kuhlmann,NA,NA,NA,holotype SP,,NA,NA,NA,NA,NA,NA,NA,NA,NA
Solanum_maracayuense,Bitter,Bitter,,spec.,/n/239232-2,Solanaceae,Solanum,maracayuense,tax. nov.,Brazil (Southern America),FALSE,FALSE,TRUE,237390,,Repert. Spec. Nov. Regni Veg.,1912,11: 227,788-2,citation,Repert. Spec. Nov. Regni Veg. 11: 227. 1912 ,NA,FALSE,TRUE,1.2.2.2.1.4,239232-2,urn:lsid:ipni.org:names:239232-2,FALSE,TRUE,TRUE,FALSE,FALSE,http://www.biodiversitylibrary.org/openurl?ctx_ver=Z39.88-2004&rft_id=http://www.biodiversitylibrary.org/page/237390&rft_val_fmt=info:ofi/fmt:kev:mtx:book&url_ver=z39.88-2004,NA,NA,NA,NA,NA,NA,NA,NA,NA,NA,,NA,NA,NA,NA,NA,NA,NA,NA,NA
Solanum_pseudomelongena,Ten.,Ten.,,spec.,/n/60457685-2,Solanaceae,Solanum,pseudomelongena,tax. nov.,Brazil (Southern America),FALSE,FALSE,FALSE,41541937,,"Ann. Sci. Nat., Bot.",1850,"ser. 3, 14: 345",525-2,citation,"Ann. Sci. Nat., Bot. ser. 3, 14: 345. 1850 (as Pseudo-Melongena)",(as Pseudo-Melongena),FALSE,TRUE,1.2,60457685-2,urn:lsid:ipni.org:names:60457685-2,TRUE,FALSE,TRUE,FALSE,FALSE,http://www.biodiversitylibrary.org/openurl?ctx_ver=Z39.88-2004&rft_id=http://www.biodiversitylibrary.org/page/41541937&rft_val_fmt=info:ofi/fmt:kev:mtx:book&url_ver=z39.88-2004,NA,NA,NA,NA,NA,NA,NA,Hortus Neapolitanus (cultivated).,NA,NA,,NA,NA,NA,NA,NA,NA,NA,NA,NA
Solanum_saldanhaei,Glaz.,Glaz.,,spec.,/n/239639-2,Solanaceae,Solanum,saldanhaei,tax. nov.,Brazil (Southern America),FALSE,FALSE,TRUE,NA,,Bull. Soc. Bot. France,1911,58(Mém. 3f): 496,578-2,citation,Bull. Soc. Bot. France 58(Mém. 3f): 496. 1911 ,NA,FALSE,TRUE,1.2.2.2.1.4,239639-2,urn:lsid:ipni.org:names:239639-2,FALSE,TRUE,TRUE,FALSE,FALSE,NA,NA,NA,NA,NA,NA,NA,NA,NA,NA,NA,,NA,NA,NA,NA,NA,NA,NA,NA,NA
Solanum_sarachoides,Sendtn.,Sendtn.,,spec.,/n/330680-2,Solanaceae,Solanum,sarachoides,tax. nov.,Brazil (Southern America),FALSE,FALSE,FALSE,145530,,Fl. Bras. (Martius),1846,"10: 18, t. 1",629-2,citation,"Fl. Bras. (Martius) 10: 18, t. 1. 1846 [1 Jul 1846] ",NA,FALSE,TRUE,1.2.2.2.1.4,330680-2,urn:lsid:ipni.org:names:330680-2,FALSE,FALSE,TRUE,FALSE,FALSE,http://www.biodiversitylibrary.org/openurl?ctx_ver=Z39.88-2004&rft_id=http://www.biodiversitylibrary.org/page/145530&rft_val_fmt=info:ofi/fmt:kev:mtx:book&url_ver=z39.88-2004,NA,1 Jul 1846,NA,NA,NA,NA,NA,NA,NA,NA,,NA,NA,NA,NA,NA,NA,NA,NA,NA
Solanum_subsylvestris,L.B.Sm. & Downs,L.B.Sm. & Downs,,spec.,/n/239802-2,Solanaceae,Solanum,subsylvestris,tax. nov.,"Santa Catarina (Brazil, Southern America)",FALSE,FALSE,FALSE,NA,,Phytologia,1964,10: 429,1034-2,citation,Phytologia 10: 429. 1964 ,NA,FALSE,TRUE,1.2.2.2.1.3,239802-2,urn:lsid:ipni.org:names:239802-2,FALSE,FALSE,TRUE,FALSE,FALSE,http://www.biodiversitylibrary.org/openurl?ctx_ver=Z39.88-2004&rft.date=1964&rft.spage=429&rft.volume=10&rft_id=http://www.biodiversitylibrary.org/bibliography/12678&rft_val_fmt=info:ofi/fmt:kev:mtx:book&url_ver=z39.88-2004,NA,NA,NA,NA,NA,NA,NA,NA,NA,NA,,NA,NA,NA,NA,NA,NA,NA,NA,NA
