accepted,author,kingdom,family,name,rank,snippet,url,fqId,images,source,authors,publishingAuthor,authorTeam,genus,species,citationType,distribution,hybrid,hybridGenus,inPowo,linkedPublication,publication,publicationYear,publicationYearNote,referenceCollation,publicationId,recordType,reference,suppressed,topCopy,version,id,wfoId,hasNomenclaturalNotes,hasExternalLinks,hasTypeData,hasOriginalData,hasLinks,bhlLink,collectionNumber,collectorTeam,pageAsText,typeLocations,remarks,referenceRemarks,collectionDate1,locality,typeCoordinates,originalRemarks,bibliographicReference,typeChosenBy,typeRemarks,nameStatus,nameStatusType,originalTaxonDistribution,typeNote,bibliographicTypeInfo,typeName,collectionDate2,originalBasionymAuthorTeam,originalHybridParentage,basionymAuthorStr,otherLinks,nameStatusBotCode,basionymStr,basionymId
TRUE,Nees,Plantae,Acanthaceae,Sebastiano-schaueria oblongata,Species, <b>Location</b>: <em>Brazil</em>,/taxon/urn:lsid:ipni.org:names:55009-1,urn:lsid:ipni.org:names:55009-1,,POWO,NA,NA,,NA,NA,NA,NA,NA,NA,NA,,NA,NA,NA,NA,NA,NA,NA,NA,NA,NA,NA,NA,NA,NA,NA,NA,NA,NA,NA,NA,NA,NA,NA,NA,NA,NA,,NA,NA,NA,NA,NA,NA,NA,NA,NA,NA,NA,NA,NA,NA,NA,NA,NA,NA
TRUE,(Zahlbr. ex Wawra) Suess.,Plantae,Amaranthaceae,Alternanthera philippo-coburgii,Species, <b>Location</b>: <em>Brazil</em>,/taxon/urn:lsid:ipni.org:names:10427-2,urn:lsid:ipni.org:names:10427-2,,POWO,NA,NA,,NA,NA,NA,NA,NA,NA,NA,,NA,NA,NA,NA,NA,NA,NA,NA,NA,NA,NA,NA,NA,NA,NA,NA,NA,NA,NA,NA,NA,NA,NA,NA,NA,NA,,NA,NA,NA,NA,NA,NA,NA,NA,NA,NA,NA,NA,NA,NA,NA,NA,NA,NA
TRUE,Silveira,Plantae,Amaranthaceae,Gomphrena anti-lethargica,Species, <b>Location</b>: <em>Brazil</em>,/taxon/urn:lsid:ipni.org:names:111864-2,urn:lsid:ipni.org:names:111864-2,,POWO,NA,NA,,NA,NA,NA,NA,NA,NA,NA,,NA,NA,NA,NA,NA,NA,NA,NA,NA,NA,NA,NA,NA,NA,NA,NA,NA,NA,NA,NA,NA,NA,NA,NA,NA,NA,,NA,NA,NA,NA,NA,NA,NA,NA,NA,NA,NA,NA,NA,NA,NA,NA,NA,NA
TRUE,(Pohl ex DC.) Marchal,Plantae,Araliaceae,Didymopanax longe-petiolatus,Species, <b>Location</b>: <em>Brazil</em>,/taxon/urn:lsid:ipni.org:names:90347-1,urn:lsid:ipni.org:names:90347-1,,POWO,NA,NA,,NA,NA,NA,NA,NA,NA,NA,,NA,NA,NA,NA,NA,NA,NA,NA,NA,NA,NA,NA,NA,NA,NA,NA,NA,NA,NA,NA,NA,NA,NA,NA,NA,NA,,NA,NA,NA,NA,NA,NA,NA,NA,NA,NA,NA,NA,NA,NA,NA,NA,NA,NA
TRUE,(Bondar) Glassman,Plantae,Arecaceae,Syagrus × campos-portoana,Species, <b>Location</b>: <em>Brazil</em>,/taxon/urn:lsid:ipni.org:names:246916-2,urn:lsid:ipni.org:names:246916-2,,POWO,NA,NA,,NA,NA,NA,NA,NA,NA,NA,,NA,NA,NA,NA,NA,NA,NA,NA,NA,NA,NA,NA,NA,NA,NA,NA,NA,NA,NA,NA,NA,NA,NA,NA,NA,NA,,NA,NA,NA,NA,NA,NA,NA,NA,NA,NA,NA,NA,NA,NA,NA,NA,NA,NA
TRUE,"(G.M.Barroso) Loeuille, Semir & Pirani",Plantae,Asteraceae,Lychnocephalus mello-barretoi,Species, <b>Location</b>: <em>Brazil</em>,/taxon/urn:lsid:ipni.org:names:77195977-1,urn:lsid:ipni.org:names:77195977-1,,POWO,NA,NA,,NA,NA,NA,NA,NA,NA,NA,,NA,NA,NA,NA,NA,NA,NA,NA,NA,NA,NA,NA,NA,NA,NA,NA,NA,NA,NA,NA,NA,NA,NA,NA,NA,NA,,NA,NA,NA,NA,NA,NA,NA,NA,NA,NA,NA,NA,NA,NA,NA,NA,NA,NA
TRUE,Irmsch.,Plantae,Begoniaceae,Begonia fernandoi-costae,Species, <b>Location</b>: <em>Brazil</em>,/taxon/urn:lsid:ipni.org:names:30542-2,urn:lsid:ipni.org:names:30542-2,,POWO,NA,NA,,NA,NA,NA,NA,NA,NA,NA,,NA,NA,NA,NA,NA,NA,NA,NA,NA,NA,NA,NA,NA,NA,NA,NA,NA,NA,NA,NA,NA,NA,NA,NA,NA,NA,,NA,NA,NA,NA,NA,NA,NA,NA,NA,NA,NA,NA,NA,NA,NA,NA,NA,NA
TRUE,Brade,Plantae,Begoniaceae,Begonia santos-limae,Species, <b>Location</b>: <em>Brazil</em>,/taxon/urn:lsid:ipni.org:names:30883-2,urn:lsid:ipni.org:names:30883-2,,POWO,NA,NA,,NA,NA,NA,NA,NA,NA,NA,,NA,NA,NA,NA,NA,NA,NA,NA,NA,NA,NA,NA,NA,NA,NA,NA,NA,NA,NA,NA,NA,NA,NA,NA,NA,NA,,NA,NA,NA,NA,NA,NA,NA,NA,NA,NA,NA,NA,NA,NA,NA,NA,NA,NA
TRUE,Brade,Plantae,Begoniaceae,Begonia per-dusenii,Species, <b>Location</b>: <em>Brazil</em>,/taxon/urn:lsid:ipni.org:names:105408-1,urn:lsid:ipni.org:names:105408-1,,POWO,NA,NA,,NA,NA,NA,NA,NA,NA,NA,,NA,NA,NA,NA,NA,NA,NA,NA,NA,NA,NA,NA,NA,NA,NA,NA,NA,NA,NA,NA,NA,NA,NA,NA,NA,NA,,NA,NA,NA,NA,NA,NA,NA,NA,NA,NA,NA,NA,NA,NA,NA,NA,NA,NA
TRUE,(J.I.M.Melo) J.I.M.Melo,Plantae,Boraginaceae,Myriopus andrade-limae,Species, <b>Location</b>: <em>Brazil</em>,/taxon/urn:lsid:ipni.org:names:77216059-1,urn:lsid:ipni.org:names:77216059-1,,POWO,NA,NA,,NA,NA,NA,NA,NA,NA,NA,,NA,NA,NA,NA,NA,NA,NA,NA,NA,NA,NA,NA,NA,NA,NA,NA,NA,NA,NA,NA,NA,NA,NA,NA,NA,NA,,NA,NA,NA,NA,NA,NA,NA,NA,NA,NA,NA,NA,NA,NA,NA,NA,NA,NA
TRUE,(P.J.Braun & Esteves) Forzza,Plantae,Bromeliaceae,Dyckia josinoi-narcisae,Species, <b>Location</b>: <em>Brazil</em>,/taxon/urn:lsid:ipni.org:names:77221574-1,urn:lsid:ipni.org:names:77221574-1,,POWO,NA,NA,,NA,NA,NA,NA,NA,NA,NA,,NA,NA,NA,NA,NA,NA,NA,NA,NA,NA,NA,NA,NA,NA,NA,NA,NA,NA,NA,NA,NA,NA,NA,NA,NA,NA,,NA,NA,NA,NA,NA,NA,NA,NA,NA,NA,NA,NA,NA,NA,NA,NA,NA,NA
TRUE,L.B.Sm.,Plantae,Bromeliaceae,Dyckia marnier-lapostollei,Species, <b>Location</b>: <em>Brazil</em>,/taxon/urn:lsid:ipni.org:names:86295-2,urn:lsid:ipni.org:names:86295-2,,POWO,NA,NA,,NA,NA,NA,NA,NA,NA,NA,,NA,NA,NA,NA,NA,NA,NA,NA,NA,NA,NA,NA,NA,NA,NA,NA,NA,NA,NA,NA,NA,NA,NA,NA,NA,NA,,NA,NA,NA,NA,NA,NA,NA,NA,NA,NA,NA,NA,NA,NA,NA,NA,NA,NA
TRUE,(Leme) J.R.Grant,Plantae,Bromeliaceae,Alcantarea burle-marxii,Species, <b>Location</b>: <em>Brazil</em>,/taxon/urn:lsid:ipni.org:names:991833-1,urn:lsid:ipni.org:names:991833-1,,POWO,NA,NA,,NA,NA,NA,NA,NA,NA,NA,,NA,NA,NA,NA,NA,NA,NA,NA,NA,NA,NA,NA,NA,NA,NA,NA,NA,NA,NA,NA,NA,NA,NA,NA,NA,NA,,NA,NA,NA,NA,NA,NA,NA,NA,NA,NA,NA,NA,NA,NA,NA,NA,NA,NA
TRUE,Leme,Plantae,Bromeliaceae,Alcantarea roberto-kautskyi,Species, <b>Location</b>: <em>Brazil</em>,/taxon/urn:lsid:ipni.org:names:318704-2,urn:lsid:ipni.org:names:318704-2,,POWO,NA,NA,,NA,NA,NA,NA,NA,NA,NA,,NA,NA,NA,NA,NA,NA,NA,NA,NA,NA,NA,NA,NA,NA,NA,NA,NA,NA,NA,NA,NA,NA,NA,NA,NA,NA,,NA,NA,NA,NA,NA,NA,NA,NA,NA,NA,NA,NA,NA,NA,NA,NA,NA,NA
TRUE,"P.J.Braun, Esteves & Scharf",Plantae,Bromeliaceae,Dyckia joanae-marcioi,Species, <b>Location</b>: <em>Brazil</em>,/taxon/urn:lsid:ipni.org:names:77091507-1,urn:lsid:ipni.org:names:77091507-1,,POWO,NA,NA,,NA,NA,NA,NA,NA,NA,NA,,NA,NA,NA,NA,NA,NA,NA,NA,NA,NA,NA,NA,NA,NA,NA,NA,NA,NA,NA,NA,NA,NA,NA,NA,NA,NA,,NA,NA,NA,NA,NA,NA,NA,NA,NA,NA,NA,NA,NA,NA,NA,NA,NA,NA
TRUE,L.B.Sm.,Plantae,Bromeliaceae,Dyckia mello-barretoi,Species, <b>Location</b>: <em>Brazil</em>,/taxon/urn:lsid:ipni.org:names:86296-2,urn:lsid:ipni.org:names:86296-2,,POWO,NA,NA,,NA,NA,NA,NA,NA,NA,NA,,NA,NA,NA,NA,NA,NA,NA,NA,NA,NA,NA,NA,NA,NA,NA,NA,NA,NA,NA,NA,NA,NA,NA,NA,NA,NA,,NA,NA,NA,NA,NA,NA,NA,NA,NA,NA,NA,NA,NA,NA,NA,NA,NA,NA
TRUE,Wawra,Plantae,Bromeliaceae,Nidularium ferdinando-coburgii,Species, <b>Location</b>: <em>Brazil</em>,/taxon/urn:lsid:ipni.org:names:123669-1,urn:lsid:ipni.org:names:123669-1,,POWO,NA,NA,,NA,NA,NA,NA,NA,NA,NA,,NA,NA,NA,NA,NA,NA,NA,NA,NA,NA,NA,NA,NA,NA,NA,NA,NA,NA,NA,NA,NA,NA,NA,NA,NA,NA,,NA,NA,NA,NA,NA,NA,NA,NA,NA,NA,NA,NA,NA,NA,NA,NA,NA,NA
TRUE,Braga & Sucre,Plantae,Bromeliaceae,Pitcairnia burle-marxii,Species, <b>Location</b>: <em>Brazil</em>,/taxon/urn:lsid:ipni.org:names:200237-2,urn:lsid:ipni.org:names:200237-2,,POWO,NA,NA,,NA,NA,NA,NA,NA,NA,NA,,NA,NA,NA,NA,NA,NA,NA,NA,NA,NA,NA,NA,NA,NA,NA,NA,NA,NA,NA,NA,NA,NA,NA,NA,NA,NA,,NA,NA,NA,NA,NA,NA,NA,NA,NA,NA,NA,NA,NA,NA,NA,NA,NA,NA
TRUE,"(Leme) Leme, S.Heller & Zizka",Plantae,Bromeliaceae,Rokautskyia roberto-kautskyi,Species, <b>Location</b>: <em>Brazil</em>,/taxon/urn:lsid:ipni.org:names:77176562-1,urn:lsid:ipni.org:names:77176562-1,,POWO,NA,NA,,NA,NA,NA,NA,NA,NA,NA,,NA,NA,NA,NA,NA,NA,NA,NA,NA,NA,NA,NA,NA,NA,NA,NA,NA,NA,NA,NA,NA,NA,NA,NA,NA,NA,,NA,NA,NA,NA,NA,NA,NA,NA,NA,NA,NA,NA,NA,NA,NA,NA,NA,NA
TRUE,E.Pereira & I.A.Penna,Plantae,Bromeliaceae,Vriesea correia-arauji,Species, <b>Location</b>: <em>Brazil</em>,/taxon/urn:lsid:ipni.org:names:266588-2,urn:lsid:ipni.org:names:266588-2,,POWO,NA,NA,,NA,NA,NA,NA,NA,NA,NA,,NA,NA,NA,NA,NA,NA,NA,NA,NA,NA,NA,NA,NA,NA,NA,NA,NA,NA,NA,NA,NA,NA,NA,NA,NA,NA,,NA,NA,NA,NA,NA,NA,NA,NA,NA,NA,NA,NA,NA,NA,NA,NA,NA,NA
TRUE,L.B.Sm.,Plantae,Bromeliaceae,Vriesea segadas-viannae,Species, <b>Location</b>: <em>Brazil</em>,/taxon/urn:lsid:ipni.org:names:267518-2,urn:lsid:ipni.org:names:267518-2,,POWO,NA,NA,,NA,NA,NA,NA,NA,NA,NA,,NA,NA,NA,NA,NA,NA,NA,NA,NA,NA,NA,NA,NA,NA,NA,NA,NA,NA,NA,NA,NA,NA,NA,NA,NA,NA,,NA,NA,NA,NA,NA,NA,NA,NA,NA,NA,NA,NA,NA,NA,NA,NA,NA,NA
TRUE,Reitz,Plantae,Bromeliaceae,Billbergia alfonsi-joannis,Species, <b>Location</b>: <em>Brazil</em>,/taxon/urn:lsid:ipni.org:names:122030-1,urn:lsid:ipni.org:names:122030-1,,POWO,NA,NA,,NA,NA,NA,NA,NA,NA,NA,,NA,NA,NA,NA,NA,NA,NA,NA,NA,NA,NA,NA,NA,NA,NA,NA,NA,NA,NA,NA,NA,NA,NA,NA,NA,NA,,NA,NA,NA,NA,NA,NA,NA,NA,NA,NA,NA,NA,NA,NA,NA,NA,NA,NA
TRUE,Leme,Plantae,Bromeliaceae,Nidularium campo-alegrensis,Species, <b>Location</b>: <em>Brazil</em>,/taxon/urn:lsid:ipni.org:names:976964-1,urn:lsid:ipni.org:names:976964-1,,POWO,NA,NA,,NA,NA,NA,NA,NA,NA,NA,,NA,NA,NA,NA,NA,NA,NA,NA,NA,NA,NA,NA,NA,NA,NA,NA,NA,NA,NA,NA,NA,NA,NA,NA,NA,NA,,NA,NA,NA,NA,NA,NA,NA,NA,NA,NA,NA,NA,NA,NA,NA,NA,NA,NA
TRUE,Esteves,Plantae,Cactaceae,Cereus pierre-braunianus,Species, <b>Location</b>: <em>Brazil</em>,/taxon/urn:lsid:ipni.org:names:329507-2,urn:lsid:ipni.org:names:329507-2,,POWO,NA,NA,,NA,NA,NA,NA,NA,NA,NA,,NA,NA,NA,NA,NA,NA,NA,NA,NA,NA,NA,NA,NA,NA,NA,NA,NA,NA,NA,NA,NA,NA,NA,NA,NA,NA,,NA,NA,NA,NA,NA,NA,NA,NA,NA,NA,NA,NA,NA,NA,NA,NA,NA,NA
TRUE,P.J.Braun,Plantae,Cactaceae,Discocactus fariae-peresii,Species, <b>Location</b>: <em>Brazil</em>,/taxon/urn:lsid:ipni.org:names:60471955-2,urn:lsid:ipni.org:names:60471955-2,,POWO,NA,NA,,NA,NA,NA,NA,NA,NA,NA,,NA,NA,NA,NA,NA,NA,NA,NA,NA,NA,NA,NA,NA,NA,NA,NA,NA,NA,NA,NA,NA,NA,NA,NA,NA,NA,,NA,NA,NA,NA,NA,NA,NA,NA,NA,NA,NA,NA,NA,NA,NA,NA,NA,NA
TRUE,Buining & Brederoo,Plantae,Cactaceae,Micranthocereus auri-azureus,Species, <b>Location</b>: <em>Brazil</em>,/taxon/urn:lsid:ipni.org:names:160088-2,urn:lsid:ipni.org:names:160088-2,,POWO,NA,NA,,NA,NA,NA,NA,NA,NA,NA,,NA,NA,NA,NA,NA,NA,NA,NA,NA,NA,NA,NA,NA,NA,NA,NA,NA,NA,NA,NA,NA,NA,NA,NA,NA,NA,,NA,NA,NA,NA,NA,NA,NA,NA,NA,NA,NA,NA,NA,NA,NA,NA,NA,NA
TRUE,Kük.,Plantae,Cyperaceae,Cyperus cornelii-ostenii,Species, <b>Location</b>: <em>Brazil</em>,/taxon/urn:lsid:ipni.org:names:74572-2,urn:lsid:ipni.org:names:74572-2,,POWO,NA,NA,,NA,NA,NA,NA,NA,NA,NA,,NA,NA,NA,NA,NA,NA,NA,NA,NA,NA,NA,NA,NA,NA,NA,NA,NA,NA,NA,NA,NA,NA,NA,NA,NA,NA,,NA,NA,NA,NA,NA,NA,NA,NA,NA,NA,NA,NA,NA,NA,NA,NA,NA,NA
TRUE,Silveira,Plantae,Eriocaulaceae,Paepalanthus milho-verdensis,Species, <b>Location</b>: <em>Brazil</em>,/taxon/urn:lsid:ipni.org:names:180458-2,urn:lsid:ipni.org:names:180458-2,,POWO,NA,NA,,NA,NA,NA,NA,NA,NA,NA,,NA,NA,NA,NA,NA,NA,NA,NA,NA,NA,NA,NA,NA,NA,NA,NA,NA,NA,NA,NA,NA,NA,NA,NA,NA,NA,,NA,NA,NA,NA,NA,NA,NA,NA,NA,NA,NA,NA,NA,NA,NA,NA,NA,NA
TRUE,"(Brandão) D.B.O.S.Cardoso, Filardi & H.C.Lima",Plantae,Fabaceae,Ctenodon laca-buendianus,Species, <b>Location</b>: <em>Brazil</em>,/taxon/urn:lsid:ipni.org:names:77215951-1,urn:lsid:ipni.org:names:77215951-1,,POWO,NA,NA,,NA,NA,NA,NA,NA,NA,NA,,NA,NA,NA,NA,NA,NA,NA,NA,NA,NA,NA,NA,NA,NA,NA,NA,NA,NA,NA,NA,NA,NA,NA,NA,NA,NA,,NA,NA,NA,NA,NA,NA,NA,NA,NA,NA,NA,NA,NA,NA,NA,NA,NA,NA
TRUE,(Cuatrec.) K.Wurdack & Zartman,Plantae,Humiriaceae,Vantanea spiritu-sancti,Species, <b>Location</b>: <em>Brazil</em>,/taxon/urn:lsid:ipni.org:names:77198711-1,urn:lsid:ipni.org:names:77198711-1,,POWO,NA,NA,,NA,NA,NA,NA,NA,NA,NA,,NA,NA,NA,NA,NA,NA,NA,NA,NA,NA,NA,NA,NA,NA,NA,NA,NA,NA,NA,NA,NA,NA,NA,NA,NA,NA,,NA,NA,NA,NA,NA,NA,NA,NA,NA,NA,NA,NA,NA,NA,NA,NA,NA,NA
TRUE,(A.Gil & M.C.E.Amaral) Govaerts,Plantae,Iridaceae,Trimezia sancti-vicentei,Species, <b>Location</b>: <em>Brazil</em>,/taxon/urn:lsid:ipni.org:names:77205576-1,urn:lsid:ipni.org:names:77205576-1,,POWO,NA,NA,,NA,NA,NA,NA,NA,NA,NA,,NA,NA,NA,NA,NA,NA,NA,NA,NA,NA,NA,NA,NA,NA,NA,NA,NA,NA,NA,NA,NA,NA,NA,NA,NA,NA,,NA,NA,NA,NA,NA,NA,NA,NA,NA,NA,NA,NA,NA,NA,NA,NA,NA,NA
TRUE,(Meisn.) Taub. ex Mez,Plantae,Lauraceae,Mezilaurus ita-uba,Species, <b>Location</b>: <em>Brazil</em>,/taxon/urn:lsid:ipni.org:names:158649-2,urn:lsid:ipni.org:names:158649-2,,POWO,NA,NA,,NA,NA,NA,NA,NA,NA,NA,,NA,NA,NA,NA,NA,NA,NA,NA,NA,NA,NA,NA,NA,NA,NA,NA,NA,NA,NA,NA,NA,NA,NA,NA,NA,NA,,NA,NA,NA,NA,NA,NA,NA,NA,NA,NA,NA,NA,NA,NA,NA,NA,NA,NA
TRUE,Krukoff & Barneby,Plantae,Loganiaceae,Strychnos romeu-belenii,Species, <b>Location</b>: <em>Brazil</em>,/taxon/urn:lsid:ipni.org:names:247347-2,urn:lsid:ipni.org:names:247347-2,,POWO,NA,NA,,NA,NA,NA,NA,NA,NA,NA,,NA,NA,NA,NA,NA,NA,NA,NA,NA,NA,NA,NA,NA,NA,NA,NA,NA,NA,NA,NA,NA,NA,NA,NA,NA,NA,,NA,NA,NA,NA,NA,NA,NA,NA,NA,NA,NA,NA,NA,NA,NA,NA,NA,NA
TRUE,(Brade) Bochorny & R.Goldenb.,Plantae,Melastomataceae,Huberia souza-limae,Species, <b>Location</b>: <em>Brazil</em>,/taxon/urn:lsid:ipni.org:names:77201625-1,urn:lsid:ipni.org:names:77201625-1,,POWO,NA,NA,,NA,NA,NA,NA,NA,NA,NA,,NA,NA,NA,NA,NA,NA,NA,NA,NA,NA,NA,NA,NA,NA,NA,NA,NA,NA,NA,NA,NA,NA,NA,NA,NA,NA,,NA,NA,NA,NA,NA,NA,NA,NA,NA,NA,NA,NA,NA,NA,NA,NA,NA,NA
TRUE,(Brade) R.Goldenb.,Plantae,Melastomataceae,Miconia santos-limae,Species, <b>Location</b>: <em>Brazil</em>,/taxon/urn:lsid:ipni.org:names:77207625-1,urn:lsid:ipni.org:names:77207625-1,,POWO,NA,NA,,NA,NA,NA,NA,NA,NA,NA,,NA,NA,NA,NA,NA,NA,NA,NA,NA,NA,NA,NA,NA,NA,NA,NA,NA,NA,NA,NA,NA,NA,NA,NA,NA,NA,,NA,NA,NA,NA,NA,NA,NA,NA,NA,NA,NA,NA,NA,NA,NA,NA,NA,NA
TRUE,(Markgr.) Versiane & R.Romero,Plantae,Melastomataceae,Microlicia mello-barretoi,Species, <b>Location</b>: <em>Brazil</em>,/taxon/urn:lsid:ipni.org:names:77219824-1,urn:lsid:ipni.org:names:77219824-1,,POWO,NA,NA,,NA,NA,NA,NA,NA,NA,NA,,NA,NA,NA,NA,NA,NA,NA,NA,NA,NA,NA,NA,NA,NA,NA,NA,NA,NA,NA,NA,NA,NA,NA,NA,NA,NA,,NA,NA,NA,NA,NA,NA,NA,NA,NA,NA,NA,NA,NA,NA,NA,NA,NA,NA
TRUE,(Brade) P.J.F.Guim. & Michelang.,Plantae,Melastomataceae,Pleroma mello-barretoi,Species, <b>Location</b>: <em>Brazil</em>,/taxon/urn:lsid:ipni.org:names:77206375-1,urn:lsid:ipni.org:names:77206375-1,,POWO,NA,NA,,NA,NA,NA,NA,NA,NA,NA,,NA,NA,NA,NA,NA,NA,NA,NA,NA,NA,NA,NA,NA,NA,NA,NA,NA,NA,NA,NA,NA,NA,NA,NA,NA,NA,,NA,NA,NA,NA,NA,NA,NA,NA,NA,NA,NA,NA,NA,NA,NA,NA,NA,NA
TRUE,Feliz & J.M.A.Braga,Plantae,Menispermaceae,Abuta alto-macahensis,Species, <b>Location</b>: <em>Brazil</em>,/taxon/urn:lsid:ipni.org:names:77303166-1,urn:lsid:ipni.org:names:77303166-1,,POWO,NA,NA,,NA,NA,NA,NA,NA,NA,NA,,NA,NA,NA,NA,NA,NA,NA,NA,NA,NA,NA,NA,NA,NA,NA,NA,NA,NA,NA,NA,NA,NA,NA,NA,NA,NA,,NA,NA,NA,NA,NA,NA,NA,NA,NA,NA,NA,NA,NA,NA,NA,NA,NA,NA
TRUE,Kiaersk.,Plantae,Myrtaceae,Eugenia villae-novae,Species, <b>Location</b>: <em>Brazil</em>,/taxon/urn:lsid:ipni.org:names:596332-1,urn:lsid:ipni.org:names:596332-1,,POWO,NA,NA,,NA,NA,NA,NA,NA,NA,NA,,NA,NA,NA,NA,NA,NA,NA,NA,NA,NA,NA,NA,NA,NA,NA,NA,NA,NA,NA,NA,NA,NA,NA,NA,NA,NA,,NA,NA,NA,NA,NA,NA,NA,NA,NA,NA,NA,NA,NA,NA,NA,NA,NA,NA
TRUE,(Mattos) Mattos,Plantae,Myrtaceae,Plinia spirito-sanctensis,Species, <b>Location</b>: <em>Brazil</em>,/taxon/urn:lsid:ipni.org:names:1004314-1,urn:lsid:ipni.org:names:1004314-1,,POWO,NA,NA,,NA,NA,NA,NA,NA,NA,NA,,NA,NA,NA,NA,NA,NA,NA,NA,NA,NA,NA,NA,NA,NA,NA,NA,NA,NA,NA,NA,NA,NA,NA,NA,NA,NA,,NA,NA,NA,NA,NA,NA,NA,NA,NA,NA,NA,NA,NA,NA,NA,NA,NA,NA
TRUE,(Hoehne) F.Barros & L.R.S.Guim.,Plantae,Orchidaceae,Acianthera per-dusenii,Species, <b>Location</b>: <em>Brazil</em>,/taxon/urn:lsid:ipni.org:names:77114882-1,urn:lsid:ipni.org:names:77114882-1,,POWO,NA,NA,,NA,NA,NA,NA,NA,NA,NA,,NA,NA,NA,NA,NA,NA,NA,NA,NA,NA,NA,NA,NA,NA,NA,NA,NA,NA,NA,NA,NA,NA,NA,NA,NA,NA,,NA,NA,NA,NA,NA,NA,NA,NA,NA,NA,NA,NA,NA,NA,NA,NA,NA,NA
TRUE,U.L.C.Ferreira & R.M.C.Filho,Plantae,Orchidaceae,Catasetum × santo-antoniense,Species, <b>Location</b>: <em>Brazil</em>,/taxon/urn:lsid:ipni.org:names:77195725-1,urn:lsid:ipni.org:names:77195725-1,,POWO,NA,NA,,NA,NA,NA,NA,NA,NA,NA,,NA,NA,NA,NA,NA,NA,NA,NA,NA,NA,NA,NA,NA,NA,NA,NA,NA,NA,NA,NA,NA,NA,NA,NA,NA,NA,,NA,NA,NA,NA,NA,NA,NA,NA,NA,NA,NA,NA,NA,NA,NA,NA,NA,NA
TRUE,Chiron & V.P.Castro,Plantae,Orchidaceae,Bulbophyllum uhl-gabrielianum,Species, <b>Location</b>: <em>Brazil</em>,/taxon/urn:lsid:ipni.org:names:77098217-1,urn:lsid:ipni.org:names:77098217-1,,POWO,NA,NA,,NA,NA,NA,NA,NA,NA,NA,,NA,NA,NA,NA,NA,NA,NA,NA,NA,NA,NA,NA,NA,NA,NA,NA,NA,NA,NA,NA,NA,NA,NA,NA,NA,NA,,NA,NA,NA,NA,NA,NA,NA,NA,NA,NA,NA,NA,NA,NA,NA,NA,NA,NA
TRUE,(Pabst) J.M.H.Shaw,Plantae,Orchidaceae,Cattleya × espirito-santensis,Species, <b>Location</b>: <em>Brazil</em>,/taxon/urn:lsid:ipni.org:names:77165706-1,urn:lsid:ipni.org:names:77165706-1,,POWO,NA,NA,,NA,NA,NA,NA,NA,NA,NA,,NA,NA,NA,NA,NA,NA,NA,NA,NA,NA,NA,NA,NA,NA,NA,NA,NA,NA,NA,NA,NA,NA,NA,NA,NA,NA,,NA,NA,NA,NA,NA,NA,NA,NA,NA,NA,NA,NA,NA,NA,NA,NA,NA,NA
TRUE,(Pabst) Van den Berg,Plantae,Orchidaceae,Cattleya × gerhard-santosii,Species, <b>Location</b>: <em>Brazil</em>,/taxon/urn:lsid:ipni.org:names:77114817-1,urn:lsid:ipni.org:names:77114817-1,,POWO,NA,NA,,NA,NA,NA,NA,NA,NA,NA,,NA,NA,NA,NA,NA,NA,NA,NA,NA,NA,NA,NA,NA,NA,NA,NA,NA,NA,NA,NA,NA,NA,NA,NA,NA,NA,,NA,NA,NA,NA,NA,NA,NA,NA,NA,NA,NA,NA,NA,NA,NA,NA,NA,NA
TRUE,Pabst,Plantae,Orchidaceae,Epidendrum welsii-windischii,Species, <b>Location</b>: <em>Brazil</em>,/taxon/urn:lsid:ipni.org:names:92347-2,urn:lsid:ipni.org:names:92347-2,,POWO,NA,NA,,NA,NA,NA,NA,NA,NA,NA,,NA,NA,NA,NA,NA,NA,NA,NA,NA,NA,NA,NA,NA,NA,NA,NA,NA,NA,NA,NA,NA,NA,NA,NA,NA,NA,,NA,NA,NA,NA,NA,NA,NA,NA,NA,NA,NA,NA,NA,NA,NA,NA,NA,NA
TRUE,Pabst,Plantae,Orchidaceae,Maxillaria spiritu-sanctensis,Species, <b>Location</b>: <em>Brazil</em>,/taxon/urn:lsid:ipni.org:names:155294-2,urn:lsid:ipni.org:names:155294-2,,POWO,NA,NA,,NA,NA,NA,NA,NA,NA,NA,,NA,NA,NA,NA,NA,NA,NA,NA,NA,NA,NA,NA,NA,NA,NA,NA,NA,NA,NA,NA,NA,NA,NA,NA,NA,NA,,NA,NA,NA,NA,NA,NA,NA,NA,NA,NA,NA,NA,NA,NA,NA,NA,NA,NA
TRUE,Brandbyge,Plantae,Polygonaceae,Triplaris mato-grossensis,Species, <b>Location</b>: <em>Brazil</em>,/taxon/urn:lsid:ipni.org:names:286410-2,urn:lsid:ipni.org:names:286410-2,,POWO,NA,NA,,NA,NA,NA,NA,NA,NA,NA,,NA,NA,NA,NA,NA,NA,NA,NA,NA,NA,NA,NA,NA,NA,NA,NA,NA,NA,NA,NA,NA,NA,NA,NA,NA,NA,,NA,NA,NA,NA,NA,NA,NA,NA,NA,NA,NA,NA,NA,NA,NA,NA,NA,NA
TRUE,Szyszyl. ex Beck,Plantae,Xyridaceae,Xyris augusto-coburgi,Species, <b>Location</b>: <em>Brazil</em>,/taxon/urn:lsid:ipni.org:names:871343-1,urn:lsid:ipni.org:names:871343-1,,POWO,NA,NA,,NA,NA,NA,NA,NA,NA,NA,,NA,NA,NA,NA,NA,NA,NA,NA,NA,NA,NA,NA,NA,NA,NA,NA,NA,NA,NA,NA,NA,NA,NA,NA,NA,NA,,NA,NA,NA,NA,NA,NA,NA,NA,NA,NA,NA,NA,NA,NA,NA,NA,NA,NA
NA,NA,NA,Acanthaceae,Ruellia glanduloso-notata,spec.,NA,/n/224131-2,urn:lsid:ipni.org:names:224131-2,,IPNI,Lindau,Lindau,,Ruellia,glanduloso-notata,tax. nov.,Brazil (Southern America),FALSE,FALSE,FALSE,,Bull. Herb. Boissier,1905,NA,"ser. 2, 5: 367",573-2,citation,"Bull. Herb. Boissier ser. 2, 5: 367. 1905 ",FALSE,TRUE,1.1.2.1,224131-2,wfo-0000401937,FALSE,TRUE,TRUE,FALSE,FALSE,NA,NA,NA,NA,NA,NA,NA,NA,NA,,NA,NA,NA,NA,NA,NA,NA,NA,NA,NA,NA,NA,NA,NA,NA,NA,NA,NA
NA,NA,NA,Amaranthaceae,Hebanthe philippo-coburgii,spec.,NA,/n/118168-2,urn:lsid:ipni.org:names:118168-2,,IPNI,Zahlbr. in Wawra,Zahlbr. in Wawra,,Hebanthe,philippo-coburgii,tax. nov.,Brazil (Southern America),FALSE,FALSE,TRUE,,Itin. Princ. S. Coburgi,1888,NA,"2: 57, pl. 10",14558-2,citation,"Itin. Princ. S. Coburgi 2: 57, pl. 10. 1888 ",FALSE,TRUE,1.5,118168-2,NA,FALSE,TRUE,TRUE,FALSE,FALSE,NA,NA,NA,NA,NA,NA,NA,NA,NA,,NA,NA,NA,NA,NA,NA,NA,NA,NA,NA,NA,NA,NA,NA,NA,NA,NA,NA
NA,NA,NA,Annonaceae,Annona sanctae-crusis,spec.,NA,/n/14344-2,urn:lsid:ipni.org:names:14344-2,,IPNI,S.Moore,S.Moore,,Annona,sanctae-crusis,tax. nov.,Brazil (Southern America),FALSE,FALSE,FALSE,,"Trans. Linn. Soc. London, Bot.",1895,NA,"ser. 2, 4: 305",1084-2,citation,"Trans. Linn. Soc. London, Bot. ser. 2, 4: 305. 1895 ",FALSE,TRUE,1.2,14344-2,NA,FALSE,FALSE,TRUE,FALSE,FALSE,NA,NA,NA,NA,NA,As Anona,NA,NA,NA,,NA,NA,NA,NA,NA,NA,NA,NA,NA,NA,NA,NA,NA,NA,NA,NA,NA,NA
NA,NA,NA,Araliaceae,Panax longe-petiolatus,spec.,NA,/n/91497-1,urn:lsid:ipni.org:names:91497-1,,IPNI,Pohl ex DC.,Pohl ex DC.,,Panax,longe-petiolatus,tax. nov.,Brazil (Southern America),FALSE,FALSE,TRUE,,Prodr. [A. P. de Candolle],1830,late Sep 1830,4: 253,1051-2,citation,Prodr. [A. P. de Candolle] 4: 253. 1830 [late Sep 1830] (as longe-petiolatum),FALSE,TRUE,1.1.2.2.1.2.2.1.1.1,91497-1,wfo-0000263638,TRUE,TRUE,TRUE,FALSE,FALSE,http://www.biodiversitylibrary.org/openurl?ctx_ver=Z39.88-2004&rft.date=1830&rft.spage=253&rft.volume=4&rft_id=http://www.biodiversitylibrary.org/bibliography/286&rft_val_fmt=info:ofi/fmt:kev:mtx:book&url_ver=z39.88-2004,NA,NA,NA,NA,"“longe” is an adverb (not an adjective); in the epithet longe-petiolatus (= longly petioled), the two words can stand independently, and the hyphen is permitted",(as longe-petiolatum),NA,NA,,NA,NA,NA,NA,NA,NA,NA,NA,NA,NA,NA,NA,NA,NA,NA,NA,NA,NA
NA,NA,NA,Arecaceae,Amylocarpus maraya-y,spec.,NA,/n/12131-2,urn:lsid:ipni.org:names:12131-2,,IPNI,Barb.Rodr.,Barb.Rodr.,,Amylocarpus,maraya-y,tax. nov.,Brazil (Southern America),FALSE,FALSE,TRUE,,Contr. Jard. Bot. Rio de Janeiro,1902,NA,3: 72,3500-2,citation,Contr. Jard. Bot. Rio de Janeiro 3: 72. 1902 ,FALSE,TRUE,1.3,12131-2,wfo-0000967658,FALSE,TRUE,TRUE,FALSE,FALSE,http://www.biodiversitylibrary.org/openurl?ctx_ver=Z39.88-2004&rft.date=1902&rft.spage=72&rft.volume=3&rft_id=http://www.biodiversitylibrary.org/bibliography/68943&rft_val_fmt=info:ofi/fmt:kev:mtx:book&url_ver=z39.88-2004,NA,NA,NA,NA,NA,NA,NA,NA,,NA,NA,NA,NA,NA,NA,NA,NA,NA,NA,NA,NA,NA,NA,NA,NA,NA,NA
NA,NA,NA,Aristolochiaceae,Aristolochia decursive-bracteata,spec.,NA,/n/20007-2,urn:lsid:ipni.org:names:20007-2,,IPNI,Hoehne,Hoehne,,Aristolochia,decursive-bracteata,tax. nov.,"Minas Gerais (Brazil, Southern America)",FALSE,FALSE,TRUE,,Arq. Bot. Estado Sao Paulo,1942,NA,"n. ser. form. maior, 1: 91, tab. 94",850-2,citation,"Arq. Bot. Estado Sao Paulo n. ser. form. maior, 1: 91, tab. 94. 1942 ",FALSE,TRUE,1.2,20007-2,wfo-0000547730,FALSE,TRUE,TRUE,FALSE,FALSE,NA,NA,NA,NA,NA,NA,NA,NA,NA,,NA,NA,NA,NA,NA,NA,NA,NA,NA,NA,NA,NA,NA,NA,NA,NA,NA,NA
NA,NA,NA,Aristolochiaceae,Aristolochia lanceolato-lorata,spec.,NA,/n/19513-2,urn:lsid:ipni.org:names:19513-2,,IPNI,S.Moore,S.Moore,,Aristolochia,lanceolato-lorata,tax. nov.,Brazil (Southern America),FALSE,FALSE,TRUE,,J. Bot.,1915,NA,53: 5,678-2,citation,J. Bot. 53: 5. 1915 ,FALSE,TRUE,1.3,19513-2,wfo-0000547959,FALSE,TRUE,TRUE,FALSE,FALSE,http://www.biodiversitylibrary.org/openurl?ctx_ver=Z39.88-2004&rft_id=http://www.biodiversitylibrary.org/page/34838283&rft_val_fmt=info:ofi/fmt:kev:mtx:book&url_ver=z39.88-2004,NA,NA,34838283,NA,NA,NA,NA,NA,,NA,NA,NA,NA,NA,NA,NA,NA,NA,NA,NA,NA,NA,NA,NA,NA,NA,NA
NA,NA,NA,Asteraceae,Chuquiraga unguis-cati,spec.,NA,/n/58333-2,urn:lsid:ipni.org:names:58333-2,,IPNI,Ces.,Ces.,,Chuquiraga,unguis-cati,tax. nov.,"Bahia (Brazil, Southern America)",FALSE,FALSE,TRUE,,Atti Accad. Sci. Fis.,1873,NA,5: 11,5768-2,citation,Atti Accad. Sci. Fis. 5: 11. 1873 ,FALSE,TRUE,1.5,58333-2,wfo-0000065375,FALSE,TRUE,TRUE,FALSE,FALSE,NA,NA,NA,NA,NA,Type data: A Bahia blanca ... Phil. exs. No. 942,NA,NA,NA,,NA,NA,NA,NA,NA,NA,NA,NA,NA,NA,NA,NA,NA,NA,NA,NA,NA,NA
NA,NA,NA,Asteraceae,Lychnophora mello-barretoi,spec.,NA,/n/146422-2,urn:lsid:ipni.org:names:146422-2,,IPNI,G.M.Barroso,G.M.Barroso,,Lychnophora,mello-barretoi,tax. nov.,"Minas Gerais (Brazil, Southern America)",FALSE,FALSE,TRUE,,Arch. Jard. Bot. Rio de Janeiro,1956,NA,"14: 261, tab. 4",848-2,citation,"Arch. Jard. Bot. Rio de Janeiro 14: 261, tab. 4. 1956 , as 'Lichnophora mello-barretoi'",FALSE,TRUE,1.4,146422-2,wfo-0000061249,TRUE,TRUE,TRUE,FALSE,FALSE,NA,NA,NA,NA,NA,NA,as 'Lichnophora mello-barretoi',NA,NA,,NA,NA,NA,NA,NA,NA,NA,NA,NA,NA,NA,NA,NA,NA,NA,NA,NA,NA
NA,NA,NA,Begoniaceae,Begonia campos-portoana,spec.,NA,/n/30445-2,urn:lsid:ipni.org:names:30445-2,,IPNI,Brade,Brade,,Begonia,campos-portoana,tax. nov.,"Santa Catarina (Brazil, Southern America)",FALSE,FALSE,TRUE,,Arch. Jard. Bot. Rio de Janeiro,1954,NA,"13: 85, tab. 9.",848-2,citation,"Arch. Jard. Bot. Rio de Janeiro 13: 85, tab. 9. 1954 ",FALSE,TRUE,1.3,30445-2,wfo-0000823583,FALSE,TRUE,TRUE,FALSE,FALSE,NA,NA,NA,NA,NA,NA,NA,NA,NA,,NA,NA,NA,NA,NA,NA,NA,NA,NA,NA,NA,NA,NA,NA,NA,NA,NA,NA
NA,NA,NA,Begoniaceae,Begonia fulvo-setulosa,spec.,NA,/n/30578-2,urn:lsid:ipni.org:names:30578-2,,IPNI,Brade,Brade,,Begonia,fulvo-setulosa,tax. nov.,"Sao Paulo (Brazil, Southern America)",FALSE,FALSE,TRUE,,Arq. Serv. Florest.,1944,NA,"2, no. 1: 22, tab. 3",8356-2,citation,"Arq. Serv. Florest. 2, no. 1: 22, tab. 3. 1944 ",FALSE,TRUE,1.2,30578-2,NA,FALSE,TRUE,TRUE,FALSE,FALSE,NA,NA,NA,NA,NA,NA,NA,NA,NA,,NA,NA,NA,NA,NA,NA,NA,NA,NA,NA,NA,NA,NA,NA,NA,NA,NA,NA
NA,NA,NA,Begoniaceae,Begonia konder-reisiana,spec.,NA,/n/30685-2,urn:lsid:ipni.org:names:30685-2,,IPNI,L.B.Sm. & R.C.Sm.,L.B.Sm. & R.C.Sm.,,Begonia,konder-reisiana,tax. nov.,"Santa Catarina (Brazil, Southern America)",FALSE,FALSE,TRUE,,Fl. Ilustr. Catarin.,1972,NA,"[Bego]: 35, t. 10",2164-2,citation,"Fl. Ilustr. Catarin. [Bego]: 35, t. 10. 1972 ",FALSE,TRUE,1.3,30685-2,NA,FALSE,TRUE,TRUE,FALSE,FALSE,NA,4061,"R.Reitz, R.M.Klein",NA,holotype US,NA,NA,NA,NA,,NA,NA,NA,NA,NA,NA,NA,NA,NA,NA,NA,NA,NA,NA,NA,NA,NA,NA
NA,NA,NA,Begoniaceae,Begonia soli-mutata,spec.,NA,/n/273191-2,urn:lsid:ipni.org:names:273191-2,,IPNI,L.B.Sm. & Wassh.,L.B.Sm. & Wassh.,,Begonia,soli-mutata,tax. nov.,cult. ex Brazil,FALSE,FALSE,TRUE,,Begonian,1990,NA,"57: 217, pl. 1",1815-2,citation,"Begonian 57: 217, pl. 1. 1990 ",FALSE,TRUE,1.4,273191-2,wfo-0000825560,FALSE,TRUE,TRUE,FALSE,FALSE,NA,20,O'Reilly,NA,holotype US,NA,NA,NA,NA,,NA,NA,NA,NA,NA,NA,NA,NA,NA,NA,NA,NA,NA,NA,NA,NA,NA,NA
NA,NA,NA,Bignoniaceae,Anemopaegma roseo-luteum,spec.,NA,/n/13614-2,urn:lsid:ipni.org:names:13614-2,,IPNI,Kraenzl.,Kraenzl.,,Anemopaegma,roseo-luteum,tax. nov.,Brazil (Southern America),FALSE,FALSE,TRUE,,Notizbl. Königl. Bot. Gart. Berlin,1915,NA,6: 373,3558-2,citation,Notizbl. Königl. Bot. Gart. Berlin 6: 373. 1915 ,FALSE,TRUE,1.2,13614-2,wfo-0000781012,FALSE,TRUE,TRUE,FALSE,FALSE,http://www.biodiversitylibrary.org/openurl?ctx_ver=Z39.88-2004&rft.date=1915&rft.spage=373&rft.volume=6&rft_id=http://www.biodiversitylibrary.org/bibliography/41384&rft_val_fmt=info:ofi/fmt:kev:mtx:book&url_ver=z39.88-2004,NA,NA,NA,NA,NA,NA,NA,NA,,NA,NA,NA,NA,NA,NA,NA,NA,NA,NA,NA,NA,NA,NA,NA,NA,NA,NA
NA,NA,NA,Bignoniaceae,Bignonia imperatoris-maximilianii,spec.,NA,/n/32895-2,urn:lsid:ipni.org:names:32895-2,,IPNI,Wawra,Wawra,,Bignonia,imperatoris-maximilianii,tax. nov.,Brazil (Southern America),FALSE,FALSE,TRUE,,Bot. Ergebn.,1866,NA,"73, tab. 10",15821-2,citation,"Bot. Ergebn. 73, tab. 10. 1866 ",FALSE,TRUE,1.4,32895-2,wfo-0000780627,FALSE,TRUE,TRUE,FALSE,FALSE,NA,156,"H.Wawra, F.de P.Maly",NA,holotype W,NA,NA,NA,NA,,NA,NA,NA,NA,NA,NA,NA,NA,NA,NA,NA,NA,NA,NA,NA,NA,NA,NA
NA,NA,NA,Bromeliaceae,Ananas genesio-linesii,spec.,NA,/n/12332-2,urn:lsid:ipni.org:names:12332-2,,IPNI,Reitz,Reitz,,Ananas,genesio-linesii,tax. nov.,"Distrito Federal (Brazil, Southern America)",FALSE,FALSE,TRUE,,Bull. Bromeliad Soc.,1968,NA,"18: 109, figs",5109-2,citation,"Bull. Bromeliad Soc. 18: 109, figs. 1968 ",FALSE,TRUE,1.3,12332-2,NA,FALSE,TRUE,TRUE,FALSE,FALSE,NA,NA,NA,NA,NA,NA,NA,NA,NA,,NA,NA,NA,NA,NA,NA,NA,NA,NA,NA,NA,NA,NA,NA,NA,NA,NA,NA
NA,NA,NA,Bromeliaceae,Cryptanthus burle-marxii,spec.,NA,/n/983649-1,urn:lsid:ipni.org:names:983649-1,,IPNI,Leme,Leme,,Cryptanthus,burle-marxii,tax. nov.,Brazil Northeast (Pernambuco).,FALSE,FALSE,TRUE,,Cryptanthus Soc. J.,1990,1990,5(1): 12 (1990),NA,citation,Cryptanthus Soc. J. 5(1): 12 (1990). ,FALSE,TRUE,1.1.2.1.1.3,983649-1,wfo-0000364883,FALSE,TRUE,TRUE,TRUE,FALSE,NA,NA,NA,NA,NA,NA,NA,NA,NA,,NA,NA,NA,NA,NA,NA,Brazil Northeast (Pernambuco).,NA,NA,NA,NA,NA,NA,NA,NA,NA,NA,NA
NA,NA,NA,Bromeliaceae,Cryptanthus roberto-kautskyi,spec.,NA,/n/983820-1,urn:lsid:ipni.org:names:983820-1,,IPNI,Leme,Leme,,Cryptanthus,roberto-kautskyi,tax. nov.,Brazil Southeast (Espírito Santo).,FALSE,FALSE,TRUE,,Cryptanthus Soc. J.,1991,1991,6(3): 12 (1991),NA,citation,Cryptanthus Soc. J. 6(3): 12 (1991). ,FALSE,TRUE,1.1.2.1.1.3,983820-1,wfo-0000365076,FALSE,TRUE,TRUE,TRUE,FALSE,NA,NA,NA,NA,NA,NA,NA,NA,NA,,NA,NA,NA,NA,NA,NA,Brazil Southeast (Espírito Santo).,NA,NA,NA,NA,NA,NA,NA,NA,NA,NA,NA
NA,NA,NA,Bromeliaceae,Dyckia burle-marxii,spec.,NA,/n/86216-2,urn:lsid:ipni.org:names:86216-2,,IPNI,L.B.Sm. & Read,L.B.Sm. & Read,,Dyckia,burle-marxii,tax. nov.,Brazil (Southern America),FALSE,FALSE,TRUE,,Phytologia,1977,NA,38: 137 (-138),1034-2,citation,Phytologia 38: 137 (-138). 1977 ,FALSE,TRUE,1.4,86216-2,wfo-0000400222,FALSE,TRUE,TRUE,FALSE,FALSE,http://www.biodiversitylibrary.org/openurl?ctx_ver=Z39.88-2004&rft.date=1977&rft.spage=137&rft.volume=38&rft_id=http://www.biodiversitylibrary.org/bibliography/12678&rft_val_fmt=info:ofi/fmt:kev:mtx:book&url_ver=z39.88-2004,s. n,R.Burle-Marx,NA,holotype HB,NA,NA,NA,NA,,NA,NA,NA,NA,NA,NA,NA,NA,NA,NA,NA,NA,NA,NA,NA,NA,NA,NA
NA,NA,NA,Bromeliaceae,Encholirium josinoi-narcisae,spec.,NA,/n/77179027-1,urn:lsid:ipni.org:names:77179027-1,,IPNI,P.J.Braun & Esteves,P.J.Braun & Esteves,,Encholirium,josinoi-narcisae,tax. nov.,"Goiás (Brazil West-Central, Brazil, Southern America)",FALSE,FALSE,TRUE,,Bromelie,2018,NA,2018(1): 33,16760-2,citation,Bromelie 2018(1): 33. ,FALSE,TRUE,1.2,77179027-1,wfo-1000003912,FALSE,TRUE,TRUE,FALSE,FALSE,NA,E-788,E.Esteves Pereira,NA,holotype UFG 60.896,NA,NA,NA,"Municipio Monte Alegre de Goiás, 570 m",,NA,NA,NA,ex cult. fl. May 2010,NA,NA,NA,NA,NA,NA,NA,NA,NA,NA,NA,NA,NA,NA
NA,NA,NA,Bromeliaceae,Encholirium pierre-braunii,spec.,NA,/n/77165333-1,urn:lsid:ipni.org:names:77165333-1,,IPNI,Esteves,Esteves,,Encholirium,pierre-braunii,tax. nov.,"Bahia (Brazil Northeast, Brazil, Southern America)",FALSE,FALSE,TRUE,,Bromelie,2017,NA,2017(2): 83,16760-2,citation,Bromelie 2017(2): 83. ,FALSE,TRUE,1.1,77165333-1,NA,FALSE,TRUE,TRUE,FALSE,FALSE,NA,E-489,E.Esteves Pereira,NA,holotype UFG 50.535,Named for Dr. Pierre Braun.,NA,NA,"Municipality of Serra do Ramalho, west of the Rio São Francisco, 740 m",,NA,NA,NA,"ex cult., fl. May 2015 coll. in the wild P.J.Braun & Esteves",NA,NA,NA,NA,NA,NA,NA,NA,NA,NA,NA,NA,NA,NA
NA,NA,NA,Bromeliaceae,Neoglaziovia burle-marxii,spec.,NA,/n/281306-2,urn:lsid:ipni.org:names:281306-2,,IPNI,Leme,Leme,,Neoglaziovia,burle-marxii,tax. nov.,Brazil (Southern America),FALSE,FALSE,TRUE,,J. Bromeliad Soc.,1990,NA,"40: 102 (-103), fig",3393-2,citation,"J. Bromeliad Soc. 40: 102 (-103), fig. 1990 ",FALSE,TRUE,1.5,281306-2,wfo-0000476516,FALSE,TRUE,TRUE,FALSE,FALSE,NA,s.n.,R.Burle-Marx,NA,holotype HB,NA,NA,NA,NA,,NA,NA,NA,NA,NA,NA,NA,NA,NA,NA,NA,NA,NA,NA,NA,NA,NA,NA
NA,NA,NA,Cactaceae,Melocactus alex-bragae,spec.,NA,/n/77097024-1,urn:lsid:ipni.org:names:77097024-1,,IPNI,P.J.Braun & Esteves,P.J.Braun & Esteves,,Melocactus,alex-bragae,tax. nov.,"Bahia (Brazil Northeast, Brazil, Southern America)",FALSE,FALSE,TRUE,,Cact. Succ. J. (Los Angeles),2008,Sep-Oct  publ. 8 Sep 2008,80(5): 252 (251-253; figs.),1964-2,citation,Cact. Succ. J. (Los Angeles) 80(5): 252 (251-253; figs.). 2008 [Sep-Oct  publ. 8 Sep 2008] ,FALSE,TRUE,1.3,77097024-1,NA,FALSE,TRUE,TRUE,FALSE,FALSE,NA,87,A.Braga,NA,holotype UFG,doi:10.2985/0007-9367(2008)80[251:MALKBN]2.0.CO;2 Named after Alex Braga Nascimento.,NA,2007,"in vicinitate urbis laçu, 255 m",,NA,NA,NA,NA,NA,NA,NA,NA,NA,NA,NA,NA,NA,NA,NA,NA,NA,NA
NA,NA,NA,Cactaceae,Rhipsalis pacheco-leoni,spec.,NA,/n/219332-2,urn:lsid:ipni.org:names:219332-2,,IPNI,Loefgr.,Loefgr.,,Rhipsalis,pacheco-leoni,tax. nov.,Brazil (Southern America),FALSE,FALSE,FALSE,,Arch. Jard. Bot. Rio de Janeiro,1918,NA,"2: 38, pl. 10",848-2,citation,"Arch. Jard. Bot. Rio de Janeiro 2: 38, pl. 10. 1918 ",FALSE,TRUE,1.2,219332-2,NA,FALSE,FALSE,TRUE,FALSE,FALSE,NA,NA,NA,NA,NA,NA,NA,NA,NA,,NA,NA,NA,NA,NA,NA,NA,NA,NA,NA,NA,NA,NA,NA,NA,NA,NA,NA
NA,NA,NA,Cactaceae,Trichocereus campos-portoi,spec.,NA,/n/257069-2,urn:lsid:ipni.org:names:257069-2,,IPNI,Werderm.,Werderm.,,Trichocereus,campos-portoi,tax. nov.,"Minas Gerais (Brazil, Southern America)",FALSE,FALSE,TRUE,,Brasil. Sauelenkakteen,1933,NA,"94, fig",14724-2,citation,"Brasil. Sauelenkakteen 94, fig. 1933 ",FALSE,TRUE,1.3,257069-2,NA,FALSE,TRUE,TRUE,FALSE,FALSE,NA,NA,NA,NA,NA,NA,NA,NA,NA,,NA,NA,NA,NA,NA,NA,NA,NA,NA,NA,NA,NA,NA,NA,NA,NA,NA,NA
NA,NA,NA,Convolvulaceae,Ipomoea cipo-colla,spec.,NA,/n/129248-2,urn:lsid:ipni.org:names:129248-2,,IPNI,Glaz.,Glaz.,,Ipomoea,cipo-colla,tax. nov.,Brazil (Southern America),FALSE,FALSE,FALSE,,Bull. Soc. Bot. France,1910,NA,57(Mém. 3e): 484,578-2,citation,Bull. Soc. Bot. France 57(Mém. 3e): 484. 1910 ,FALSE,TRUE,1.3,129248-2,wfo-0000155088,FALSE,TRUE,TRUE,FALSE,FALSE,NA,NA,NA,NA,NA,NA,NA,NA,NA,,NA,NA,NA,NA,NA,NA,NA,NA,NA,NA,NA,NA,NA,NA,NA,NA,NA,NA
NA,NA,NA,Eriocaulaceae,Paepalanthus burle-marxii,spec.,NA,/n/77336110-1,urn:lsid:ipni.org:names:77336110-1,,IPNI,Trovó,Trovó,,Paepalanthus,burle-marxii,tax. nov.,"Brasília Distrito Federal (Brazil West-Central, Brazil, Southern America)",FALSE,FALSE,FALSE,,Phytotaxa,2024,7 Feb 2024,636(2): 144,20011462-1,citation,Phytotaxa 636(2): 144. 2024 [7 Feb 2024] [epublished],FALSE,TRUE,1.1,77336110-1,NA,TRUE,FALSE,TRUE,FALSE,FALSE,NA,810,M.L.O.Trovó et al.,NA,holotype RB;isotype CEN;isotype NY,"doi:10.11646/phytotaxa.636.2.3 Etymology: the specific epithet celebrates Roberto Burle Marx, a brilliant Brazilian landscape architect and visual artist, whose designs include famous parks and gardens in Brasilia.",[epublished],20 May 2022,"Parque Nacional de Brasília, entrada pela portaria 6 em campo limpo, pedregoso, c. 1250 m",,NA,NA,NA,NA,NA,NA,NA,NA,NA,NA,NA,NA,NA,NA,NA,NA,NA,NA
NA,NA,NA,Eriocaulaceae,Paepalanthus niveo-niger,spec.,NA,/n/281944-2,urn:lsid:ipni.org:names:281944-2,,IPNI,Silveira,Silveira,,Paepalanthus,niveo-niger,tax. nov.,Brazil (Southern America),FALSE,FALSE,TRUE,,Floral. Mont.,1928,NA,"246, tab",5697-2,citation,"Floral. Mont. 246, tab. 1928 ",FALSE,TRUE,1.5,281944-2,wfo-0000486496,FALSE,TRUE,TRUE,FALSE,FALSE,NA,692,A.A.da Silveira,NA,holotype R,NA,NA,NA,NA,,NA,NA,NA,NA,NA,NA,NA,NA,NA,NA,NA,NA,NA,NA,NA,NA,NA,NA
NA,NA,NA,Eriocaulaceae,Paepalanthus rufo-albus,spec.,NA,/n/180600-2,urn:lsid:ipni.org:names:180600-2,,IPNI,Silveira,Silveira,,Paepalanthus,rufo-albus,tax. nov.,"Minas Gerais (Brazil, Southern America)",FALSE,FALSE,TRUE,,Floral. Mont.,1928,NA,"94, tab. 60, 61",5697-2,citation,"Floral. Mont. 94, tab. 60, 61. 1928 ",FALSE,TRUE,1.3,180600-2,NA,FALSE,TRUE,TRUE,FALSE,FALSE,NA,NA,NA,NA,NA,NA,NA,NA,NA,,NA,NA,NA,NA,NA,NA,NA,NA,NA,NA,NA,NA,NA,NA,NA,NA,NA,NA
NA,NA,NA,Eriocaulaceae,Syngonanthus retrorso-ciliatus,spec.,NA,/n/248364-2,urn:lsid:ipni.org:names:248364-2,,IPNI,Silveira,Silveira,,Syngonanthus,retrorso-ciliatus,tax. nov.,"Minas Gerais (Brazil, Southern America)",FALSE,FALSE,TRUE,,Floral. Mont.,1928,NA,"347, tab. 220",5697-2,citation,"Floral. Mont. 347, tab. 220. 1928 ",FALSE,TRUE,1.2,248364-2,wfo-0000566548,FALSE,TRUE,TRUE,FALSE,FALSE,NA,NA,NA,NA,NA,NA,NA,NA,NA,,NA,NA,NA,NA,NA,NA,NA,NA,NA,NA,NA,NA,NA,NA,NA,NA,NA,NA
NA,NA,NA,Heliconiaceae,Heliconia burle-marxii,spec.,NA,/n/119320-2,urn:lsid:ipni.org:names:119320-2,,IPNI,Emygdio,Emygdio,,Heliconia,burle-marxii,tax. nov.,"Acre, Distrito Federal, Brazil (Southern America)",FALSE,FALSE,TRUE,,"Bol. Mus. Nac. Rio de Janeiro, Bot.",1957,NA,"no. 16: [1], fig",4150-2,citation,"Bol. Mus. Nac. Rio de Janeiro, Bot. no. 16: [1], fig. 1957 ",FALSE,TRUE,1.4,119320-2,wfo-0000437213,FALSE,TRUE,TRUE,FALSE,FALSE,NA,NA,NA,NA,NA,NA,NA,NA,NA,,NA,NA,NA,NA,NA,NA,NA,NA,NA,NA,NA,NA,NA,NA,NA,NA,NA,NA
NA,NA,NA,Heliconiaceae,Heliconia ferdinandi-coburgii,spec.,NA,/n/119364-2,urn:lsid:ipni.org:names:119364-2,,IPNI,Szyszył. in Wawra,Szyszył. in Wawra,,Heliconia,ferdinandi-coburgii,tax. nov.,Brazil (Southern America),FALSE,FALSE,FALSE,,Itin. Princ. S. Coburgi,1888,NA,"2: 88, pl. 5",14558-2,citation,"Itin. Princ. S. Coburgi 2: 88, pl. 5. 1888 ",FALSE,TRUE,1.6,119364-2,NA,FALSE,FALSE,TRUE,FALSE,FALSE,NA,NA,NA,NA,NA,NA,NA,NA,NA,,NA,NA,NA,NA,NA,NA,NA,NA,NA,NA,NA,NA,NA,NA,NA,NA,NA,NA
NA,NA,NA,Heliconiaceae,Heliconia mariae-augustae,spec.,NA,/n/119414-2,urn:lsid:ipni.org:names:119414-2,,IPNI,Emygdio & E.Santos,Emygdio & E.Santos,,Heliconia,mariae-augustae,tax. nov.,Brazil (Southern America),FALSE,FALSE,FALSE,,Bol. Mus. Nac. Rio de Janeiro,1981,NA,"n.s., Bot. no. 60: 2, figs",4149-2,citation,"Bol. Mus. Nac. Rio de Janeiro n.s., Bot. no. 60: 2, figs. 1981 ",FALSE,TRUE,1.4,119414-2,wfo-0001350215,FALSE,TRUE,TRUE,FALSE,FALSE,NA,4355,L.Emygdio de Mello Filho,NA,holotype R,NA,NA,NA,NA,,NA,NA,NA,NA,NA,NA,NA,NA,NA,NA,NA,NA,NA,NA,NA,NA,NA,NA
NA,NA,NA,Humiriaceae,Humiriastrum spiritus-sancti,spec.,NA,/n/124808-2,urn:lsid:ipni.org:names:124808-2,,IPNI,Cuatrec.,Cuatrec.,,Humiriastrum,spiritus-sancti,tax. nov.,"Espirito Santo (Brazil, Southern America)",FALSE,FALSE,TRUE,,Ciencia (Mexico),1964,NA,23: 137,10476-2,citation,Ciencia (Mexico) 23: 137. 1964 ,FALSE,TRUE,1.3,124808-2,NA,FALSE,TRUE,TRUE,FALSE,FALSE,NA,NA,NA,NA,NA,as H. spiritu-sancti,NA,NA,NA,,NA,NA,NA,NA,NA,NA,NA,NA,NA,NA,NA,NA,NA,NA,NA,NA,NA,NA
NA,NA,NA,Lamiaceae,Hyptis sancti-gabrieli,spec.,NA,/n/20001179-1,urn:lsid:ipni.org:names:20001179-1,,IPNI,Harley,Harley,,Hyptis,sancti-gabrieli,tax. nov.,"Bahia (Brazil Northeast, Brazil, Southern America)",FALSE,FALSE,FALSE,,Kew Bull.,2001,11 Oct 2001,56(3): 686,987-2,citation,"Kew Bull. 56(3): 686. 2001 [11 Oct 2001] , as 'sancti-gabrielii'",FALSE,TRUE,1.4,20001179-1,wfo-0000796038,TRUE,TRUE,TRUE,FALSE,FALSE,NA,53920,Harley; Giulietti,NA,isotype HUEFS;isotype K;isotype IPA;isotype CPATSA,NA,as 'sancti-gabrielii',28 May 2000,"São Gabriel, Alto da Lagoa Nova",,NA,NA,NA,NA,NA,NA,NA,NA,NA,NA,NA,NA,NA,NA,NA,NA,NA,NA
NA,NA,NA,Malvaceae,Sida compressi-caulis,spec.,NA,/n/235602-2,urn:lsid:ipni.org:names:235602-2,,IPNI,Larrañaga,Larrañaga,,Sida,compressi-caulis,tax. nov.,Brazil (Southern America),FALSE,FALSE,TRUE,,Escritos Damaso Antonio Larranaga,1922,NA,1: 413,1322-2,citation,Escritos Damaso Antonio Larranaga 1: 413. 1922 Pub. Inst. Hist. Geog. Uruguay,FALSE,TRUE,1.1.1.1.2.1.1.1,235602-2,wfo-0000501745,TRUE,TRUE,TRUE,FALSE,FALSE,NA,NA,NA,NA,NA,NA,Pub. Inst. Hist. Geog. Uruguay,NA,NA,,NA,NA,NA,NA,NA,NA,NA,NA,NA,NA,NA,NA,NA,NA,NA,NA,NA,NA
NA,NA,NA,Melastomataceae,Behuria souza-limae,spec.,NA,/n/31035-2,urn:lsid:ipni.org:names:31035-2,,IPNI,Brade,Brade,,Behuria,souza-limae,tax. nov.,"Sao Paulo (Brazil, Southern America)",FALSE,FALSE,TRUE,,Rodriguésia,1945,NA,"9: [3], tab. 1, 2",1167-2,citation,"Rodriguésia 9: [3], tab. 1, 2. 1945 ",FALSE,TRUE,1.3,31035-2,wfo-0001279882,FALSE,TRUE,TRUE,FALSE,FALSE,NA,NA,NA,NA,NA,NA,NA,NA,NA,,NA,NA,NA,NA,NA,NA,NA,NA,NA,NA,NA,NA,NA,NA,NA,NA,NA,NA
NA,NA,NA,Melastomataceae,Lavoisiera campos-portoana,spec.,NA,/n/136363-2,urn:lsid:ipni.org:names:136363-2,,IPNI,Barreto,Barreto,,Lavoisiera,campos-portoana,tax. nov.,"Minas Gerais (Brazil, Southern America)",FALSE,FALSE,TRUE,,Arq. Inst. Biol. Veg.,1935,Sep 1935,"2(1): 8, pl. 1",851-2,citation,"Arq. Inst. Biol. Veg. 2(1): 8, pl. 1. 1935 [Sep 1935] ",FALSE,TRUE,1.3,136363-2,wfo-0001280218,FALSE,TRUE,TRUE,FALSE,FALSE,http://www.biodiversitylibrary.org/openurl?ctx_ver=Z39.88-2004&rft.date=1935&rft.issue=1&rft.spage=8&rft.volume=2&rft_id=http://www.biodiversitylibrary.org/bibliography/115964&rft_val_fmt=info:ofi/fmt:kev:mtx:book&url_ver=z39.88-2004,NA,NA,NA,NA,NA,NA,NA,NA,,NA,NA,NA,NA,NA,NA,NA,NA,NA,NA,NA,NA,NA,NA,NA,NA,NA,NA
NA,NA,NA,Melastomataceae,Lavoisiera marques-lisboana,spec.,NA,/n/136394-2,urn:lsid:ipni.org:names:136394-2,,IPNI,Barreto,Barreto,,Lavoisiera,marques-lisboana,tax. nov.,"Minas Gerais (Brazil, Southern America)",FALSE,FALSE,TRUE,,Arq. Inst. Biol. Veg.,1935,Sep 1935,"2(1): 9, pl. 2",851-2,citation,"Arq. Inst. Biol. Veg. 2(1): 9, pl. 2. 1935 [Sep 1935] ",FALSE,TRUE,1.3,136394-2,wfo-0000158099,FALSE,TRUE,TRUE,FALSE,FALSE,http://www.biodiversitylibrary.org/openurl?ctx_ver=Z39.88-2004&rft.date=1935&rft.issue=1&rft.spage=9&rft.volume=2&rft_id=http://www.biodiversitylibrary.org/bibliography/115964&rft_val_fmt=info:ofi/fmt:kev:mtx:book&url_ver=z39.88-2004,NA,NA,NA,NA,NA,NA,NA,NA,,NA,NA,NA,NA,NA,NA,NA,NA,NA,NA,NA,NA,NA,NA,NA,NA,NA,NA
NA,NA,NA,Melastomataceae,Lavoisiera mello-barretoi,spec.,NA,/n/136395-2,urn:lsid:ipni.org:names:136395-2,,IPNI,Markgr.,Markgr.,,Lavoisiera,mello-barretoi,tax. nov.,"Minas Gerais (Brazil, Southern America)",FALSE,FALSE,TRUE,,Notizbl. Bot. Gart. Berlin-Dahlem,1940,NA,15: 220,1019-2,citation,Notizbl. Bot. Gart. Berlin-Dahlem 15: 220. 1940 ,FALSE,TRUE,1.3,136395-2,wfo-0001280220,FALSE,TRUE,TRUE,FALSE,FALSE,http://www.biodiversitylibrary.org/openurl?ctx_ver=Z39.88-2004&rft.date=1940&rft.spage=220&rft.volume=15&rft_id=http://www.biodiversitylibrary.org/bibliography/41365&rft_val_fmt=info:ofi/fmt:kev:mtx:book&url_ver=z39.88-2004,NA,NA,NA,NA,NA,NA,NA,NA,,NA,NA,NA,NA,NA,NA,NA,NA,NA,NA,NA,NA,NA,NA,NA,NA,NA,NA
NA,NA,NA,Melastomataceae,Miconia setoso-ciliata,spec.,NA,/n/159726-2,urn:lsid:ipni.org:names:159726-2,,IPNI,Cogn.,Cogn.,,Miconia,setoso-ciliata,tax. nov.,Brazil (Southern America),FALSE,FALSE,TRUE,,Monogr. Phan. [A.DC. & C.DC.],1891,Jun 1891,7: 843,3279-2,citation,Monogr. Phan. [A.DC. & C.DC.] 7: 843. 1891 [Jun 1891] ,FALSE,TRUE,1.3.1.5,159726-2,wfo-0001079853,FALSE,TRUE,TRUE,FALSE,FALSE,http://www.biodiversitylibrary.org/openurl?ctx_ver=Z39.88-2004&rft.date=1891&rft.spage=843&rft.volume=7&rft_id=http://www.biodiversitylibrary.org/bibliography/45961&rft_val_fmt=info:ofi/fmt:kev:mtx:book&url_ver=z39.88-2004,NA,NA,NA,NA,NA,NA,NA,NA,,NA,NA,NA,NA,NA,NA,NA,NA,NA,NA,NA,NA,NA,NA,NA,NA,NA,NA
NA,NA,NA,Moraceae,Dorstenia pseudo-opifera,spec.,NA,/n/83107-2,urn:lsid:ipni.org:names:83107-2,,IPNI,Hassl.,Hassl.,,Dorstenia,pseudo-opifera,tax. nov.,Brazil (Southern America),FALSE,FALSE,TRUE,,Annuaire Conserv. Jard. Bot. Genève,1919,NA,21: 117,1145-2,citation,Annuaire Conserv. Jard. Bot. Genève 21: 117. 1919 ,FALSE,TRUE,1.3,83107-2,wfo-0000654603,FALSE,TRUE,TRUE,FALSE,FALSE,http://www.biodiversitylibrary.org/openurl?ctx_ver=Z39.88-2004&rft.date=1919&rft.spage=117&rft.volume=21&rft_id=http://www.biodiversitylibrary.org/bibliography/52147&rft_val_fmt=info:ofi/fmt:kev:mtx:book&url_ver=z39.88-2004,NA,NA,NA,NA,NA,NA,NA,NA,,NA,NA,NA,NA,NA,NA,NA,NA,NA,NA,NA,NA,NA,NA,NA,NA,NA,NA
NA,NA,NA,Moraceae,Ficus griseo-puberula,spec.,NA,/n/104553-2,urn:lsid:ipni.org:names:104553-2,,IPNI,Warb.,Warb.,,Ficus,griseo-puberula,tax. nov.,Brazil (Southern America),FALSE,FALSE,FALSE,,Bull. Soc. Bot. France,1913,NA,59(Mém. 3g): 641,578-2,citation,Bull. Soc. Bot. France 59(Mém. 3g): 641. 1913 ,FALSE,TRUE,1.4,104553-2,wfo-0001084882,FALSE,TRUE,TRUE,FALSE,FALSE,NA,NA,NA,NA,NA,NA,NA,NA,NA,,NA,NA,NA,NA,NA,NA,NA,NA,NA,NA,NA,NA,NA,NA,NA,NA,NA,NA
NA,NA,NA,Myrtaceae,Eugenia curvato-petiolata,spec.,NA,/n/98276-2,urn:lsid:ipni.org:names:98276-2,,IPNI,Kiaersk.,Kiaersk.,,Eugenia,curvato-petiolata,tax. nov.,Brazil (Southern America),FALSE,FALSE,TRUE,,Enum. Myrt. Bras.,1893,NA,"133, pl. 18, fig. d",14271-2,citation,"Enum. Myrt. Bras. 133, pl. 18, fig. d. 1893 ",FALSE,TRUE,1.2,98276-2,wfo-0000957029,FALSE,TRUE,TRUE,FALSE,FALSE,NA,NA,NA,NA,NA,NA,NA,NA,NA,,NA,NA,NA,NA,NA,NA,NA,NA,NA,NA,NA,NA,NA,NA,NA,NA,NA,NA
NA,NA,NA,Myrtaceae,Eugenia robusto-venosa,spec.,NA,/n/98953-2,urn:lsid:ipni.org:names:98953-2,,IPNI,Kiaersk.,Kiaersk.,,Eugenia,robusto-venosa,tax. nov.,Brazil (Southern America),FALSE,FALSE,TRUE,,Enum. Myrt. Bras.,1893,NA,"137, pl. 21, fig. c",14271-2,citation,"Enum. Myrt. Bras. 137, pl. 21, fig. c. 1893 ",FALSE,TRUE,1.2,98953-2,wfo-0000958875,FALSE,TRUE,TRUE,FALSE,FALSE,NA,NA,NA,NA,NA,NA,NA,NA,NA,,NA,NA,NA,NA,NA,NA,NA,NA,NA,NA,NA,NA,NA,NA,NA,NA,NA,NA
NA,NA,NA,Myrtaceae,Eugenia seriato-pedunculata,spec.,NA,/n/99003-2,urn:lsid:ipni.org:names:99003-2,,IPNI,Kiaersk.,Kiaersk.,,Eugenia,seriato-pedunculata,tax. nov.,Brazil (Southern America),FALSE,FALSE,TRUE,,Enum. Myrt. Bras.,1893,NA,"170, tab. 23f",14271-2,citation,"Enum. Myrt. Bras. 170, tab. 23f. 1893 Warming, Symb. Fl. Brasil. Cogn. pt. 39",FALSE,TRUE,1.3,99003-2,wfo-0000959030,TRUE,TRUE,TRUE,FALSE,FALSE,NA,NA,NA,NA,NA,NA,"Warming, Symb. Fl. Brasil. Cogn. pt. 39",NA,NA,,NA,NA,NA,NA,NA,NA,NA,NA,NA,NA,NA,NA,NA,NA,NA,NA,NA,NA
NA,NA,NA,Myrtaceae,Eugenia seriato-racemosa,spec.,NA,/n/99004-2,urn:lsid:ipni.org:names:99004-2,,IPNI,Kiaersk.,Kiaersk.,,Eugenia,seriato-racemosa,tax. nov.,Brazil (Southern America),FALSE,FALSE,TRUE,,Enum. Myrt. Bras.,1893,NA,"151, pl. 21, fig. d",14271-2,citation,"Enum. Myrt. Bras. 151, pl. 21, fig. d. 1893 ",FALSE,TRUE,1.2,99004-2,wfo-0000959031,FALSE,TRUE,TRUE,FALSE,FALSE,NA,NA,NA,NA,NA,NA,NA,NA,NA,,NA,NA,NA,NA,NA,NA,NA,NA,NA,NA,NA,NA,NA,NA,NA,NA,NA,NA
NA,NA,NA,Myrtaceae,Eugenia seriato-ramosa,spec.,NA,/n/99005-2,urn:lsid:ipni.org:names:99005-2,,IPNI,Kiaersk.,Kiaersk.,,Eugenia,seriato-ramosa,tax. nov.,"Rio de Janeiro (Brazil, Southern America)",FALSE,FALSE,TRUE,,Enum. Myrt. Bras.,1893,NA,"170, tab. 23g",14271-2,citation,"Enum. Myrt. Bras. 170, tab. 23g. 1893 Warming, Symb. Fl. Brasil. Cogn. pt. 39",FALSE,TRUE,1.3,99005-2,wfo-0000959032,TRUE,TRUE,TRUE,FALSE,FALSE,NA,NA,NA,NA,NA,NA,"Warming, Symb. Fl. Brasil. Cogn. pt. 39",NA,NA,,NA,NA,NA,NA,NA,NA,NA,NA,NA,NA,NA,NA,NA,NA,NA,NA,NA,NA
NA,NA,NA,Myrtaceae,Eugenia tenui-pedunculata,spec.,NA,/n/99112-2,urn:lsid:ipni.org:names:99112-2,,IPNI,Kiaersk.,Kiaersk.,,Eugenia,tenui-pedunculata,tax. nov.,Brazil (Southern America),FALSE,FALSE,TRUE,,Enum. Myrt. Bras.,1893,NA,"131, pl. 21, fig. g",14271-2,citation,"Enum. Myrt. Bras. 131, pl. 21, fig. g. 1893 ",FALSE,TRUE,1.3,99112-2,wfo-0000959278,FALSE,TRUE,TRUE,FALSE,FALSE,NA,NA,NA,NA,NA,NA,NA,NA,NA,,NA,NA,NA,NA,NA,NA,NA,NA,NA,NA,NA,NA,NA,NA,NA,NA,NA,NA
NA,NA,NA,Myrtaceae,Marlierea leal-costae,spec.,NA,/n/991727-1,urn:lsid:ipni.org:names:991727-1,,IPNI,G.M.Barroso & Peixoto,G.M.Barroso & Peixoto,,Marlierea,leal-costae,tax. nov.,Brazil Northeast (Bahia).,FALSE,FALSE,TRUE,,Revista Brasil. Bot.,1995,1995,18(1): 105 (1995),2800-2,citation,Revista Brasil. Bot. 18(1): 105 (1995). ,FALSE,TRUE,1.5,991727-1,wfo-0000236437,FALSE,TRUE,TRUE,TRUE,FALSE,NA,NA,NA,NA,NA,NA,NA,NA,NA,,NA,NA,NA,NA,NA,NA,Brazil Northeast (Bahia).,NA,NA,NA,NA,NA,NA,NA,NA,NA,NA,NA
NA,NA,NA,Myrtaceae,Myrciaria spirito-sanctensis,spec.,NA,/n/957768-1,urn:lsid:ipni.org:names:957768-1,,IPNI,Mattos,Mattos,,Myrciaria,spirito-sanctensis,tax. nov.,Brazil.,FALSE,FALSE,TRUE,,Loefgrenia,1976,1976,51: 3 (1976),994-2,citation,Loefgrenia 51: 3 (1976). ,FALSE,TRUE,1.4,957768-1,wfo-0000248172,FALSE,TRUE,TRUE,TRUE,FALSE,NA,NA,NA,NA,NA,NA,NA,NA,NA,,NA,NA,NA,NA,NA,NA,Brazil.,NA,NA,NA,NA,NA,NA,NA,NA,NA,NA,NA
NA,NA,NA,Myrtaceae,Myrcia adpresse-pilosa,spec.,NA,/n/165531-2,urn:lsid:ipni.org:names:165531-2,,IPNI,Kiaersk.,Kiaersk.,,Myrcia,adpresse-pilosa,tax. nov.,Brazil (Southern America),FALSE,FALSE,TRUE,,Enum. Myrt. Bras.,1893,NA,"75, pl. 5, fig. d",14271-2,citation,"Enum. Myrt. Bras. 75, pl. 5, fig. d. 1893 ",FALSE,TRUE,1.3,165531-2,wfo-0000247209,FALSE,TRUE,TRUE,FALSE,FALSE,NA,NA,NA,NA,NA,NA,NA,NA,NA,,NA,NA,NA,NA,NA,NA,NA,NA,NA,NA,NA,NA,NA,NA,NA,NA,NA,NA
NA,NA,NA,Myrtaceae,Myrcia cymoso-paniculata,spec.,NA,/n/165659-2,urn:lsid:ipni.org:names:165659-2,,IPNI,Kiaersk.,Kiaersk.,,Myrcia,cymoso-paniculata,tax. nov.,Brazil (Southern America),FALSE,FALSE,TRUE,,Enum. Myrt. Bras.,1893,NA,"90, pl. 9, fig. a",14271-2,citation,"Enum. Myrt. Bras. 90, pl. 9, fig. a. 1893 ",FALSE,TRUE,1.4,165659-2,wfo-0000247379,FALSE,TRUE,TRUE,FALSE,FALSE,NA,NA,NA,NA,NA,NA,NA,NA,NA,,NA,NA,NA,NA,NA,NA,NA,NA,NA,NA,NA,NA,NA,NA,NA,NA,NA,NA
NA,NA,NA,Onagraceae,Fuchsia santos-limae,spec.,NA,/n/106276-2,urn:lsid:ipni.org:names:106276-2,,IPNI,Brade,Brade,,Fuchsia,santos-limae,tax. nov.,"Rio de Janeiro (Brazil, Southern America)",FALSE,FALSE,TRUE,,Arch. Jard. Bot. Rio de Janeiro,1957,NA,"15: 10, tab. 2",848-2,citation,"Arch. Jard. Bot. Rio de Janeiro 15: 10, tab. 2. 1957 ",FALSE,TRUE,1.5,106276-2,wfo-0000692890,FALSE,TRUE,TRUE,FALSE,FALSE,NA,NA,NA,NA,NA,NA,NA,NA,NA,,NA,NA,NA,NA,NA,NA,NA,NA,NA,NA,NA,NA,NA,NA,NA,NA,NA,NA
NA,NA,NA,Orchidaceae,Dichaea saraca-taquerensis,spec.,NA,/n/77150136-1,urn:lsid:ipni.org:names:77150136-1,,IPNI,Campacci & J.B.F.Silva,Campacci & J.B.F.Silva,,Dichaea,saraca-taquerensis,tax. nov.,"Pará (Brazil North, Brazil, Southern America)",FALSE,FALSE,TRUE,,Colet. Orquídeas Brasil.,2015,20 Apr 2015,11: 410,20004826-2,citation,Colet. Orquídeas Brasil. 11: 410. 2015 [20 Apr 2015] ,FALSE,TRUE,1.1,77150136-1,wfo-0001343665,FALSE,TRUE,TRUE,FALSE,FALSE,NA,JBFdaSilva 2163,João Batista Fernandes da Silva,NA,holotype MG,NA,NA,Apr 2009,"Oriximiná, 40 m",,NA,NA,NA,NA,NA,NA,NA,NA,NA,NA,NA,NA,NA,NA,NA,NA,NA,NA
NA,NA,NA,Orchidaceae,Habenaria campos-portoi,spec.,NA,/n/116314-2,urn:lsid:ipni.org:names:116314-2,,IPNI,Schltr.,Schltr.,,Habenaria,campos-portoi,tax. nov.,"Rio de Janeiro (Brazil, Southern America)",FALSE,FALSE,TRUE,,Repert. Spec. Nov. Regni Veg.,1930,NA,27: 296,788-2,citation,Repert. Spec. Nov. Regni Veg. 27: 296. 1930 ,FALSE,TRUE,1.2.2.1.1.1,116314-2,wfo-0000977298,FALSE,TRUE,TRUE,FALSE,FALSE,http://www.biodiversitylibrary.org/openurl?ctx_ver=Z39.88-2004&rft.date=1930&rft.spage=296&rft.volume=27&rft_id=http://www.biodiversitylibrary.org/bibliography/276&rft_val_fmt=info:ofi/fmt:kev:mtx:book&url_ver=z39.88-2004,NA,NA,NA,NA,NA,NA,NA,NA,,NA,NA,NA,NA,NA,NA,NA,NA,NA,NA,NA,NA,NA,NA,NA,NA,NA,NA
NA,NA,NA,Orchidaceae,Habenaria curti-bradei,spec.,NA,/n/116339-2,urn:lsid:ipni.org:names:116339-2,,IPNI,Hoehne,Hoehne,,Habenaria,curti-bradei,tax. nov.,"Sao Paulo (Brazil, Southern America)",FALSE,FALSE,TRUE,,Bot. Jahrb. Syst.,1937,14 Apr 1937,"68(2-3): 130, pl. 15",553-2,citation,"Bot. Jahrb. Syst. 68(2-3): 130, pl. 15. 1937 [14 Apr 1937] ",FALSE,TRUE,1.2.2.1.1.2,116339-2,wfo-0000977438,FALSE,TRUE,TRUE,FALSE,FALSE,http://www.biodiversitylibrary.org/openurl?ctx_ver=Z39.88-2004&rft.date=1937&rft.spage=130&rft.volume=68&rft_id=http://www.biodiversitylibrary.org/bibliography/60&rft_val_fmt=info:ofi/fmt:kev:mtx:book&url_ver=z39.88-2004,NA,NA,NA,NA,NA,NA,NA,NA,,NA,NA,NA,NA,NA,NA,NA,NA,NA,NA,NA,NA,NA,NA,NA,NA,NA,NA
NA,NA,NA,Piperaceae,Ottonia santa-annae,spec.,NA,/n/177465-2,urn:lsid:ipni.org:names:177465-2,,IPNI,Trel.,Trel.,,Ottonia,santa-annae,tax. nov.,"Sao Paulo (Brazil, Southern America)",FALSE,FALSE,FALSE,,Proc. Amer. Philos. Soc.,1935,NA,75: 713,8208-2,citation,Proc. Amer. Philos. Soc. 75: 713. 1935 ,FALSE,TRUE,1.2,177465-2,wfo-0001266336,FALSE,TRUE,TRUE,FALSE,FALSE,http://www.biodiversitylibrary.org/openurl?ctx_ver=Z39.88-2004&rft.date=1935&rft.spage=713&rft.volume=75&rft_id=http://www.biodiversitylibrary.org/bibliography/7023&rft_val_fmt=info:ofi/fmt:kev:mtx:book&url_ver=z39.88-2004,NA,NA,NA,NA,NA,NA,NA,NA,,NA,NA,NA,NA,NA,NA,NA,NA,NA,NA,NA,NA,NA,NA,NA,NA,NA,NA
NA,NA,NA,Piperaceae,Ottonia santa-ludoviciana,spec.,NA,/n/177466-2,urn:lsid:ipni.org:names:177466-2,,IPNI,Trel.,Trel.,,Ottonia,santa-ludoviciana,tax. nov.,Brazil (Southern America),FALSE,FALSE,TRUE,,Proc. Amer. Philos. Soc.,1935,NA,75: 714,8208-2,citation,Proc. Amer. Philos. Soc. 75: 714. 1935 ,FALSE,TRUE,1.3,177466-2,wfo-0000386902,FALSE,TRUE,TRUE,FALSE,FALSE,http://www.biodiversitylibrary.org/openurl?ctx_ver=Z39.88-2004&rft.date=1935&rft.spage=714&rft.volume=75&rft_id=http://www.biodiversitylibrary.org/bibliography/7023&rft_val_fmt=info:ofi/fmt:kev:mtx:book&url_ver=z39.88-2004,NA,NA,NA,NA,NA,NA,NA,NA,,NA,NA,NA,NA,NA,NA,NA,NA,NA,NA,NA,NA,NA,NA,NA,NA,NA,NA
NA,NA,NA,Piperaceae,Ottonia santa-ritana,spec.,NA,/n/177467-2,urn:lsid:ipni.org:names:177467-2,,IPNI,Trel.,Trel.,,Ottonia,santa-ritana,tax. nov.,"Minas Gerais (Brazil, Southern America)",FALSE,FALSE,TRUE,,Proc. Amer. Philos. Soc.,1935,NA,75: 714,8208-2,citation,Proc. Amer. Philos. Soc. 75: 714. 1935 ,FALSE,TRUE,1.3,177467-2,wfo-0000386901,FALSE,TRUE,TRUE,FALSE,FALSE,http://www.biodiversitylibrary.org/openurl?ctx_ver=Z39.88-2004&rft.date=1935&rft.spage=714&rft.volume=75&rft_id=http://www.biodiversitylibrary.org/bibliography/7023&rft_val_fmt=info:ofi/fmt:kev:mtx:book&url_ver=z39.88-2004,NA,NA,NA,NA,NA,NA,NA,NA,,NA,NA,NA,NA,NA,NA,NA,NA,NA,NA,NA,NA,NA,NA,NA,NA,NA,NA
NA,NA,NA,Piperaceae,Piper santa-barbaranum,spec.,NA,/n/199101-2,urn:lsid:ipni.org:names:199101-2,,IPNI,Trel. in Standl.,Trel. in Standl.,,Piper,santa-barbaranum,tax. nov.,"Minas Gerais (Brazil, Southern America)",FALSE,FALSE,TRUE,,"Publ. Field Mus. Nat. Hist., Bot. Ser.",1940,NA,"22, no. 1: 11",1054-2,citation,"Publ. Field Mus. Nat. Hist., Bot. Ser. 22, no. 1: 11. 1940 ",FALSE,TRUE,1.4,199101-2,wfo-0001094465,FALSE,TRUE,TRUE,FALSE,FALSE,NA,NA,NA,NA,NA,NA,NA,NA,NA,,NA,NA,NA,NA,NA,NA,NA,NA,NA,NA,NA,NA,NA,NA,NA,NA,NA,NA
NA,NA,NA,Poaceae,Paspalum carinato-vaginatum,spec.,NA,/n/184199-2,urn:lsid:ipni.org:names:184199-2,,IPNI,Mez,Mez,,Paspalum,carinato-vaginatum,tax. nov.,Brazil (Southern America),FALSE,FALSE,TRUE,,Repert. Spec. Nov. Regni Veg.,1917,NA,15: 31,788-2,citation,Repert. Spec. Nov. Regni Veg. 15: 31. 1917 ,FALSE,TRUE,1.4,184199-2,wfo-0000887395,FALSE,TRUE,TRUE,FALSE,FALSE,http://www.biodiversitylibrary.org/openurl?ctx_ver=Z39.88-2004&rft_id=http://www.biodiversitylibrary.org/page/244122&rft_val_fmt=info:ofi/fmt:kev:mtx:book&url_ver=z39.88-2004,NA,NA,244122,NA,NA,NA,NA,NA,,NA,NA,NA,NA,NA,NA,NA,NA,NA,NA,NA,NA,NA,NA,NA,NA,NA,NA
NA,NA,NA,Polygonaceae,Bilderdykia alfonsi-joannis,spec.,NA,/n/33087-2,urn:lsid:ipni.org:names:33087-2,,IPNI,Reitz,Reitz,,Bilderdykia,alfonsi-joannis,tax. nov.,"Santa Catarina (Brazil, Southern America)",FALSE,FALSE,FALSE,,Anais Bot. Herb. Barbosa Rodrigues,1952,NA,"4: 31, tab. 9",3877-2,citation,"Anais Bot. Herb. Barbosa Rodrigues 4: 31, tab. 9. 1952 ",FALSE,TRUE,1.2,33087-2,NA,FALSE,FALSE,TRUE,FALSE,FALSE,NA,NA,NA,NA,NA,NA,NA,NA,NA,,NA,NA,NA,NA,NA,NA,NA,NA,NA,NA,NA,NA,NA,NA,NA,NA,NA,NA
NA,NA,NA,Portulacaceae,Portulaca saxi-sacchari,spec.,NA,/n/208694-2,urn:lsid:ipni.org:names:208694-2,,IPNI,Poelln.,Poelln.,,Portulaca,saxi-sacchari,tax. nov.,"Rio de Janeiro (Brazil, Southern America)",FALSE,FALSE,TRUE,,Repert. Spec. Nov. Regni Veg.,1940,NA,49: 210,788-2,citation,Repert. Spec. Nov. Regni Veg. 49: 210. 1940 ,FALSE,TRUE,1.2,208694-2,wfo-0001265187,FALSE,TRUE,TRUE,FALSE,FALSE,http://www.biodiversitylibrary.org/openurl?ctx_ver=Z39.88-2004&rft.date=1940&rft.spage=210&rft.volume=49&rft_id=http://www.biodiversitylibrary.org/bibliography/276&rft_val_fmt=info:ofi/fmt:kev:mtx:book&url_ver=z39.88-2004,NA,NA,NA,NA,NA,NA,NA,NA,,NA,NA,NA,NA,NA,NA,NA,NA,NA,NA,NA,NA,NA,NA,NA,NA,NA,NA
NA,NA,NA,Rapateaceae,Saxo-fridericia inermis,spec.,NA,/n/228701-2,urn:lsid:ipni.org:names:228701-2,,IPNI,Ducke,Ducke,,Saxo-fridericia,inermis,tax. nov.,"Amazonas (Brazil, Southern America)",FALSE,FALSE,TRUE,,Arq. Inst. Biol. Veg.,1938,Jun 1938,4(1): 1,851-2,citation,Arq. Inst. Biol. Veg. 4(1): 1. 1938 [Jun 1938] ,FALSE,TRUE,1.5,228701-2,wfo-0000525065,FALSE,TRUE,TRUE,FALSE,FALSE,http://www.biodiversitylibrary.org/openurl?ctx_ver=Z39.88-2004&rft.date=1938&rft.issue=1&rft.spage=1&rft.volume=4&rft_id=http://www.biodiversitylibrary.org/bibliography/115964&rft_val_fmt=info:ofi/fmt:kev:mtx:book&url_ver=z39.88-2004,NA,NA,NA,NA,NA,NA,NA,NA,,NA,NA,NA,NA,NA,NA,NA,NA,NA,NA,NA,NA,NA,NA,NA,NA,NA,NA
NA,NA,NA,Rubiaceae,Relbunium nigro-ramosum,spec.,NA,/n/218516-2,urn:lsid:ipni.org:names:218516-2,,IPNI,Ehrend.,Ehrend.,,Relbunium,nigro-ramosum,tax. nov.,"Brazil, Paraguay, Argentina",FALSE,FALSE,TRUE,,Bot. Jahrb. Syst.,1955,Aug 1955,76(4): 529,553-2,citation,Bot. Jahrb. Syst. 76(4): 529. 1955 [Aug 1955] ,FALSE,TRUE,1.4,218516-2,wfo-0000295397,FALSE,TRUE,TRUE,FALSE,FALSE,http://www.biodiversitylibrary.org/openurl?ctx_ver=Z39.88-2004&rft.date=1955&rft.issue=4&rft.spage=529&rft.volume=76&rft_id=http://www.biodiversitylibrary.org/bibliography/60&rft_val_fmt=info:ofi/fmt:kev:mtx:book&url_ver=z39.88-2004,NA,NA,NA,NA,NA,NA,NA,NA,,NA,NA,NA,NA,NA,NA,NA,NA,NA,NA,NA,NA,NA,NA,NA,NA,NA,NA
NA,NA,NA,Sapindaceae,Casimira hetero-alata,spec.,NA,/n/251888-2,urn:lsid:ipni.org:names:251888-2,,IPNI,Kralik,Kralik,,Casimira,hetero-alata,tax. nov.,Brazil (Southern America),FALSE,FALSE,FALSE,,"Denkschr. Kaiserl. Akad. Wiss., Wien. Math.-Naturwiss. Kl.",1908,NA,79: 277,610-2,citation,"Denkschr. Kaiserl. Akad. Wiss., Wien. Math.-Naturwiss. Kl. 79: 277. 1908 ",FALSE,TRUE,1.3,251888-2,wfo-0001351397,FALSE,TRUE,TRUE,FALSE,FALSE,http://www.biodiversitylibrary.org/openurl?ctx_ver=Z39.88-2004&rft.date=1908&rft.spage=277&rft.volume=79&rft_id=http://www.biodiversitylibrary.org/bibliography/6733&rft_val_fmt=info:ofi/fmt:kev:mtx:book&url_ver=z39.88-2004,NA,NA,NA,NA,NA,NA,NA,NA,,NA,NA,NA,NA,NA,NA,NA,NA,NA,NA,NA,NA,NA,NA,NA,NA,NA,NA
NA,NA,NA,Velloziaceae,Barbacenia burle-marxii,spec.,NA,/n/29349-2,urn:lsid:ipni.org:names:29349-2,,IPNI,L.B.Sm. & Ayensu,L.B.Sm. & Ayensu,,Barbacenia,burle-marxii,tax. nov.,Brazil (Southern America),FALSE,FALSE,TRUE,,Smithsonian Contr. Bot.,1976,NA,"no. 30: 15 (-16), pl. 7, 31 a, b",1335-2,citation,"Smithsonian Contr. Bot. no. 30: 15 (-16), pl. 7, 31 a, b. 1976 ",FALSE,TRUE,1.3,29349-2,NA,FALSE,TRUE,TRUE,FALSE,FALSE,NA,16014," E.S.Ayensu,Lyman B.Smith",NA,holotype US,NA,NA,NA,NA,,NA,NA,NA,NA,NA,NA,NA,NA,NA,NA,NA,NA,NA,NA,NA,NA,NA,NA
NA,NA,NA,Vitaceae,Cissus terete-caulis,spec.,NA,/n/59387-2,urn:lsid:ipni.org:names:59387-2,,IPNI,Larrañaga,Larrañaga,,Cissus,terete-caulis,tax. nov.,Brazil (Southern America),FALSE,FALSE,TRUE,,Escritos Damaso Antonio Larranaga,1922,NA,1: 411,1322-2,citation,Escritos Damaso Antonio Larranaga 1: 411. 1922 Pub. Inst. Hist. Geog. Uruguay,FALSE,TRUE,1.1.1.2,59387-2,wfo-0000606945,TRUE,TRUE,TRUE,FALSE,FALSE,NA,NA,NA,NA,NA,NA,Pub. Inst. Hist. Geog. Uruguay,NA,NA,,NA,NA,NA,NA,NA,NA,NA,NA,NA,NA,NA,NA,NA,NA,NA,NA,NA,NA
NA,NA,NA,Vochysiaceae,Callisthene elisha-florae,spec.,NA,/n/60466411-2,urn:lsid:ipni.org:names:60466411-2,,IPNI,Duarte,Duarte,,Callisthene,elisha-florae,tax. nov.,Brazil (Southern America),FALSE,FALSE,TRUE,,Bol. Mus. Hist. Nat. Univ. Fed. Minas Gerais,1968,Oct 1968,"1: 16, fig. 5",16544-2,citation,"Bol. Mus. Hist. Nat. Univ. Fed. Minas Gerais 1: 16, fig. 5. 1968 [Oct 1968] ",FALSE,TRUE,1.2,60466411-2,wfo-0000580694,FALSE,TRUE,TRUE,FALSE,FALSE,NA,9509,A. P. Duarte,NA,holotype RB?,"Eponymy: late Ms. Elisha Flora Wanderley Duarte, daughter of the author",NA,25 Oct 1965,"beside the road then being built between Sao Domingos, Goais and Barreiras, Bahia, Chapada do Alto da Serra das Divisoes",,NA,NA,NA,NA,NA,NA,NA,NA,NA,NA,NA,NA,NA,NA,NA,NA,NA,NA
