name,family,genus,species,authors,citationType,rank,reference,publication,publicationYear,referenceCollation,publicationId,typeLocations,collectorTeam,collectionNumber,collectionDate1,distribution,locality,id,publicationYearNote,remarks,url,source
Abutilon rufivelum,Malvaceae,Abutilon,rufivelum,K.Schum. ex Baker f.,tax_nov,spec.,J. Bot. 31: 271. 1893 ,J. Bot.,1893,31: 271,678-2,null G,A.F.M.Glaziou,18136,NA,"Rio de Janeiro (Brazil, Southern America)",NA,323590-2,NA,nom. nud. (invalid); As A. rufivellum,www.ipni.org/n/323590-2,IPNI
Abutilon schenckii,Malvaceae,Abutilon,schenckii,K.Schum.,tax_nov,spec.,Fl. Bras. (Martius) 12(3): 412. 1891 [15 Jul 1891] ,Fl. Bras. (Martius),1891,12(3): 412,629-2,lectotype P,L.Riedel,1316,NA,"Madre de Dios, Brazil (Southern America)",NA,331-2,15 Jul 1891,NA,www.ipni.org/n/331-2,IPNI
Abutilon spicatum,Malvaceae,Abutilon,spicatum,Kunth,tax_nov,spec.,Nov. Gen. Sp. [H.B.K.] 5(quarto): 271. 1822 ,Nov. Gen. Sp. [H.B.K.],1822,5(quarto): 271,1023-2,holotype P-HUMB.," A.J.A.Bonpland,F.W.H.A.Humboldt",s.n.,NA,"prope San Carlos del Rio Negro, Brazil (Southern America)",NA,317982-2,NA,[Gandhi 2 Jun 1999[ SBMonogr. 25: 136. 1988],www.ipni.org/n/317982-2,IPNI
Bakeridesia andradelimae,Malvaceae,Bakeridesia,andradelimae,Monteiro,tax_nov,spec.,"An. Soc. Bot. Brasil, XXIII Congr. Nac. Bot. 121. 1973 [1972 publ. 1973] ","An. Soc. Bot. Brasil, XXIII Congr. Nac. Bot.",1973,121,NA,NA,NA,NA,NA,Brazil.,NA,895960-1,1972 publ. 1973,NA,www.ipni.org/n/895960-1,IPNI
Bakeridesia bezerrae,Malvaceae,Bakeridesia,bezerrae,Monteiro,tax_nov,spec.,"An. Soc. Bot. Brasil, XXIII Congr. Nac. Bot. 118. 1973 [1972 publ. 1973] ","An. Soc. Bot. Brasil, XXIII Congr. Nac. Bot.",1973,118,NA,NA,NA,NA,NA,Brazil.,NA,895961-1,1972 publ. 1973,NA,www.ipni.org/n/895961-1,IPNI
Bakeridesia pickelii,Malvaceae,Bakeridesia,pickelii,Monteiro,tax_nov,spec.,"An. Soc. Bot. Brasil, XXIII Congr. Nac. Bot. 116. 1973 [1972 publ. 1973] ","An. Soc. Bot. Brasil, XXIII Congr. Nac. Bot.",1973,116,NA,NA,NA,NA,NA,Brazil.,NA,895962-1,1972 publ. 1973,NA,www.ipni.org/n/895962-1,IPNI
Bakeridesia rufivela,Malvaceae,Bakeridesia,rufivela,Hochr.,tax_nov,spec.,Annuaire Conserv. Jard. Bot. Genève 21: 419. 1920 ,Annuaire Conserv. Jard. Bot. Genève,1920,21: 419,1145-2,null G,A.F.M.Glaziou,18136,NA,"Rio de Janeiro (Brazil, Southern America)",NA,28779-2,NA,Inadvertently published as a sp. nov.,www.ipni.org/n/28779-2,IPNI
Bakeridesia torrendii,Malvaceae,Bakeridesia,torrendii,Monteiro,tax_nov,spec.,"An. Soc. Bot. Brasil, XXIII Congr. Nac. Bot. 125. 1973 [1972 publ. 1973] ","An. Soc. Bot. Brasil, XXIII Congr. Nac. Bot.",1973,125,NA,NA,NA,NA,NA,Brazil.,NA,895963-1,1972 publ. 1973,NA,www.ipni.org/n/895963-1,IPNI
Bastardia macrophylla,Malvaceae,Bastardia,macrophylla,Ulbr.,tax_nov,spec.,Notizbl. Königl. Bot. Gart. Berlin 6: 324. 1915 ,Notizbl. Königl. Bot. Gart. Berlin,1915,6: 324,3558-2,null B,E.H.G.Ule,3630,NA,"Rio de Janeiro (Brazil, Southern America)",NA,29856-2,NA,NA,www.ipni.org/n/29856-2,IPNI
Carolinea villosa,Malvaceae,Carolinea,villosa,Mart. & Zucc.,tax_nov,spec.,Flora 8(1): 27. 1825 [14 Jan 1825] ,Flora,1825,8(1): 27,648-2,NA,NA,NA,NA,Brazil (Southern America),NA,77216102-1,14 Jan 1825,NA,www.ipni.org/n/77216102-1,IPNI
Cienfuegosia cuyabensis,Malvaceae,Cienfuegosia,cuyabensis,Pilg.,tax_nov,spec.,Bot. Jahrb. Syst. 30(2): 171. 1901 [2 Jul 1901] ,Bot. Jahrb. Syst.,1901,30(2): 171,553-2,neotype S,G.O.A.Malme,1666,NA,Brazil (Southern America),NA,58655-2,2 Jul 1901,NA,www.ipni.org/n/58655-2,IPNI
Cienfuegosia glauca,Malvaceae,Cienfuegosia,glauca,Brandão & Laca-B.,tax_nov,spec.,"Daphne 3(4): 35 (1993), without latin descr. ",Daphne,1993,"3(4): 35 (1993), without latin descr.",18436-2,NA,NA,NA,NA,Brazil Southeast (Minas Gerais).,NA,995469-1,1993,NA,www.ipni.org/n/995469-1,IPNI
Cienfuegosia ituiutabensis,Malvaceae,Cienfuegosia,ituiutabensis,Brandão & Laca-B.,tax_nov,spec.,"Daphne 3(4): 35 (1993), without latin descr. ",Daphne,1993,"3(4): 35 (1993), without latin descr.",18436-2,NA,NA,NA,NA,Brazil Southeast (Minas Gerais).,NA,995470-1,1993,NA,www.ipni.org/n/995470-1,IPNI
Cienfuegosia longifolia,Malvaceae,Cienfuegosia,longifolia,Brandão & Laca-B.,tax_nov,spec.,"Daphne 3(4): 38 (1993), without latin descr. ",Daphne,1993,"3(4): 38 (1993), without latin descr.",18436-2,NA,NA,NA,NA,Brazil Southeast (Minas Gerais).,NA,995471-1,1993,NA,www.ipni.org/n/995471-1,IPNI
Cienfuegosia uberabensis,Malvaceae,Cienfuegosia,uberabensis,Brandão & Laca-B.,tax_nov,spec.,"Daphne 3(4): 40 (1993), without latin descr. ",Daphne,1993,"3(4): 40 (1993), without latin descr.",18436-2,NA,NA,NA,NA,Brazil Southeast (Minas Gerais).,NA,995472-1,1993,NA,www.ipni.org/n/995472-1,IPNI
Codonochlamys glaziovii,Malvaceae,Codonochlamys,glaziovii,Ulbr.,tax_nov,spec.,Notizbl. Königl. Bot. Gart. Berlin 6: 331. 1915 ,Notizbl. Königl. Bot. Gart. Berlin,1915,6: 331,3558-2,holotype B;isotype C;isotype P,A.F.M.Glaziou,15842,NA,"Mendanha, Minas Gerais (Brazil, Southern America)",NA,62682-2,NA,NA,www.ipni.org/n/62682-2,IPNI
Cristaria ecristata,Malvaceae,Cristaria,ecristata,A.Gray,tax_nov,spec.,"U.S. Expl. Exped., Phan. 15: 165. 1854 ; C. Wilkes Expl. Exped.","U.S. Expl. Exped., Phan.",1854,15: 165,10212-2,NA,NA,NA,NA,Brazil (Southern America),NA,69484-2,NA,NA,www.ipni.org/n/69484-2,IPNI
Fugosia phlomidifolia,Malvaceae,Fugosia,phlomidifolia,A.St.-Hil.,tax_nov,spec.,Fl. Bras. Merid. (A. St.-Hil.). 1: 253 (-254; t. 50). 1828 ,Fl. Bras. Merid. (A. St.-Hil.).,1828,1: 253 (-254; t. 50),8262-2,null P,A.F.C.P.de Saint-Hilaire,s.n.,NA,"Minas Gerais (Brazil, Southern America)",NA,106320-2,NA,NA,www.ipni.org/n/106320-2,IPNI
Gaya elingulata,Malvaceae,Gaya,elingulata,"Krapov., Tressens & A.Fernández",tax_nov,spec.,"Bol. Soc. Argent. Bot. 16: 97[-99], f. 2. 1974 ",Bol. Soc. Argent. Bot.,1974,"16: 97[-99], f. 2",1242-2,holotype CTES,A.Krapovickas,12882,NA,"Bahia (Brazil, Southern America)",NA,107819-2,NA,NA,www.ipni.org/n/107819-2,IPNI
Gossypium brasiliense,Malvaceae,Gossypium,brasiliense,Macfad.,tax_nov,spec.,Fl. Jamaica [Macfadyen] 1: 72 (-73). 1837 ,Fl. Jamaica [Macfadyen],1837,1: 72 (-73),16046-2,NA,NA,NA,NA,Brazil (Southern America),NA,112665-2,NA,NA,www.ipni.org/n/112665-2,IPNI
Gossypium caicoense,Malvaceae,Gossypium,caicoense,"C.Aranha, Leitão & Gridi-Papp",tax_nov,spec.,"Bragantia 28(no. 23): 274, figs. 1-7. 1969 [Aug 1969] ",Bragantia,1969,"28(no. 23): 274, figs. 1-7",1910-2,holotype IAC,"C. Aranha, H.P. Leitão Filho &amp; I.L. Gridi-Papp",s.n.,NA,"Rio Grande do Norte (Brazil, Southern America)","Serra da Formiga, município de Caicó — cultivado no Instituto Agronômico do Estado de São Paulo, em casa de vegetação, sob o número Am. 450 — Seção de Algodão",559686-1,Aug 1969,"Species name authorship cited as: Condorcet, Hermógenes et Imre",www.ipni.org/n/559686-1,IPNI
Gossypium guyanense,Malvaceae,Gossypium,guyanense,Raf.,tax_nov,spec.,Sylva Tellur. 16. 1838 [Oct-Dec 1838] ,Sylva Tellur.,1838,16,1074-2,NA,NA,NA,NA,"Brazil (Southern America);Guyana (Northern South America, Southern America);",NA,30102416-2,Oct-Dec 1838,NA,www.ipni.org/n/30102416-2,IPNI
Gossypium mustelium,Malvaceae,Gossypium,mustelium,Miers ex G.Watt,tax_nov,spec.,Wild Cult. Cotton 167. 1907 ,Wild Cult. Cotton,1907,167,16289-2,NA,NA,NA,NA,Brazil &amp; Colombia,NA,112728-2,NA,NA,www.ipni.org/n/112728-2,IPNI
Hibiscus fugax,Malvaceae,Hibiscus,fugax,Mart. ex Spreng.,tax_nov,spec.,"Syst. Veg., ed. 16 [Sprengel] 4(2, Cur. Post.): 258. 1827 [Jan-Jun 1827] ","Syst. Veg., ed. 16 [Sprengel]",1827,"4(2, Cur. Post.): 258",14620-2,NA,NA,NA,NA,Brazil (Southern America),NA,329522-2,Jan-Jun 1827,NA,www.ipni.org/n/329522-2,IPNI
Hibiscus glabrifolius,Malvaceae,Hibiscus,glabrifolius,A.St.-Hil. & Naudin,tax_nov,spec.,"Ann. Sci. Nat., Bot. sér. 2, 18: 40. 1842 ","Ann. Sci. Nat., Bot.",1842,"sér. 2, 18: 40",525-2,null P,C.Gaudichaud-Beaupré,s.n.,NA,"Mato Grosso (Brazil, Southern America)",NA,121950-2,NA,NA,www.ipni.org/n/121950-2,IPNI
Hibiscus selloi,Malvaceae,Hibiscus,selloi,Gürke,tax_nov,spec.,"Fl. Bras. (Martius) 12(3): 553, t. 109, fig. 2. 1892 [15 Apr 1892] ",Fl. Bras. (Martius),1892,"12(3): 553, t. 109, fig. 2",629-2,NA,NA,NA,NA,Brazil (Southern America),NA,122012-2,15 Apr 1892,NA,www.ipni.org/n/122012-2,IPNI
Hibiscus unidens,Malvaceae,Hibiscus,unidens,Lindl. in Edwards,tax_nov,spec.,Bot. Reg. 11: t. 878. 1825 ,Bot. Reg.,1825,11: t. 878,868-2,NA,NA,NA,NA,Brazil (Southern America),NA,122035-2,NA,NA,www.ipni.org/n/122035-2,IPNI
Krapovickasia araujoana,Malvaceae,Krapovickasia,araujoana,Brandão,tax_nov,spec.,Daphne 4(2): 6 (1994). ,Daphne,1994,4(2): 6 (1994),18436-2,NA,NA,NA,NA,Brazil Southeast (Minas Gerais).,NA,995473-1,1994,NA,www.ipni.org/n/995473-1,IPNI
Kydia brasiliensis,Malvaceae,Kydia,brasiliensis,Barb.Rodr.,tax_nov,spec.,"Pl. Jard. Rio de Janeiro 3: 2, pl. 1. 1893 ",Pl. Jard. Rio de Janeiro,1893,"3: 2, pl. 1",3655-2,NA,NA,NA,NA,Brazil (Southern America),NA,134108-2,NA,NA,www.ipni.org/n/134108-2,IPNI
Malvastrum palustre,Malvaceae,Malvastrum,palustre,Ekman,tax_nov,spec.,"Ark. Bot. 13: 8, t. 1913 ",Ark. Bot.,1913,"13: 8, t",536-2,lectotype S,P.K.H.Dusén,8720,NA,Brazil (Southern America),NA,150378-2,NA,NA,www.ipni.org/n/150378-2,IPNI
Malvaviscus palmatus,Malvaceae,Malvaviscus,palmatus,Ulbr.,tax_nov,spec.,"Verh. Bot. Vereins Prov. Brandenburg 50: 89, fig. 1. 1908 ",Verh. Bot. Vereins Prov. Brandenburg,1908,"50: 89, fig. 1",823-2,NA,E.H.G.Ule,5443,NA,"Minas Gerais (Brazil, Southern America)",NA,311357-2,NA,NA,www.ipni.org/n/311357-2,IPNI
Pavonia begoniifolia,Malvaceae,Pavonia,begoniifolia,Gardner,tax_nov,spec.,London J. Bot. 2: 333. 1843 ,London J. Bot.,1843,2: 333,704-2,lectotype G-DEL;isotype E;isotype GH;isotype K;isotype MO;isotype NY;isotype OXF,George Gardner,324,NA,"Organ Mountains, dense virgin forests, Brazil (Southern America)",NA,320195-2,NA,[Gandhi 16 Aug 2000] as begoniaefolia,www.ipni.org/n/320195-2,IPNI
Pavonia brachysepala,Malvaceae,Pavonia,brachysepala,A.St.-Hil. & Naudin,tax_nov,spec.,"Ann. Sci. Nat., Bot. sér. 2, 18: 44. 1842 ","Ann. Sci. Nat., Bot.",1842,"sér. 2, 18: 44",525-2,lectotype P;isotype CTES,George Gardner,324,NA,"Organ Mountains, Brazil (Southern America)",NA,320193-2,NA,"[Gandhi 15 Aug 2000] The LT. data from: Fryx., Fl. Neotrop. Monogr. 76: 198. 1999",www.ipni.org/n/320193-2,IPNI
Pavonia bracteosa,Malvaceae,Pavonia,bracteosa,Benth.,tax_nov,spec.,J. Bot. (Hooker) 4: 118. 1841 ,J. Bot. (Hooker),1841,4: 118,983-2,lectotype F,George Gardner,1458,NA,"Ceará (Brazil, Southern America)",NA,320215-2,NA,[Gandhi 18 Aug 2000],www.ipni.org/n/320215-2,IPNI
Pavonia deltoidea,Malvaceae,Pavonia,deltoidea,Mart.,tax_nov,spec.,"Flora 22(1, Beibl.): 59. 1839 ",Flora,1839,"22(1, Beibl.): 59",648-2,NA,NA,NA,NA,Brazil (Southern America),NA,185856-2,NA,NA,www.ipni.org/n/185856-2,IPNI
Pavonia exserta,Malvaceae,Pavonia,exserta,Krapov.,tax_nov,spec.,Lilloa 31: 63. 1962 ,Lilloa,1962,31: 63,1250-2,holotype LIL," R.M.Klein,Lyman B.Smith",12052,NA,"Santa Catarina (Brazil, Southern America)",NA,185864-2,NA,[Gandhi; Fl. Neotrop. Monogr. 76: 89. 1999],www.ipni.org/n/185864-2,IPNI
Pavonia gamophylla,Malvaceae,Pavonia,gamophylla,Krapov.,tax_nov,spec.,Lilloa 31: 66. 1962 ,Lilloa,1962,31: 66,1250-2,NA,NA,NA,NA,"Santa Catarina (Brazil, Southern America)",NA,185873-2,NA,NA,www.ipni.org/n/185873-2,IPNI
Pavonia involucrata,Malvaceae,Pavonia,involucrata,Klotzsch,tax_nov,spec.,Linnaea 14: 301. 1840 ,Linnaea,1840,14: 301,703-2,lectotype MO,B.Luschnath,166,NA,"Cruz de Casma, Bahia (Brazil, Southern America)",NA,185917-2,NA,NA,www.ipni.org/n/185917-2,IPNI
Pavonia malmeana,Malvaceae,Pavonia,malmeana,R.E.Fr.,tax_nov,spec.,"Kungl. Svenska Vetenskapsakad. Handl. n.f, 42(12): 61, t. 6-7. 1908 ",Kungl. Svenska Vetenskapsakad. Handl.,1908,"n.f, 42(12): 61, t. 6-7",20010248-1,holotype S,G.O.A.Malme,II-1059,NA,"Rio Grande do Sul (Brazil, Southern America)",NA,185950-2,NA,NA,www.ipni.org/n/185950-2,IPNI
Pavonia modesta,Malvaceae,Pavonia,modesta,Mart.,tax_nov,spec.,"Flora 22(1, Beibl.): 59. 1839 ",Flora,1839,"22(1, Beibl.): 59",648-2,NA,NA,NA,NA,Brazil (Southern America),NA,185961-2,NA,NA,www.ipni.org/n/185961-2,IPNI
Pavonia paraensis,Malvaceae,Pavonia,paraensis,Fryxell,tax_nov,spec.,Fl. Neotrop. Monogr. 76: 73. 1999 ,Fl. Neotrop. Monogr.,1999,76: 73,944-2,holotype The New York Botanical Garden,Lisboa; Naciel; M.G. Silva; Bhia,1249,29 Jan 1980,Brazil North (Pará).,"Tucuruí, right bank of the Tocantins River, BR-263, branch to the right at km 16",1010441-1,1999,NA,www.ipni.org/n/1010441-1,IPNI
Pavonia pedersenii,Malvaceae,Pavonia,pedersenii,Fryxell,tax_nov,spec.,Fl. Neotrop. Monogr. 76: 123. 1999 [25 Jun 1999] ,Fl. Neotrop. Monogr.,1999,76: 123,944-2,holotype TEX;isotype C;isotype CTES,T.M.Pedersen,15902,NA,"Mun. Restinga Seca, near Restinga Seca, in dried-out swamp, Rio Grande do Sul (Brazil, Southern America)",NA,320171-2,25 Jun 1999,[Gandhi 9 Aug 2000],www.ipni.org/n/320171-2,IPNI
Pavonia philippii,Malvaceae,Pavonia,philippii,Ulbr.,tax_nov,spec.,Notizbl. Bot. Gart. Berlin-Dahlem 9: 47. 1924 ,Notizbl. Bot. Gart. Berlin-Dahlem,1924,9: 47,1019-2,NA,NA,NA,NA,Brazil (Southern America),NA,186000-2,NA,NA,www.ipni.org/n/186000-2,IPNI
Pavonia plumosa,Malvaceae,Pavonia,plumosa,Turcz.,tax_nov,spec.,Bull. Soc. Imp. Naturalistes Moscou 31: 190. 1858 ,Bull. Soc. Imp. Naturalistes Moscou,1858,31: 190,880-2,lectotype KW,P.Salzmann,s.n.,NA,"Bahia (Brazil, Southern America)",NA,318784-2,NA,[Gandhi 4 Oct 1999],www.ipni.org/n/318784-2,IPNI
Pavonia prionophylla,Malvaceae,Pavonia,prionophylla,R.E.Fr.,tax_nov,spec.,"Kungl. Svenska Vetenskapsakad. Handl. n.f, 42(12): 56, t. 6. 1908 ",Kungl. Svenska Vetenskapsakad. Handl.,1908,"n.f, 42(12): 56, t. 6",20010248-1,lectotype K;isotype CTES,A.F.M.Glaziou,15836,NA,Brazil (Southern America),NA,186010-2,NA,NA,www.ipni.org/n/186010-2,IPNI
Pavonia pulchra,Malvaceae,Pavonia,pulchra,Hochr.,tax_nov,spec.,Annuaire Conserv. Jard. Bot. Genève 6: 42. 1902 ,Annuaire Conserv. Jard. Bot. Genève,1902,6: 42,1145-2,holotype G,E.Hassler,4384,NA,Brazil (Southern America),NA,287423-2,NA,NA,www.ipni.org/n/287423-2,IPNI
Pavonia surumuensis,Malvaceae,Pavonia,surumuensis,Ulbr.,tax_nov,spec.,Notizbl. Königl. Bot. Gart. Berlin 6: 325. 1915 ,Notizbl. Königl. Bot. Gart. Berlin,1915,6: 325,3558-2,NA,E.H.G.Ule,7980,NA,Brazil (Southern America),NA,186099-2,NA,NA,www.ipni.org/n/186099-2,IPNI
Pavonia teresina,Malvaceae,Pavonia,teresina,Krapov.,tax_nov,spec.,"Bonplandia (Corrientes) 21(1): 66, fig. 4. 2012 [Jul 2012] ",Bonplandia (Corrientes),2012,"21(1): 66, fig. 4",13502-2,holotype HUEFS;isotype CTES,"T.S. Nunes, C. Azevedo, M. M. Silva Castro &amp; B. M. Silva",TSN 1722,4 Jun 2006,"Espirito Santo (Brazil, Southern America)",Santa Teresa: Estrada para Santa Leopoldina ...,60462846-2,Jul 2012,Etymology: epithet refers to the type locality Santa Teresa,www.ipni.org/n/60462846-2,IPNI
Peltostegia parviflora,Malvaceae,Peltostegia,parviflora,Turcz.,tax_nov,spec.,Bull. Soc. Imp. Naturalistes Moscou 31: 223. 1858 ,Bull. Soc. Imp. Naturalistes Moscou,1858,31: 223,880-2,holotype KW,G.Gardner,s.n.,NA,"Piaui (Brazil, Southern America)",NA,282286-2,NA,NA,www.ipni.org/n/282286-2,IPNI
Sida amplifolia,Malvaceae,Sida,amplifolia,Gand.,tax_nov,spec.,Bull. Soc. Bot. France 71(5-6): 630. 1924 [18 Sep 1924] ,Bull. Soc. Bot. France,1924,71(5-6): 630,578-2,NA,Sello,s.n.,NA,Brazil (Southern America),Brasilia,77101619-1,18 Sep 1924,NA,www.ipni.org/n/77101619-1,IPNI
Sida anarthra,Malvaceae,Sida,anarthra,Ekman,tax_nov,spec.,"Ark. Bot. 9, no. 4: 15, fig. 3. 1910 ",Ark. Bot.,1910,"9, no. 4: 15, fig. 3",536-2,NA,NA,NA,NA,"Argentina, Brazil",NA,235537-2,NA,NA,www.ipni.org/n/235537-2,IPNI
Sida bedfordiana,Malvaceae,Sida,bedfordiana,Hook.,tax_nov,spec.,Bot. Mag. 68: t. 3892. 1841 ,Bot. Mag.,1841,68: t. 3892,864-2,lectotype G;isotype NY,George Gardner,320,NA,"Rio de Janeiro (Brazil, Southern America)",NA,323462-2,NA,NA,www.ipni.org/n/323462-2,IPNI
Sida bradei,Malvaceae,Sida,bradei,Ulbr.,tax_nov,spec.,Notizbl. Bot. Gart. Berlin-Dahlem 9: 42. 1924 ,Notizbl. Bot. Gart. Berlin-Dahlem,1924,9: 42,1019-2,NA,NA,NA,NA,Brazil (Southern America),NA,235561-2,NA,NA,www.ipni.org/n/235561-2,IPNI
Sida callitricha,Malvaceae,Sida,callitricha,Gand.,tax_nov,spec.,Bull. Soc. Bot. France 71(5-6): 627. 1924 [18 Sep 1924] ,Bull. Soc. Bot. France,1924,71(5-6): 627,578-2,NA,Novaes,488,NA,"Brazil Southeast (Brazil, Southern America)",S.Paulo,77101575-1,18 Sep 1924,NA,www.ipni.org/n/77101575-1,IPNI
Sida compressi-caulis,Malvaceae,Sida,compressi-caulis,Larrañaga,tax_nov,spec.,Escritos Damaso Antonio Larranaga 1: 413. 1922 Pub. Inst. Hist. Geog. Uruguay,Escritos Damaso Antonio Larranaga,1922,1: 413,1322-2,NA,NA,NA,NA,Brazil (Southern America),NA,235602-2,NA,NA,www.ipni.org/n/235602-2,IPNI
Sida conferta,Malvaceae,Sida,conferta,Link,tax_nov,spec.,Enum. Hort. Berol. Alt. 2: 207. 1822 [Jan-Jun 1822] ,Enum. Hort. Berol. Alt.,1822,2: 207,1251-2,NA,NA,NA,NA,Brazil (Southern America),NA,313698-2,Jan-Jun 1822,"Type unknown. non Triana & Planchon 1862, nec Sesse & Mocino¹1894. [Gandhi; Fryxell, Syst. Bot. Monogr. 25: 389. 1988]",www.ipni.org/n/313698-2,IPNI
Sida fluviatilis,Malvaceae,Sida,fluviatilis,Vell.,tax_nov,spec.,Fl. Flumin. 278. 1829 [1825 publ. 7 Sep-28 Nov 1829] ,Fl. Flumin.,1829,278,932-2,null B,A.C.V.Schott,s.n.,NA,"Aquaeduct bei Rio de Janeiro, Brazil (Southern America)",NA,326448-2,1825 publ. 7 Sep-28 Nov 1829,NA,www.ipni.org/n/326448-2,IPNI
Sida fulva,Malvaceae,Sida,fulva,A.St.-Hil.,tax_nov,spec.,Fl. Bras. Merid. (A. St.-Hil.). 1: 176. 1827 ,Fl. Bras. Merid. (A. St.-Hil.).,1827,1: 176,8262-2,holotype P,A.F.C.P.de Saint-Hilaire,s.n.,NA,"Rio de Janeiro (Brazil, Southern America)",NA,313699-2,NA,"[Gandhi; Fryxell, Syst. Bot. Monogr. 25: 386. 1988]",www.ipni.org/n/313699-2,IPNI
Sida glocimarii,Malvaceae,Sida,glocimarii,Krapov.,tax_nov,spec.,"Bonplandia (Corrientes) 21(1): 82, fig. 4. 2012 [Jul 2012] (as Glocimari)",Bonplandia (Corrientes),2012,"21(1): 82, fig. 4",13502-2,holotype CEN;isotype CTES,Glocimar Pereira-Silva &amp; al.,9494,21 Feb 2005,"Tocantins (Brazil, Southern America)","Tocantinopolis, ponte sobre o rio curicaca ... alt. 176 m",60462856-2,Jul 2012,NA,www.ipni.org/n/60462856-2,IPNI
Sida grazielae,Malvaceae,Sida,grazielae,Monteiro,tax_nov,spec.,"Portugaliae Acta Biol., Sér. B, Sist. 12: 146, t. 6. 1974 ","Portugaliae Acta Biol., Sér. B, Sist.",1974,"12: 146, t. 6",2747-2,holotype RBR," Barrozo,Monteiro",8000,NA,"Goiás (Brazil, Southern America)",NA,235668-2,NA,NA,www.ipni.org/n/235668-2,IPNI
Sida inaequalis,Malvaceae,Sida,inaequalis,Link & Otto,tax_nov,spec.,Icon. Pl. Select. 75 (t. 34). 1825 ,Icon. Pl. Select.,1825,75 (t. 34),9066-2,NA,NA,NA,NA,Brazil (Southern America),NA,235692-2,NA,NA,www.ipni.org/n/235692-2,IPNI
Sida intermedia,Malvaceae,Sida,intermedia,A.St.-Hil.,tax_nov,spec.,"Fl. Bras. Merid. (A. St.-Hil.). 1(5): 188, t.34. 1827 ",Fl. Bras. Merid. (A. St.-Hil.).,1827,"1(5): 188, t.34",8262-2,NA,NA,NA,NA,Brazil (Southern America),NA,235699-2,NA,NA,www.ipni.org/n/235699-2,IPNI
Sida lineata,Malvaceae,Sida,lineata,Vell.,tax_nov,spec.,Fl. Flumin. 280. 1829 [1825 publ. 7 Sep-28 Nov 1829] ; see also Fl. Flumin. Icon. 7: t. 25. 1831 [1827 publ. 29 Oct 1831].,Fl. Flumin.,1829,280,932-2,NA,NA,NA,NA,Brazil (Southern America),NA,235716-2,1825 publ. 7 Sep-28 Nov 1829,NA,www.ipni.org/n/235716-2,IPNI
Sida longepilosa,Malvaceae,Sida,longepilosa,Gand.,tax_nov,spec.,Bull. Soc. Bot. France 71(5-6): 630. 1924 [18 Sep 1924] ,Bull. Soc. Bot. France,1924,71(5-6): 630,578-2,NA,Dusén,s.n.,NA,Brazil (Southern America),Rio de J.,77101622-1,18 Sep 1924,NA,www.ipni.org/n/77101622-1,IPNI
Sida luetzelburgii,Malvaceae,Sida,luetzelburgii,Ulbr.,tax_nov,spec.,Notizbl. Bot. Gart. Berlin-Dahlem 9: 41. 1924 ,Notizbl. Bot. Gart. Berlin-Dahlem,1924,9: 41,1019-2,NA,NA,NA,NA,Brazil (Southern America),NA,235727-2,NA,NA,www.ipni.org/n/235727-2,IPNI
Sida martiusiana,Malvaceae,Sida,martiusiana,Gand.,tax_nov,spec.,Bull. Soc. Bot. France 71(5-6): 632. 1924 [18 Sep 1924] ,Bull. Soc. Bot. France,1924,71(5-6): 632,578-2,NA,Novaes,s.n.,NA,Brazil (Southern America),S.Paulo,77101661-1,18 Sep 1924,NA,www.ipni.org/n/77101661-1,IPNI
Sida paeoniiflora,Malvaceae,Sida,paeoniiflora,Hook.,tax_nov,spec.,Bot. Mag. 71: t. 4170. 1845 [1 Jul 1845] ,Bot. Mag.,1845,71: t. 4170,864-2,NA,NA,NA,NA,Brazil (Southern America),NA,323557-2,1 Jul 1845,As S. paeoniaeflora,www.ipni.org/n/323557-2,IPNI
Sida piauhyensis,Malvaceae,Sida,piauhyensis,Ulbr.,tax_nov,spec.,Bot. Jahrb. Syst. 42(2-3): 226. 1908 [29 Dec 1908] ,Bot. Jahrb. Syst.,1908,42(2-3): 226,553-2,NA,NA,NA,NA,Brazil (Southern America),NA,235774-2,29 Dec 1908,NA,www.ipni.org/n/235774-2,IPNI
Sida selloi,Malvaceae,Sida,selloi,Gand.,tax_nov,spec.,Bull. Soc. Bot. France 71(5-6): 633. 1924 [18 Sep 1924] ,Bull. Soc. Bot. France,1924,71(5-6): 633,578-2,NA,Sello,s.n.,NA,Brazil (Southern America),Brasilia,77101685-1,18 Sep 1924,NA,www.ipni.org/n/77101685-1,IPNI
Sida sellowiana,Malvaceae,Sida,sellowiana,Klotzsch,tax_nov,spec.,Allg. Gartenzeitung (Otto & Dietrich) 4: 9. 1836 ,Allg. Gartenzeitung (Otto & Dietrich),1836,4: 9,1411-2,NA,NA,NA,NA,Brazil (Southern America),NA,235833-2,NA,NA,www.ipni.org/n/235833-2,IPNI
Sida speciosa,Malvaceae,Sida,speciosa,Willd. ex Spreng.,tax_nov,spec.,"Syst. Veg., ed. 16 [Sprengel] 3: 119. 1826 [Jan-Mar 1826] ","Syst. Veg., ed. 16 [Sprengel]",1826,3: 119,14620-2,NA,NA,NA,NA,Brazil (Southern America),NA,323598-2,Jan-Mar 1826,NA,www.ipni.org/n/323598-2,IPNI
Sida stolonifera,Malvaceae,Sida,stolonifera,Salzm. ex Turcz.,tax_nov,spec.,Bull. Soc. Imp. Naturalistes Moscou 31: 199. 1858 ,Bull. Soc. Imp. Naturalistes Moscou,1858,31: 199,880-2,NA,NA,NA,NA,"Bahia (Brazil, Southern America)",NA,313680-2,NA,"[Gandhi; Fuertes, Fl. Colombia (1983+) 17: 27. 1995]",www.ipni.org/n/313680-2,IPNI
Sida urosepala,Malvaceae,Sida,urosepala,R.E.Fr.,tax_nov,spec.,"Kungl. Svenska Vetenskapsakad. Handl. 24(2): 13, t. 1, f. 7, 8 & t. 4, f. 1. 1947 ",Kungl. Svenska Vetenskapsakad. Handl.,1947,"24(2): 13, t. 1, f. 7, 8 & t. 4, f. 1",20010248-1,NA,NA,NA,NA,"Sao Paulo (Brazil, Southern America)",NA,235872-2,NA,NA,www.ipni.org/n/235872-2,IPNI
Sida urticifolia,Malvaceae,Sida,urticifolia,A.St.-Hil.,tax_nov,spec.,Fl. Bras. Merid. (A. St.-Hil.). 1: 189. 1829 ,Fl. Bras. Merid. (A. St.-Hil.).,1829,1: 189,8262-2,NA,NA,NA,NA,Brazil (Southern America),NA,296021-2,NA,NA,www.ipni.org/n/296021-2,IPNI
Sida viscidula,Malvaceae,Sida,viscidula,Klotzsch,tax_nov,spec.,Linnaea 14(3): 301. 1840 [Oct-early Nov 1840] ,Linnaea,1840,14(3): 301,703-2,lectotype BR;isolectotype P,[Luschnath],10,Jul 1835,"Bahia (Brazil Northeast, Brazil, Southern America)","Campos, Crus de Casma",564366-1,Oct-early Nov 1840,NA,www.ipni.org/n/564366-1,IPNI
Urena pedersenii,Malvaceae,Urena,pedersenii,Krapov.,tax_nov,spec.,Bonplandia (Corrientes) 21(2): 193. 2012 [Dec 2012] ,Bonplandia (Corrientes),2012,21(2): 193,13502-2,holotype SPF;isotype CTES,"J.Paula-Souza, M.S.Ferrucci &amp; J.G.Rando",8773,3 Oct 2007,"Goiás (Brazil West-Central, Brazil, Southern America)","Mun. Cristalina. Estrada para Unaí, ca. 600 m da BR 040, 1230 m",77147474-1,Dec 2012,Named for Dr. Troels Myndel Pedersen.,www.ipni.org/n/77147474-1,IPNI
Ayenia implicabilis,Malvaceae,Ayenia,implicabilis,(Cristóbal) Christenh. & Byng,NA,Species,Global Fl. 4: 136 (2018),NA,2018,NA,NA,NA,NA,NA,NA,NA,NA,77183613-1,NA,NA,https://powo.science.kew.org/taxon/77183613-1,POWO
Ayenia melastomifolia,Malvaceae,Ayenia,melastomifolia,(A.St.-Hil.) Christenh. & Byng,NA,Species,Global Fl. 4: 137 (2018),NA,2018,NA,NA,NA,NA,NA,NA,NA,NA,77183865-1,NA,NA,https://powo.science.kew.org/taxon/77183865-1,POWO
Helicteres urupaensis,Malvaceae,Helicteres,urupaensis,Leane,NA,Species,"Bol. Mus. Nac. Rio de Janeiro, Bot. 55: 1 (1979)",NA,1979,NA,NA,NA,NA,NA,NA,NA,NA,119574-2,NA,NA,https://powo.science.kew.org/taxon/119574-2,POWO
Abutilon benedictum,Malvaceae,Abutilon,benedictum,Bunbury,NA,Species,Proc. Linn. Soc. London 1: 109 (1841),NA,1841,NA,NA,NA,NA,NA,NA,NA,NA,558118-1,NA,NA,https://powo.science.kew.org/taxon/558118-1,POWO
Callianthe mourae,Malvaceae,Callianthe,mourae,(K.Schum.) Donnell,NA,Species,Syst. Bot. 37: 719 (2012),NA,2012,NA,NA,NA,NA,NA,NA,NA,NA,77130210-1,NA,NA,https://powo.science.kew.org/taxon/77130210-1,POWO
Callianthe regnellii,Malvaceae,Callianthe,regnellii,(Miq.) Donnell,NA,Species,Syst. Bot. 37: 720 (2012),NA,2012,NA,NA,NA,NA,NA,NA,NA,NA,77130217-1,NA,NA,https://powo.science.kew.org/taxon/77130217-1,POWO
Eriotheca platyandra,Malvaceae,Eriotheca,platyandra,A.Robyns,NA,Species,Bull. Jard. Bot. État Bruxelles 33: 158 (1963),NA,1963,NA,NA,NA,NA,NA,NA,NA,NA,95983-2,NA,NA,https://powo.science.kew.org/taxon/95983-2,POWO
Pavonia glaziovii,Malvaceae,Pavonia,glaziovii,(Ulbr.) Fryxell,NA,Species,Fl. Neotrop. Monogr. 76: 71 (1999),NA,1999,NA,NA,NA,NA,NA,NA,NA,NA,1010440-1,NA,NA,https://powo.science.kew.org/taxon/1010440-1,POWO
Pavonia velvetiana,Malvaceae,Pavonia,velvetiana,Krapov.,NA,Species,Bonplandia (Corrientes) 19: 42 (2010),NA,2010,NA,NA,NA,NA,NA,NA,NA,NA,77108649-1,NA,NA,https://powo.science.kew.org/taxon/77108649-1,POWO
Waltheria belizensis,Malvaceae,Waltheria,belizensis,J.G.Saunders,NA,Species,Novon 17: 79 (2007),NA,2007,NA,NA,NA,NA,NA,NA,NA,NA,60445912-2,NA,NA,https://powo.science.kew.org/taxon/60445912-2,POWO
Scleronema spruceanum,Malvaceae,Scleronema,spruceanum,Benth.,NA,Species,"J. Proc. Linn. Soc., Bot. 6: 109 (1862)",NA,1862,NA,NA,NA,NA,NA,NA,NA,NA,230852-2,NA,NA,https://powo.science.kew.org/taxon/230852-2,POWO
Triumfetta decaglandulata,Malvaceae,Triumfetta,decaglandulata,"J.M.Cardoso, A.Gil & A.J.Fernandes-Jr.",NA,Species,Phytotaxa 545: 288 (2022),NA,2022,NA,NA,NA,NA,NA,NA,NA,NA,77297816-1,NA,NA,https://powo.science.kew.org/taxon/77297816-1,POWO
Ayenia krapovickasii,Malvaceae,Ayenia,krapovickasii,Cristóbal,NA,Species,Lilloana 4: 169 (1960),NA,1960,NA,NA,NA,NA,NA,NA,NA,NA,27539-2,NA,NA,https://powo.science.kew.org/taxon/27539-2,POWO
Callianthe megapotamica,Malvaceae,Callianthe,megapotamica,(A.Spreng.) Dorr,NA,Species,Monogr. Syst. Bot. Missouri Bot. Gard. 127: 1271 (2014),NA,2014,NA,NA,NA,NA,NA,NA,NA,NA,77146519-1,NA,NA,https://powo.science.kew.org/taxon/77146519-1,POWO
Sterculia guapayensis,Malvaceae,Sterculia,guapayensis,Cuatrec.,NA,Species,Revista Acad. Colomb. Ci. Exact. 8: 484 (1952),NA,1952,NA,NA,NA,NA,NA,NA,NA,NA,245163-2,NA,NA,https://powo.science.kew.org/taxon/245163-2,POWO
Theobroma sinuosum,Malvaceae,Theobroma,sinuosum,Pav. ex Huber,NA,Species,"Bull. Herb. Boissier, sér. 2, 6: 274 (1906)",NA,1906,NA,NA,NA,NA,NA,NA,NA,NA,252471-2,NA,NA,https://powo.science.kew.org/taxon/252471-2,POWO
Callianthe torrendii,Malvaceae,Callianthe,torrendii,(Monteiro) Donnell,NA,Species,Syst. Bot. 37: 720 (2012),NA,2012,NA,NA,NA,NA,NA,NA,NA,NA,77130225-1,NA,NA,https://powo.science.kew.org/taxon/77130225-1,POWO
Melochia longidentata,Malvaceae,Melochia,longidentata,Goldberg,NA,Species,Phytologia 43: 287 (1979),NA,1979,NA,NA,NA,NA,NA,NA,NA,NA,156986-2,NA,NA,https://powo.science.kew.org/taxon/156986-2,POWO
Peltaea parviflora,Malvaceae,Peltaea,parviflora,(Turcz.) Fryxell & Krapov.,NA,Species,Contr. Univ. Michigan Herb. 17: 179 (1990),NA,1990,NA,NA,NA,NA,NA,NA,NA,NA,282282-2,NA,NA,https://powo.science.kew.org/taxon/282282-2,POWO
Waltheria scabra,Malvaceae,Waltheria,scabra,(Colla) P.L.R.Moraes & Guglielmone,NA,Species,Harvard Pap. Bot. 18: 32 (2013),NA,2013,NA,NA,NA,NA,NA,NA,NA,NA,60461733-2,NA,NA,https://powo.science.kew.org/taxon/60461733-2,POWO
Sterculia multiovula,Malvaceae,Sterculia,multiovula,E.L.Taylor ex Mondragón,NA,Species,Bol. Centro Invest. Biol. Univ. Zulia 40: 169 (2006),NA,2006,NA,NA,NA,NA,NA,NA,NA,NA,3299554-4,NA,NA,https://powo.science.kew.org/taxon/3299554-4,POWO
Lueheopsis althaeiflora,Malvaceae,Lueheopsis,althaeiflora,(Spruce ex Benth.) Burret,NA,Species,Notizbl. Bot. Gart. Berlin-Dahlem 9: 837 (1926),NA,1926,NA,NA,NA,NA,NA,NA,NA,NA,144477-2,NA,NA,https://powo.science.kew.org/taxon/144477-2,POWO
Ayenia campicola,Malvaceae,Ayenia,campicola,(Taub.) ined.,NA,Species,Skvortsovia,NA,NA,NA,NA,NA,NA,NA,NA,NA,NA,77217326-1,NA,NA,https://powo.science.kew.org/taxon/77217326-1,POWO
Sida brittonii,Malvaceae,Sida,brittonii,León,NA,Species,Torreya 19: 172 (1919),NA,1919,NA,NA,NA,NA,NA,NA,NA,NA,235564-2,NA,NA,https://powo.science.kew.org/taxon/235564-2,POWO
Pavonia psilophylla,Malvaceae,Pavonia,psilophylla,Ekman,NA,Species,Ark. Bot. 9(4): 30 (1910),NA,1910,NA,NA,NA,NA,NA,NA,NA,NA,186012-2,NA,NA,https://powo.science.kew.org/taxon/186012-2,POWO
Sterculia kayae,Malvaceae,Sterculia,kayae,P.E.Berry,NA,Species,"J.A.Steyermark & al. (eds.), Fl. Venez. Guayana 9: 266 (2005)",NA,2005,NA,NA,NA,NA,NA,NA,NA,NA,60441753-2,NA,NA,https://powo.science.kew.org/taxon/60441753-2,POWO
Bakeridesia esculenta,Malvaceae,Bakeridesia,esculenta,(A.St.-Hil.) Monteiro,NA,Species,Anais Soc. Bot. Brasil 23: 127 (1972 publ. 1973),NA,1973,NA,NA,NA,NA,NA,NA,NA,NA,1094116-2,NA,NA,https://powo.science.kew.org/taxon/1094116-2,POWO
Pavonia bullulata,Malvaceae,Pavonia,bullulata,Hochr.,NA,Species,"Bull. Herb. Boissier, sér. 2, 5: 299 (1905)",NA,1905,NA,NA,NA,NA,NA,NA,NA,NA,185829-2,NA,NA,https://powo.science.kew.org/taxon/185829-2,POWO
Pavonia cryptica,Malvaceae,Pavonia,cryptica,Krapov. & Cristóbal,NA,Species,Lilloa 31: 41 (1962),NA,1962,NA,NA,NA,NA,NA,NA,NA,NA,185852-2,NA,NA,https://powo.science.kew.org/taxon/185852-2,POWO
Pavonia glutinosa,Malvaceae,Pavonia,glutinosa,Krapov. & Cristóbal,NA,Species,Lilloa 31: 36 (1962),NA,1962,NA,NA,NA,NA,NA,NA,NA,NA,185880-2,NA,NA,https://powo.science.kew.org/taxon/185880-2,POWO
Triumfetta guaranitica,Malvaceae,Triumfetta,guaranitica,Villa,NA,Species,Lilloa 30: 131 (1960),NA,1960,NA,NA,NA,NA,NA,NA,NA,NA,259796-2,NA,NA,https://powo.science.kew.org/taxon/259796-2,POWO
Pavonia xanthogloea,Malvaceae,Pavonia,xanthogloea,Ekman,NA,Species,Ark. Bot. 9(4): 27 (1909),NA,1909,NA,NA,NA,NA,NA,NA,NA,NA,186119-2,NA,NA,https://powo.science.kew.org/taxon/186119-2,POWO
Pavonia betonicifolia,Malvaceae,Pavonia,betonicifolia,C.Presl,NA,Species,Reliq. Haenk. 2: 128 (1835),NA,1835,NA,NA,NA,NA,NA,NA,NA,NA,562774-1,NA,NA,https://powo.science.kew.org/taxon/562774-1,POWO
Callianthe picta,Malvaceae,Callianthe,picta,(Gillies ex Hook. & Arn.) Donnell,NA,Species,Syst. Bot. 37: 720 (2012),NA,2012,NA,NA,NA,NA,NA,NA,NA,NA,77130215-1,NA,NA,https://powo.science.kew.org/taxon/77130215-1,POWO
Abutilon densiflorum,Malvaceae,Abutilon,densiflorum,(Hook. & Arn.) Walp.,NA,Species,Repert. Bot. Syst. 1: 324 (1842),NA,1842,NA,NA,NA,NA,NA,NA,NA,NA,1213075-2,NA,NA,https://powo.science.kew.org/taxon/1213075-2,POWO
Theobroma guianense,Malvaceae,Theobroma,guianense,(Aubl.) J.F.Gmel.,NA,Species,"Syst. Nat., ed. 13[bis].: 1151 (1791)",NA,1791,NA,NA,NA,NA,NA,NA,NA,NA,2519961-4,NA,NA,https://powo.science.kew.org/taxon/2519961-4,POWO
Wissadula caribaea,Malvaceae,Wissadula,caribaea,(DC.) Bovini,NA,Species,Acta Bot. Brasil. 24: 439 (2010),NA,2010,NA,NA,NA,NA,NA,NA,NA,NA,60458120-2,NA,NA,https://powo.science.kew.org/taxon/60458120-2,POWO
Hochreutinera hassleriana,Malvaceae,Hochreutinera,hassleriana,(Hochr.) Krapov.,NA,Species,Darwiniana 16: 227 (1970),NA,1970,NA,NA,NA,NA,NA,NA,NA,NA,123210-2,NA,NA,https://powo.science.kew.org/taxon/123210-2,POWO
Hibiscus acetosella,Malvaceae,Hibiscus,acetosella,Welw. ex Hiern,NA,Species,Cat. Afr. Pl. 1: 73 (1896),NA,1896,NA,NA,NA,NA,NA,NA,NA,NA,559896-1,NA,NA,https://powo.science.kew.org/taxon/559896-1,POWO
Sida angustifolia,Malvaceae,Sida,angustifolia,Mill.,NA,Species,"Gard. Dict., ed. 8.: n.° 3 (1768)",NA,1768,NA,NA,NA,NA,NA,NA,NA,NA,563422-1,NA,NA,https://powo.science.kew.org/taxon/563422-1,POWO
Guazuma invira,Malvaceae,Guazuma,invira,(Willd.) G.Don,NA,Species,Gen. Hist. 1: 523 (1831),NA,1831,NA,NA,NA,NA,NA,NA,NA,NA,823387-1,NA,NA,https://powo.science.kew.org/taxon/823387-1,POWO
Abutilon bivalve,Malvaceae,Abutilon,bivalve,(Cav.) Dorr,NA,Species,Monogr. Syst. Bot. Missouri Bot. Gard. 127: 1271 (2014),NA,2014,NA,NA,NA,NA,NA,NA,NA,NA,77146517-1,NA,NA,https://powo.science.kew.org/taxon/77146517-1,POWO
Sida abutilifolia,Malvaceae,Sida,abutilifolia,Mill.,NA,Species,"Gard. Dict., ed. 8.: n.° 12 (1768)",NA,1768,NA,NA,NA,NA,NA,NA,NA,NA,563387-1,NA,NA,https://powo.science.kew.org/taxon/563387-1,POWO
Hibiscus radiatus,Malvaceae,Hibiscus,radiatus,Cav.,NA,Species,Diss. 3: 150 (1787),NA,1787,NA,NA,NA,NA,NA,NA,NA,NA,560723-1,NA,NA,https://powo.science.kew.org/taxon/560723-1,POWO
Hibiscus schizopetalus,Malvaceae,Hibiscus,schizopetalus,(Mast.) Hook.f.,NA,Species,Bot. Mag. 106: t. 6524 (1880),NA,1880,NA,NA,NA,NA,NA,NA,NA,NA,560792-1,NA,NA,https://powo.science.kew.org/taxon/560792-1,POWO
Malachra capitata,Malvaceae,Malachra,capitata,(L.) L.,NA,Species,"Syst. Nat., ed. 12. 2: 458 (1767)",NA,1767,NA,NA,NA,NA,NA,NA,NA,NA,561424-1,NA,NA,https://powo.science.kew.org/taxon/561424-1,POWO
Hibiscus cannabinus,Malvaceae,Hibiscus,cannabinus,L.,NA,Species,"Syst. Nat., ed. 10. 2: 1149 (1759)",NA,1759,NA,NA,NA,NA,NA,NA,NA,NA,560068-1,NA,NA,https://powo.science.kew.org/taxon/560068-1,POWO
Thespesia populnea,Malvaceae,Thespesia,populnea,(L.) Sol. ex Corrêa,NA,Species,Ann. Mus. Hist. Nat. 9: 290 (1807),NA,1807,NA,NA,NA,NA,NA,NA,NA,NA,564713-1,NA,NA,https://powo.science.kew.org/taxon/564713-1,POWO
